{
 "kind": "customsearch#search",
 "url": {
  "type": "application/json",
  "template": "https://www.googleapis.com/customsearch/v1?q={searchTerms}&num={count?}&start={startIndex?}&lr={language?}&safe={safe?}&cx={cx?}&sort={sort?}&filter={filter?}&gl={gl?}&cr={cr?}&googlehost={googleHost?}&c2coff={disableCnTwTranslation?}&hq={hq?}&hl={hl?}&siteSearch={siteSearch?}&siteSearchFilter={siteSearchFilter?}&exactTerms={exactTerms?}&excludeTerms={excludeTerms?}&linkSite={linkSite?}&orTerms={orTerms?}&relatedSite={relatedSite?}&dateRestrict={dateRestrict?}&lowRange={lowRange?}&highRange={highRange?}&searchType={searchType}&fileType={fileType?}&rights={rights?}&imgSize={imgSize?}&imgType={imgType?}&imgColorType={imgColorType?}&imgDominantColor={imgDominantColor?}&alt=json"
 },
 "queries": {
  "request": [
   {
    "title": "Google Custom Search - \"ADERSON ANTONIO TEIXEIRA\"",
    "totalResults": "79",
    "searchTerms": "\"ADERSON ANTONIO TEIXEIRA\"",
    "count": 10,
    "startIndex": 1,
    "inputEncoding": "utf8",
    "outputEncoding": "utf8",
    "safe": "off",
    "cx": "014097292584411445814:sh5uhwve2ei",
    "searchType": "image"
   }
  ],
  "nextPage": [
   {
    "title": "Google Custom Search - \"ADERSON ANTONIO TEIXEIRA\"",
    "totalResults": "79",
    "searchTerms": "\"ADERSON ANTONIO TEIXEIRA\"",
    "count": 10,
    "startIndex": 11,
    "inputEncoding": "utf8",
    "outputEncoding": "utf8",
    "safe": "off",
    "cx": "014097292584411445814:sh5uhwve2ei",
    "searchType": "image"
   }
  ]
 },
 "context": {
  "title": "Eleitos"
 },
 "searchInformation": {
  "searchTime": 0.128541,
  "formattedSearchTime": "0.13",
  "totalResults": "79",
  "formattedTotalResults": "79"
 },
 "spelling": {
  "correctedQuery": "\"ANDERSON ANTONIO TEIXEIRA\"",
  "htmlCorrectedQuery": "&quot;\u003cb\u003e\u003ci\u003eANDERSON\u003c/i\u003e\u003c/b\u003e ANTONIO TEIXEIRA&quot;"
 },
 "items": [
  {
   "kind": "customsearch#result",
   "title": "Aderson da Modelle 14800 PTB (Vereador) Águas Lindas de Goiás ...",
   "htmlTitle": "Aderson da Modelle 14800 PTB (Vereador) Águas Lindas de Goiás ...",
   "link": "https://gazetadopovo-candidatos-2016.s3.amazonaws.com/fotos/santinhos/go/aguas-lindas-de-goias/santinho-vereador-aderson-da-modelle-14800-aguas-lindas-de-goias-go.jpg",
   "displayLink": "especiais.gazetadopovo.com.br",
   "snippet": "Aderson da Modelle 14800 PTB (Vereador) Águas Lindas de Goiás ...",
   "htmlSnippet": "Aderson da Modelle 14800 PTB (Vereador) Águas Lindas de Goiás ...",
   "mime": "image/jpeg",
   "image": {
    "contextLink": "https://especiais.gazetadopovo.com.br/eleicoes/2016/aguas-lindas-de-goias-go/vereador/aderson-da-modelle-14800/",
    "height": 339,
    "width": 646,
    "byteSize": 20326,
    "thumbnailLink": "https://encrypted-tbn0.gstatic.com/images?q=tbn:ANd9GcQIDWJc83l3aIT96wqDOARz68rYOU6FiXB1XCfNpJm4YuTihuhRN_KJ86AV",
    "thumbnailHeight": 72,
    "thumbnailWidth": 137
   }
  },
  {
   "kind": "customsearch#result",
   "title": "Aderson da Modelle 14800 PTB (Vereador) Águas Lindas de Goiás ...",
   "htmlTitle": "Aderson da Modelle 14800 PTB (Vereador) Águas Lindas de Goiás ...",
   "link": "https://gazetadopovo-candidatos-2016.s3.amazonaws.com/fotos/go/aguas-lindas-de-goias/aderson-da-modelle-14800.jpg",
   "displayLink": "especiais.gazetadopovo.com.br",
   "snippet": "Aderson da Modelle 14800 PTB (Vereador) Águas Lindas de Goiás ...",
   "htmlSnippet": "Aderson da Modelle 14800 PTB (Vereador) Águas Lindas de Goiás ...",
   "mime": "image/jpeg",
   "image": {
    "contextLink": "https://especiais.gazetadopovo.com.br/eleicoes/2016/aguas-lindas-de-goias-go/vereador/aderson-da-modelle-14800/",
    "height": 225,
    "width": 161,
    "byteSize": 5034,
    "thumbnailLink": "https://encrypted-tbn0.gstatic.com/images?q=tbn:ANd9GcTBVGSR5SHPHxtEaXjwX__RSc3vZIEdr8DIzuU-RyB3hIX6C5o_0h-c2Q",
    "thumbnailHeight": 108,
    "thumbnailWidth": 77
   }
  },
  {
   "kind": "customsearch#result",
   "title": "Aderson da Modelle 14800 PTB (Vereador) Águas Lindas de Goiás ...",
   "htmlTitle": "Aderson da Modelle 14800 PTB (Vereador) Águas Lindas de Goiás ...",
   "link": "https://gazetadopovo-candidatos-2016.s3.amazonaws.com/fotos/go/aguas-lindas-de-goias/vicente-manoel-14014.jpg",
   "displayLink": "especiais.gazetadopovo.com.br",
   "snippet": "Aderson da Modelle 14800 PTB (Vereador) Águas Lindas de Goiás ...",
   "htmlSnippet": "Aderson da Modelle 14800 PTB (Vereador) Águas Lindas de Goiás ...",
   "mime": "image/jpeg",
   "image": {
    "contextLink": "https://especiais.gazetadopovo.com.br/eleicoes/2016/aguas-lindas-de-goias-go/vereador/aderson-da-modelle-14800/",
    "height": 225,
    "width": 161,
    "byteSize": 4308,
    "thumbnailLink": "https://encrypted-tbn0.gstatic.com/images?q=tbn:ANd9GcRIsOZrbvKHNCRLwyBVrbWhVxTCJqXfglWtjfZ48tn2faIWShEg-PjO6w",
    "thumbnailHeight": 108,
    "thumbnailWidth": 77
   }
  },
  {
   "kind": "customsearch#result",
   "title": "Aderson da Modelle 14800 PTB (Vereador) Águas Lindas de Goiás ...",
   "htmlTitle": "Aderson da Modelle 14800 PTB (Vereador) Águas Lindas de Goiás ...",
   "link": "https://gazetadopovo-candidatos-2016.s3.amazonaws.com/fotos/go/aguas-lindas-de-goias/romario-santos-14011.jpg",
   "displayLink": "especiais.gazetadopovo.com.br",
   "snippet": "Aderson da Modelle 14800 PTB (Vereador) Águas Lindas de Goiás ...",
   "htmlSnippet": "Aderson da Modelle 14800 PTB (Vereador) Águas Lindas de Goiás ...",
   "mime": "image/jpeg",
   "image": {
    "contextLink": "https://especiais.gazetadopovo.com.br/eleicoes/2016/aguas-lindas-de-goias-go/vereador/aderson-da-modelle-14800/",
    "height": 225,
    "width": 161,
    "byteSize": 6774,
    "thumbnailLink": "https://encrypted-tbn0.gstatic.com/images?q=tbn:ANd9GcSu-Tcudc_OOeuo9q5vkDU3V8PvDyMBJFaYVau1YyUFjLxLv9ytcHRzeA",
    "thumbnailHeight": 108,
    "thumbnailWidth": 77
   }
  },
  {
   "kind": "customsearch#result",
   "title": "Aderson da Modelle 14800 PTB (Vereador) Águas Lindas de Goiás ...",
   "htmlTitle": "Aderson da Modelle 14800 PTB (Vereador) Águas Lindas de Goiás ...",
   "link": "https://gazetadopovo-candidatos-2016.s3.amazonaws.com/fotos/go/aguas-lindas-de-goias/carlinhos-supermais-14433.jpg",
   "displayLink": "especiais.gazetadopovo.com.br",
   "snippet": "Aderson da Modelle 14800 PTB (Vereador) Águas Lindas de Goiás ...",
   "htmlSnippet": "Aderson da Modelle 14800 PTB (Vereador) Águas Lindas de Goiás ...",
   "mime": "image/jpeg",
   "image": {
    "contextLink": "https://especiais.gazetadopovo.com.br/eleicoes/2016/aguas-lindas-de-goias-go/vereador/aderson-da-modelle-14800/",
    "height": 225,
    "width": 161,
    "byteSize": 4845,
    "thumbnailLink": "https://encrypted-tbn0.gstatic.com/images?q=tbn:ANd9GcQdsBpdpJzaCVTCTdy9LHu9ymh6UKw2lzDNO94WMxbOgnizFh4VXV7bj7s",
    "thumbnailHeight": 108,
    "thumbnailWidth": 77
   }
  },
  {
   "kind": "customsearch#result",
   "title": "Aderson da Modelle 14800 PTB (Vereador) Águas Lindas de Goiás ...",
   "htmlTitle": "Aderson da Modelle 14800 PTB (Vereador) Águas Lindas de Goiás ...",
   "link": "https://gazetadopovo-candidatos-2016.s3.amazonaws.com/fotos/go/aguas-lindas-de-goias/professor-amilton-14444.jpg",
   "displayLink": "especiais.gazetadopovo.com.br",
   "snippet": "Aderson da Modelle 14800 PTB (Vereador) Águas Lindas de Goiás ...",
   "htmlSnippet": "Aderson da Modelle 14800 PTB (Vereador) Águas Lindas de Goiás ...",
   "mime": "image/jpeg",
   "image": {
    "contextLink": "https://especiais.gazetadopovo.com.br/eleicoes/2016/aguas-lindas-de-goias-go/vereador/aderson-da-modelle-14800/",
    "height": 225,
    "width": 161,
    "byteSize": 4783,
    "thumbnailLink": "https://encrypted-tbn0.gstatic.com/images?q=tbn:ANd9GcRvVcAgYlR0_2SyryM9GDR852F1ZEMOj_P9-WAqnJ8-ZdjyXVlL860-Aw",
    "thumbnailHeight": 108,
    "thumbnailWidth": 77
   }
  },
  {
   "kind": "customsearch#result",
   "title": "Aderson da Modelle 14800 PTB (Vereador) Águas Lindas de Goiás ...",
   "htmlTitle": "Aderson da Modelle 14800 PTB (Vereador) Águas Lindas de Goiás ...",
   "link": "https://gazetadopovo-candidatos-2016.s3.amazonaws.com/fotos/go/aguas-lindas-de-goias/angela-ribeiro-betel-14214.jpg",
   "displayLink": "especiais.gazetadopovo.com.br",
   "snippet": "Aderson da Modelle 14800 PTB (Vereador) Águas Lindas de Goiás ...",
   "htmlSnippet": "Aderson da Modelle 14800 PTB (Vereador) Águas Lindas de Goiás ...",
   "mime": "image/jpeg",
   "image": {
    "contextLink": "https://especiais.gazetadopovo.com.br/eleicoes/2016/aguas-lindas-de-goias-go/vereador/aderson-da-modelle-14800/",
    "height": 225,
    "width": 161,
    "byteSize": 5451,
    "thumbnailLink": "https://encrypted-tbn0.gstatic.com/images?q=tbn:ANd9GcRj66ZG8E656_ttru3bN352zg2Uefy61JSj9G2Hn6LIc_9-JAOfdetS9A",
    "thumbnailHeight": 108,
    "thumbnailWidth": 77
   }
  },
  {
   "kind": "customsearch#result",
   "title": "Aderson da Modelle 14800 PTB (Vereador) Águas Lindas de Goiás ...",
   "htmlTitle": "Aderson da Modelle 14800 PTB (Vereador) Águas Lindas de Goiás ...",
   "link": "https://gazetadopovo-candidatos-2016.s3.amazonaws.com/fotos/go/aguas-lindas-de-goias/jonatan-da-cootraap-14000.jpg",
   "displayLink": "especiais.gazetadopovo.com.br",
   "snippet": "Aderson da Modelle 14800 PTB (Vereador) Águas Lindas de Goiás ...",
   "htmlSnippet": "Aderson da Modelle 14800 PTB (Vereador) Águas Lindas de Goiás ...",
   "mime": "image/jpeg",
   "image": {
    "contextLink": "https://especiais.gazetadopovo.com.br/eleicoes/2016/aguas-lindas-de-goias-go/vereador/aderson-da-modelle-14800/",
    "height": 225,
    "width": 161,
    "byteSize": 5338,
    "thumbnailLink": "https://encrypted-tbn0.gstatic.com/images?q=tbn:ANd9GcQIU7epbdnk261v9XiKTYIn9DtvexZTKGsnAU6_Kll6D8mQLUnrVFxtYcs",
    "thumbnailHeight": 108,
    "thumbnailWidth": 77
   }
  },
  {
   "kind": "customsearch#result",
   "title": "Aderson da Modelle 14800 PTB (Vereador) Águas Lindas de Goiás ...",
   "htmlTitle": "Aderson da Modelle 14800 PTB (Vereador) Águas Lindas de Goiás ...",
   "link": "https://gazetadopovo-candidatos-2016.s3.amazonaws.com/fotos/go/aguas-lindas-de-goias/jorginho-14234.jpg",
   "displayLink": "especiais.gazetadopovo.com.br",
   "snippet": "Aderson da Modelle 14800 PTB (Vereador) Águas Lindas de Goiás ...",
   "htmlSnippet": "Aderson da Modelle 14800 PTB (Vereador) Águas Lindas de Goiás ...",
   "mime": "image/jpeg",
   "image": {
    "contextLink": "https://especiais.gazetadopovo.com.br/eleicoes/2016/aguas-lindas-de-goias-go/vereador/aderson-da-modelle-14800/",
    "height": 225,
    "width": 161,
    "byteSize": 4762,
    "thumbnailLink": "https://encrypted-tbn0.gstatic.com/images?q=tbn:ANd9GcQDDPJZxo8IZM9b4gB6Tts_4fmTkQlvZtVgAu8mkpa-1p8IYmOL7QXLKQ",
    "thumbnailHeight": 108,
    "thumbnailWidth": 77
   }
  },
  {
   "kind": "customsearch#result",
   "title": "Aderson da Modelle 14800 PTB (Vereador) Águas Lindas de Goiás ...",
   "htmlTitle": "Aderson da Modelle 14800 PTB (Vereador) Águas Lindas de Goiás ...",
   "link": "https://gazetadopovo-candidatos-2016.s3.amazonaws.com/fotos/go/aguas-lindas-de-goias/manoel-neto-14166.jpg",
   "displayLink": "especiais.gazetadopovo.com.br",
   "snippet": "Aderson da Modelle 14800 PTB (Vereador) Águas Lindas de Goiás ...",
   "htmlSnippet": "Aderson da Modelle 14800 PTB (Vereador) Águas Lindas de Goiás ...",
   "mime": "image/jpeg",
   "image": {
    "contextLink": "https://especiais.gazetadopovo.com.br/eleicoes/2016/aguas-lindas-de-goias-go/vereador/aderson-da-modelle-14800/",
    "height": 225,
    "width": 161,
    "byteSize": 4885,
    "thumbnailLink": "https://encrypted-tbn0.gstatic.com/images?q=tbn:ANd9GcQsaq6TV_a497BSeJJ7-JX6W-25PD6Y5FKm-j-vmRFD4CgfV4AguVv1u3U",
    "thumbnailHeight": 108,
    "thumbnailWidth": 77
   }
  }
 ]
}
