{
 "kind": "customsearch#search",
 "url": {
  "type": "application/json",
  "template": "https://www.googleapis.com/customsearch/v1?q={searchTerms}&num={count?}&start={startIndex?}&lr={language?}&safe={safe?}&cx={cx?}&sort={sort?}&filter={filter?}&gl={gl?}&cr={cr?}&googlehost={googleHost?}&c2coff={disableCnTwTranslation?}&hq={hq?}&hl={hl?}&siteSearch={siteSearch?}&siteSearchFilter={siteSearchFilter?}&exactTerms={exactTerms?}&excludeTerms={excludeTerms?}&linkSite={linkSite?}&orTerms={orTerms?}&relatedSite={relatedSite?}&dateRestrict={dateRestrict?}&lowRange={lowRange?}&highRange={highRange?}&searchType={searchType}&fileType={fileType?}&rights={rights?}&imgSize={imgSize?}&imgType={imgType?}&imgColorType={imgColorType?}&imgDominantColor={imgDominantColor?}&alt=json"
 },
 "queries": {
  "request": [
   {
    "title": "Google Custom Search - \"ALLYSSON SILVA LIMA\"",
    "totalResults": "6340",
    "searchTerms": "\"ALLYSSON SILVA LIMA\"",
    "count": 10,
    "startIndex": 1,
    "inputEncoding": "utf8",
    "outputEncoding": "utf8",
    "safe": "off",
    "cx": "014097292584411445814:sh5uhwve2ei",
    "searchType": "image"
   }
  ],
  "nextPage": [
   {
    "title": "Google Custom Search - \"ALLYSSON SILVA LIMA\"",
    "totalResults": "6340",
    "searchTerms": "\"ALLYSSON SILVA LIMA\"",
    "count": 10,
    "startIndex": 11,
    "inputEncoding": "utf8",
    "outputEncoding": "utf8",
    "safe": "off",
    "cx": "014097292584411445814:sh5uhwve2ei",
    "searchType": "image"
   }
  ]
 },
 "context": {
  "title": "Eleitos"
 },
 "searchInformation": {
  "searchTime": 0.354729,
  "formattedSearchTime": "0.35",
  "totalResults": "6340",
  "formattedTotalResults": "6,340"
 },
 "spelling": {
  "correctedQuery": "\"ALLYSON SILVA LIMA\"",
  "htmlCorrectedQuery": "&quot;\u003cb\u003e\u003ci\u003eALLYSON\u003c/i\u003e\u003c/b\u003e SILVA LIMA&quot;"
 },
 "items": [
  {
   "kind": "customsearch#result",
   "title": "Prefeito - Prefeitura Municipal de Alexania",
   "htmlTitle": "Prefeito - Prefeitura Municipal de Alexania",
   "link": "http://www.alexania.go.gov.br/images/equipe/prefeito.jpg",
   "displayLink": "www.alexania.go.gov.br",
   "snippet": "Prefeito - Prefeitura Municipal de Alexania",
   "htmlSnippet": "Prefeito - Prefeitura Municipal de Alexania",
   "mime": "image/jpeg",
   "image": {
    "contextLink": "http://www.alexania.go.gov.br/prefeitura/gabinete/prefeito",
    "height": 2482,
    "width": 2482,
    "byteSize": 375649,
    "thumbnailLink": "https://encrypted-tbn0.gstatic.com/images?q=tbn:ANd9GcRzk1u_1Pf1dg9EJkClWMOweqZKL7yZ1-OPlXNLtBZzlFvEejjOSgNN9Rgq",
    "thumbnailHeight": 150,
    "thumbnailWidth": 150
   }
  },
  {
   "kind": "customsearch#result",
   "title": "Allysson Silva Lima - Home | Facebook",
   "htmlTitle": "\u003cb\u003eAllysson Silva Lima\u003c/b\u003e - Home | Facebook",
   "link": "https://lookaside.fbsbx.com/lookaside/crawler/media/?media_id=154172238350309",
   "displayLink": "www.facebook.com",
   "snippet": "Allysson Silva Lima - Home | Facebook",
   "htmlSnippet": "\u003cb\u003eAllysson Silva Lima\u003c/b\u003e - Home | Facebook",
   "mime": "image/",
   "image": {
    "contextLink": "https://www.facebook.com/DrAllysson23/",
    "height": 725,
    "width": 725,
    "byteSize": 50541,
    "thumbnailLink": "https://encrypted-tbn0.gstatic.com/images?q=tbn:ANd9GcQZCII2IuFZSnUmJEMzFfEYXdI8MEpS80OsgXKsuX0ByDwnFMzxDSIP7DfO",
    "thumbnailHeight": 140,
    "thumbnailWidth": 140
   }
  },
  {
   "kind": "customsearch#result",
   "title": "Ex-prefeitos - Prefeitura Municipal de Alexania",
   "htmlTitle": "Ex-prefeitos - Prefeitura Municipal de Alexania",
   "link": "https://www.alexania.go.gov.br/images/ex_prefeitos/17_allysson_silva_lima.jpg",
   "displayLink": "www.alexania.go.gov.br",
   "snippet": "Ex-prefeitos - Prefeitura Municipal de Alexania",
   "htmlSnippet": "Ex-prefeitos - Prefeitura Municipal de Alexania",
   "mime": "image/jpeg",
   "image": {
    "contextLink": "https://www.alexania.go.gov.br/municipio/ex-prefeitos",
    "height": 1067,
    "width": 800,
    "byteSize": 70934,
    "thumbnailLink": "https://encrypted-tbn0.gstatic.com/images?q=tbn:ANd9GcTuyTIIRrT-RzW2VzE_L0ZwBfsWoMrlQT3vez3-aHGy561F7P6JmaHWRKhI",
    "thumbnailHeight": 150,
    "thumbnailWidth": 112
   }
  },
  {
   "kind": "customsearch#result",
   "title": "Allysson Silva Lima - Home | Facebook",
   "htmlTitle": "\u003cb\u003eAllysson Silva Lima\u003c/b\u003e - Home | Facebook",
   "link": "https://lookaside.fbsbx.com/lookaside/crawler/media/?media_id=479590925808437",
   "displayLink": "www.facebook.com",
   "snippet": "Allysson Silva Lima - Home | Facebook",
   "htmlSnippet": "\u003cb\u003eAllysson Silva Lima\u003c/b\u003e - Home | Facebook",
   "mime": "image/",
   "image": {
    "contextLink": "https://www.facebook.com/DrAllysson23/",
    "height": 853,
    "width": 853,
    "byteSize": 41046,
    "thumbnailLink": "https://encrypted-tbn0.gstatic.com/images?q=tbn:ANd9GcRoHcwDWj6TeIbu0Xli5-_jAjXHldU2vzMVTZwJ-8cIbTQxC6Mv3gdQyZs7SA",
    "thumbnailHeight": 145,
    "thumbnailWidth": 145
   }
  },
  {
   "kind": "customsearch#result",
   "title": "Pronunciamento do Prefeito Allysson Silva Lima - Prefeitura ...",
   "htmlTitle": "Pronunciamento do Prefeito \u003cb\u003eAllysson Silva Lima\u003c/b\u003e - Prefeitura ...",
   "link": "https://i.ytimg.com/vi/iJVJb1HMSy0/maxresdefault.jpg",
   "displayLink": "www.alexania.go.gov.br",
   "snippet": "Pronunciamento do Prefeito Allysson Silva Lima - Prefeitura ...",
   "htmlSnippet": "Pronunciamento do Prefeito \u003cb\u003eAllysson Silva Lima\u003c/b\u003e - Prefeitura ...",
   "mime": "image/jpeg",
   "image": {
    "contextLink": "https://www.alexania.go.gov.br/noticias/videos/1303-pronunciamento-do-prefeito-allysson-silva-lima",
    "height": 720,
    "width": 1280,
    "byteSize": 75464,
    "thumbnailLink": "https://encrypted-tbn0.gstatic.com/images?q=tbn:ANd9GcQt8xJeqx79AVn-JXHKpMgl9vKeZXJWnv5tJRIErWNi1occpVPY-az5KUE0",
    "thumbnailHeight": 84,
    "thumbnailWidth": 150
   }
  },
  {
   "kind": "customsearch#result",
   "title": "Allysson Silva Lima II - Home | Facebook",
   "htmlTitle": "\u003cb\u003eAllysson Silva Lima\u003c/b\u003e II - Home | Facebook",
   "link": "https://lookaside.fbsbx.com/lookaside/crawler/media/?media_id=161973047701703",
   "displayLink": "www.facebook.com",
   "snippet": "Allysson Silva Lima II - Home | Facebook",
   "htmlSnippet": "\u003cb\u003eAllysson Silva Lima\u003c/b\u003e II - Home | Facebook",
   "mime": "image/",
   "image": {
    "contextLink": "https://www.facebook.com/dr.allyssonsilvalima/",
    "height": 712,
    "width": 712,
    "byteSize": 33588,
    "thumbnailLink": "https://encrypted-tbn0.gstatic.com/images?q=tbn:ANd9GcQtO895X-VgLQn-fdZW-fCU791M5yza3MTt4Dc3S7BQhqZcf7X595_3LOGD",
    "thumbnailHeight": 140,
    "thumbnailWidth": 140
   }
  },
  {
   "kind": "customsearch#result",
   "title": "Pronunciamento do Prefeito Allysson Silva Lima - Prefeitura ...",
   "htmlTitle": "Pronunciamento do Prefeito \u003cb\u003eAllysson Silva Lima\u003c/b\u003e - Prefeitura ...",
   "link": "https://i.ytimg.com/vi/iJVJb1HMSy0/hqdefault.jpg",
   "displayLink": "www.alexania.go.gov.br",
   "snippet": "Pronunciamento do Prefeito Allysson Silva Lima - Prefeitura ...",
   "htmlSnippet": "Pronunciamento do Prefeito \u003cb\u003eAllysson Silva Lima\u003c/b\u003e - Prefeitura ...",
   "mime": "image/jpeg",
   "image": {
    "contextLink": "https://www.alexania.go.gov.br/noticias/videos/1303-pronunciamento-do-prefeito-allysson-silva-lima",
    "height": 360,
    "width": 480,
    "byteSize": 9167,
    "thumbnailLink": "https://encrypted-tbn0.gstatic.com/images?q=tbn:ANd9GcTtADcyJUSx6-uXRHq_twX39JOCVY2xQtj4X27VKALeqF8UCP1g8yRRfVZy",
    "thumbnailHeight": 97,
    "thumbnailWidth": 129
   }
  },
  {
   "kind": "customsearch#result",
   "title": "Allysson Silva Lima - Home | Facebook",
   "htmlTitle": "\u003cb\u003eAllysson Silva Lima\u003c/b\u003e - Home | Facebook",
   "link": "https://lookaside.fbsbx.com/lookaside/crawler/media/?media_id=613541252413403",
   "displayLink": "business.facebook.com",
   "snippet": "Allysson Silva Lima - Home | Facebook",
   "htmlSnippet": "\u003cb\u003eAllysson Silva Lima\u003c/b\u003e - Home | Facebook",
   "mime": "image/",
   "image": {
    "contextLink": "https://business.facebook.com/DrAllysson23/",
    "height": 720,
    "width": 960,
    "byteSize": 56902,
    "thumbnailLink": "https://encrypted-tbn0.gstatic.com/images?q=tbn:ANd9GcSNwi3iTv4WoXveO7QnK_0iFeflXRni5r9O77C5jUE4372XxyaZ0QmT0KqM",
    "thumbnailHeight": 111,
    "thumbnailWidth": 148
   }
  },
  {
   "kind": "customsearch#result",
   "title": "Câmara Municipal de Alexânia-GO",
   "htmlTitle": "Câmara Municipal de Alexânia-GO",
   "link": "https://www.camaraalexania.go.gov.br/portalImages?id=1664",
   "displayLink": "www.camaraalexania.go.gov.br",
   "snippet": "Câmara Municipal de Alexânia-GO",
   "htmlSnippet": "Câmara Municipal de Alexânia-GO",
   "mime": "image/",
   "image": {
    "contextLink": "https://www.camaraalexania.go.gov.br/paginas/portal/noticia?id=182",
    "height": 774,
    "width": 1032,
    "byteSize": 76824,
    "thumbnailLink": "https://encrypted-tbn0.gstatic.com/images?q=tbn:ANd9GcQC3kbIrXIERMWOoCJ-34ln3hpn9WOR-f7sjiKS3OcUEC6p8y327VGPmUBw",
    "thumbnailHeight": 113,
    "thumbnailWidth": 150
   }
  },
  {
   "kind": "customsearch#result",
   "title": "Allysson Silva Lima II - Публикации | Facebook",
   "htmlTitle": "\u003cb\u003eAllysson Silva Lima\u003c/b\u003e II - Публикации | Facebook",
   "link": "https://lookaside.fbsbx.com/lookaside/crawler/media/?media_id=161973087701699",
   "displayLink": "bg-bg.facebook.com",
   "snippet": "Allysson Silva Lima II - Публикации | Facebook",
   "htmlSnippet": "\u003cb\u003eAllysson Silva Lima\u003c/b\u003e II - Публикации | Facebook",
   "mime": "image/",
   "image": {
    "contextLink": "https://bg-bg.facebook.com/pages/category/Politician/dr.allyssonsilvalima/posts/",
    "height": 648,
    "width": 960,
    "byteSize": 53035,
    "thumbnailLink": "https://encrypted-tbn0.gstatic.com/images?q=tbn:ANd9GcR_hJbrKRQ-554BxraUgNUuqxwEtM1Jb3dPulq6lbciIh7EUVy7jozfS98",
    "thumbnailHeight": 100,
    "thumbnailWidth": 148
   }
  }
 ]
}
