{
 "kind": "customsearch#search",
 "url": {
  "type": "application/json",
  "template": "https://www.googleapis.com/customsearch/v1?q={searchTerms}&num={count?}&start={startIndex?}&lr={language?}&safe={safe?}&cx={cx?}&sort={sort?}&filter={filter?}&gl={gl?}&cr={cr?}&googlehost={googleHost?}&c2coff={disableCnTwTranslation?}&hq={hq?}&hl={hl?}&siteSearch={siteSearch?}&siteSearchFilter={siteSearchFilter?}&exactTerms={exactTerms?}&excludeTerms={excludeTerms?}&linkSite={linkSite?}&orTerms={orTerms?}&relatedSite={relatedSite?}&dateRestrict={dateRestrict?}&lowRange={lowRange?}&highRange={highRange?}&searchType={searchType}&fileType={fileType?}&rights={rights?}&imgSize={imgSize?}&imgType={imgType?}&imgColorType={imgColorType?}&imgDominantColor={imgDominantColor?}&alt=json"
 },
 "queries": {
  "request": [
   {
    "title": "Google Custom Search - \"ALUISIO MORAES DOS REIS\"",
    "totalResults": "9",
    "searchTerms": "\"ALUISIO MORAES DOS REIS\"",
    "count": 9,
    "startIndex": 1,
    "inputEncoding": "utf8",
    "outputEncoding": "utf8",
    "safe": "off",
    "cx": "014097292584411445814:sh5uhwve2ei",
    "searchType": "image"
   }
  ]
 },
 "context": {
  "title": "Eleitos"
 },
 "searchInformation": {
  "searchTime": 0.099871,
  "formattedSearchTime": "0.10",
  "totalResults": "9",
  "formattedTotalResults": "9"
 },
 "items": [
  {
   "kind": "customsearch#result",
   "title": "Aluisio da Artec 20123 PSC (Vereador) Águas Lindas de Goiás - Guia ...",
   "htmlTitle": "Aluisio da Artec 20123 PSC (Vereador) Águas Lindas de Goiás - Guia ...",
   "link": "https://gazetadopovo-candidatos-2016.s3.amazonaws.com/fotos/santinhos/go/aguas-lindas-de-goias/santinho-vereador-aluisio-da-artec-20123-aguas-lindas-de-goias-go.jpg",
   "displayLink": "especiais.gazetadopovo.com.br",
   "snippet": "Aluisio da Artec 20123 PSC (Vereador) Águas Lindas de Goiás - Guia ...",
   "htmlSnippet": "Aluisio da Artec 20123 PSC (Vereador) Águas Lindas de Goiás - Guia ...",
   "mime": "image/jpeg",
   "image": {
    "contextLink": "https://especiais.gazetadopovo.com.br/eleicoes/2016/aguas-lindas-de-goias-go/vereador/aluisio-da-artec-20123/",
    "height": 339,
    "width": 646,
    "byteSize": 19692,
    "thumbnailLink": "https://encrypted-tbn0.gstatic.com/images?q=tbn:ANd9GcSM55gtX83_EBEf_BBYs0a8nKfGtiBqFwB-YDtV1JMhLe5xj6grRitILjP2",
    "thumbnailHeight": 72,
    "thumbnailWidth": 137
   }
  },
  {
   "kind": "customsearch#result",
   "title": "Amor Por Águas Lindas - Publicações | Facebook",
   "htmlTitle": "Amor Por Águas Lindas - Publicações | Facebook",
   "link": "https://lookaside.fbsbx.com/lookaside/crawler/media/?media_id=877549225698373",
   "displayLink": "pt-br.facebook.com",
   "snippet": "Amor Por Águas Lindas - Publicações | Facebook",
   "htmlSnippet": "Amor Por Águas Lindas - Publicações | Facebook",
   "mime": "image/",
   "image": {
    "contextLink": "https://pt-br.facebook.com/Amor-Por-%C3%81guas-Lindas-877549225698373/posts/",
    "height": 959,
    "width": 960,
    "byteSize": 253347,
    "thumbnailLink": "https://encrypted-tbn0.gstatic.com/images?q=tbn:ANd9GcSFiHMIHijlcbFHXwfdSfjzqsb6ISEtIepH63NEy5PRHxVcQ3Xb1OH2w8B2bw",
    "thumbnailHeight": 148,
    "thumbnailWidth": 148
   }
  },
  {
   "kind": "customsearch#result",
   "title": "Aluisio da Artec 20123 PSC (Vereador) Águas Lindas de Goiás - Guia ...",
   "htmlTitle": "Aluisio da Artec 20123 PSC (Vereador) Águas Lindas de Goiás - Guia ...",
   "link": "https://gazetadopovo-candidatos-2016.s3.amazonaws.com/fotos/go/aguas-lindas-de-goias/aluisio-da-artec-20123.jpg",
   "displayLink": "especiais.gazetadopovo.com.br",
   "snippet": "Aluisio da Artec 20123 PSC (Vereador) Águas Lindas de Goiás - Guia ...",
   "htmlSnippet": "Aluisio da Artec 20123 PSC (Vereador) Águas Lindas de Goiás - Guia ...",
   "mime": "image/jpeg",
   "image": {
    "contextLink": "https://especiais.gazetadopovo.com.br/eleicoes/2016/aguas-lindas-de-goias-go/vereador/aluisio-da-artec-20123/",
    "height": 225,
    "width": 161,
    "byteSize": 5434,
    "thumbnailLink": "https://encrypted-tbn0.gstatic.com/images?q=tbn:ANd9GcTJHij_lNKjKmcPFinxlCClpoRLNvj0FKaex1RlbfsqaNdpX6N1PQ9Y0g",
    "thumbnailHeight": 108,
    "thumbnailWidth": 77
   }
  },
  {
   "kind": "customsearch#result",
   "title": "Amor Por Águas Lindas - Publicações | Facebook",
   "htmlTitle": "Amor Por Águas Lindas - Publicações | Facebook",
   "link": "https://lookaside.fbsbx.com/lookaside/crawler/media/?media_id=1923454987774453",
   "displayLink": "pt-br.facebook.com",
   "snippet": "Amor Por Águas Lindas - Publicações | Facebook",
   "htmlSnippet": "Amor Por Águas Lindas - Publicações | Facebook",
   "mime": "image/",
   "image": {
    "contextLink": "https://pt-br.facebook.com/Amor-Por-%C3%81guas-Lindas-877549225698373/posts/",
    "height": 480,
    "width": 480,
    "byteSize": 43832,
    "thumbnailLink": "https://encrypted-tbn0.gstatic.com/images?q=tbn:ANd9GcQeGqqNYWNrjEMGqd33Qr8bESPiC1n98_yUoHYORn6aN1oYeGAou1gC1ZmCbw",
    "thumbnailHeight": 129,
    "thumbnailWidth": 129
   }
  },
  {
   "kind": "customsearch#result",
   "title": "Aluisio da Artec 20123 PSC (Vereador) Águas Lindas de Goiás - Guia ...",
   "htmlTitle": "Aluisio da Artec 20123 PSC (Vereador) Águas Lindas de Goiás - Guia ...",
   "link": "https://gazetadopovo-candidatos-2016.s3.amazonaws.com/fotos/go/aguas-lindas-de-goias/zezito-moura-20610.jpg",
   "displayLink": "especiais.gazetadopovo.com.br",
   "snippet": "Aluisio da Artec 20123 PSC (Vereador) Águas Lindas de Goiás - Guia ...",
   "htmlSnippet": "Aluisio da Artec 20123 PSC (Vereador) Águas Lindas de Goiás - Guia ...",
   "mime": "image/jpeg",
   "image": {
    "contextLink": "https://especiais.gazetadopovo.com.br/eleicoes/2016/aguas-lindas-de-goias-go/vereador/aluisio-da-artec-20123/",
    "height": 225,
    "width": 161,
    "byteSize": 4850,
    "thumbnailLink": "https://encrypted-tbn0.gstatic.com/images?q=tbn:ANd9GcSc_hd-ntg8OiB2soak1OQ90RldjY4Ta3XkWkt3f5L9qt2FNeOhw3cdWUE",
    "thumbnailHeight": 108,
    "thumbnailWidth": 77
   }
  },
  {
   "kind": "customsearch#result",
   "title": "Aluisio da Artec 20123 PSC (Vereador) Águas Lindas de Goiás - Guia ...",
   "htmlTitle": "Aluisio da Artec 20123 PSC (Vereador) Águas Lindas de Goiás - Guia ...",
   "link": "https://gazetadopovo-candidatos-2016.s3.amazonaws.com/fotos/go/aguas-lindas-de-goias/iracildes-lopes-20444.jpg",
   "displayLink": "especiais.gazetadopovo.com.br",
   "snippet": "Aluisio da Artec 20123 PSC (Vereador) Águas Lindas de Goiás - Guia ...",
   "htmlSnippet": "Aluisio da Artec 20123 PSC (Vereador) Águas Lindas de Goiás - Guia ...",
   "mime": "image/jpeg",
   "image": {
    "contextLink": "https://especiais.gazetadopovo.com.br/eleicoes/2016/aguas-lindas-de-goias-go/vereador/aluisio-da-artec-20123/",
    "height": 225,
    "width": 161,
    "byteSize": 7495,
    "thumbnailLink": "https://encrypted-tbn0.gstatic.com/images?q=tbn:ANd9GcSUvTTankHq3n4Nw3f9uG9LQ2uaBh3Pg4paw-Of7z7ri-tvyf2O7xCtYA",
    "thumbnailHeight": 108,
    "thumbnailWidth": 77
   }
  },
  {
   "kind": "customsearch#result",
   "title": "Aluisio da Artec 20123 PSC (Vereador) Águas Lindas de Goiás - Guia ...",
   "htmlTitle": "Aluisio da Artec 20123 PSC (Vereador) Águas Lindas de Goiás - Guia ...",
   "link": "https://gazetadopovo-candidatos-2016.s3.amazonaws.com/fotos/go/aguas-lindas-de-goias/socorro-de-aguas-bonita-20224.jpg",
   "displayLink": "especiais.gazetadopovo.com.br",
   "snippet": "Aluisio da Artec 20123 PSC (Vereador) Águas Lindas de Goiás - Guia ...",
   "htmlSnippet": "Aluisio da Artec 20123 PSC (Vereador) Águas Lindas de Goiás - Guia ...",
   "mime": "image/jpeg",
   "image": {
    "contextLink": "https://especiais.gazetadopovo.com.br/eleicoes/2016/aguas-lindas-de-goias-go/vereador/aluisio-da-artec-20123/",
    "height": 225,
    "width": 161,
    "byteSize": 5954,
    "thumbnailLink": "https://encrypted-tbn0.gstatic.com/images?q=tbn:ANd9GcRer24bU2nUV3ppdYFIpi27ykee6Qe5jmzqHy3DLDDvM_fdLzdjp2Hm8MU",
    "thumbnailHeight": 108,
    "thumbnailWidth": 77
   }
  },
  {
   "kind": "customsearch#result",
   "title": "Aluisio da Artec 20123 PSC (Vereador) Águas Lindas de Goiás - Guia ...",
   "htmlTitle": "Aluisio da Artec 20123 PSC (Vereador) Águas Lindas de Goiás - Guia ...",
   "link": "https://gazetadopovo-candidatos-2016.s3.amazonaws.com/fotos/go/aguas-lindas-de-goias/nunes-20777.jpg",
   "displayLink": "especiais.gazetadopovo.com.br",
   "snippet": "Aluisio da Artec 20123 PSC (Vereador) Águas Lindas de Goiás - Guia ...",
   "htmlSnippet": "Aluisio da Artec 20123 PSC (Vereador) Águas Lindas de Goiás - Guia ...",
   "mime": "image/jpeg",
   "image": {
    "contextLink": "https://especiais.gazetadopovo.com.br/eleicoes/2016/aguas-lindas-de-goias-go/vereador/aluisio-da-artec-20123/",
    "height": 225,
    "width": 161,
    "byteSize": 4969,
    "thumbnailLink": "https://encrypted-tbn0.gstatic.com/images?q=tbn:ANd9GcRUwHt-w6eDg-2yMx0RLV0LPOpEIl-jPyd3EgQKmTeUEOcQfH83CBTfXlw",
    "thumbnailHeight": 108,
    "thumbnailWidth": 77
   }
  },
  {
   "kind": "customsearch#result",
   "title": "Aluisio da Artec 20123 PSC (Vereador) Águas Lindas de Goiás - Guia ...",
   "htmlTitle": "Aluisio da Artec 20123 PSC (Vereador) Águas Lindas de Goiás - Guia ...",
   "link": "https://gazetadopovo-candidatos-2016.s3.amazonaws.com/fotos/go/aguas-lindas-de-goias/socorro-do-5-20456.jpg",
   "displayLink": "especiais.gazetadopovo.com.br",
   "snippet": "Aluisio da Artec 20123 PSC (Vereador) Águas Lindas de Goiás - Guia ...",
   "htmlSnippet": "Aluisio da Artec 20123 PSC (Vereador) Águas Lindas de Goiás - Guia ...",
   "mime": "image/jpeg",
   "image": {
    "contextLink": "https://especiais.gazetadopovo.com.br/eleicoes/2016/aguas-lindas-de-goias-go/vereador/aluisio-da-artec-20123/",
    "height": 225,
    "width": 161,
    "byteSize": 5538,
    "thumbnailLink": "https://encrypted-tbn0.gstatic.com/images?q=tbn:ANd9GcQtHtfeb9R-gtxJOoN2yw5LK4rSvQf1z3fKKWTHfT6PrNq0YUTGeiO3ngo",
    "thumbnailHeight": 108,
    "thumbnailWidth": 77
   }
  }
 ]
}
