{
 "kind": "customsearch#search",
 "url": {
  "type": "application/json",
  "template": "https://www.googleapis.com/customsearch/v1?q={searchTerms}&num={count?}&start={startIndex?}&lr={language?}&safe={safe?}&cx={cx?}&sort={sort?}&filter={filter?}&gl={gl?}&cr={cr?}&googlehost={googleHost?}&c2coff={disableCnTwTranslation?}&hq={hq?}&hl={hl?}&siteSearch={siteSearch?}&siteSearchFilter={siteSearchFilter?}&exactTerms={exactTerms?}&excludeTerms={excludeTerms?}&linkSite={linkSite?}&orTerms={orTerms?}&relatedSite={relatedSite?}&dateRestrict={dateRestrict?}&lowRange={lowRange?}&highRange={highRange?}&searchType={searchType}&fileType={fileType?}&rights={rights?}&imgSize={imgSize?}&imgType={imgType?}&imgColorType={imgColorType?}&imgDominantColor={imgDominantColor?}&alt=json"
 },
 "queries": {
  "request": [
   {
    "title": "Google Custom Search - \"ALZERY ALMEIDA E SILVA\"",
    "totalResults": "3",
    "searchTerms": "\"ALZERY ALMEIDA E SILVA\"",
    "count": 3,
    "startIndex": 1,
    "inputEncoding": "utf8",
    "outputEncoding": "utf8",
    "safe": "off",
    "cx": "014097292584411445814:sh5uhwve2ei",
    "searchType": "image"
   }
  ]
 },
 "context": {
  "title": "Eleitos"
 },
 "searchInformation": {
  "searchTime": 0.122646,
  "formattedSearchTime": "0.12",
  "totalResults": "3",
  "formattedTotalResults": "3"
 },
 "items": [
  {
   "kind": "customsearch#result",
   "title": "Alzery 36789 PTC (Vereador) Adelândia - Guia Eleições 2016",
   "htmlTitle": "Alzery 36789 PTC (Vereador) Adelândia - Guia Eleições 2016",
   "link": "https://gazetadopovo-candidatos-2016.s3.amazonaws.com/fotos/santinhos/go/adelandia/santinho-vereador-alzery-36789-adelandia-go.jpg",
   "displayLink": "especiais.gazetadopovo.com.br",
   "snippet": "Alzery 36789 PTC (Vereador) Adelândia - Guia Eleições 2016",
   "htmlSnippet": "Alzery 36789 PTC (Vereador) Adelândia - Guia Eleições 2016",
   "mime": "image/jpeg",
   "image": {
    "contextLink": "https://especiais.gazetadopovo.com.br/eleicoes/2016/adelandia-go/vereador/alzery-36789/",
    "height": 339,
    "width": 646,
    "byteSize": 18565,
    "thumbnailLink": "https://encrypted-tbn0.gstatic.com/images?q=tbn:ANd9GcT-LEhncrueZ64OkdW3lf2hJRZWs09OGOVbBTLbdX9SNs9fBVVfHZZH7MNs",
    "thumbnailHeight": 72,
    "thumbnailWidth": 137
   }
  },
  {
   "kind": "customsearch#result",
   "title": "Alzery 36789 PTC (Vereador) Adelândia - Guia Eleições 2016",
   "htmlTitle": "Alzery 36789 PTC (Vereador) Adelândia - Guia Eleições 2016",
   "link": "https://gazetadopovo-candidatos-2016.s3.amazonaws.com/fotos/go/adelandia/alzery-36789.jpg",
   "displayLink": "especiais.gazetadopovo.com.br",
   "snippet": "Alzery 36789 PTC (Vereador) Adelândia - Guia Eleições 2016",
   "htmlSnippet": "Alzery 36789 PTC (Vereador) Adelândia - Guia Eleições 2016",
   "mime": "image/jpeg",
   "image": {
    "contextLink": "https://especiais.gazetadopovo.com.br/eleicoes/2016/adelandia-go/vereador/alzery-36789/",
    "height": 225,
    "width": 161,
    "byteSize": 5278,
    "thumbnailLink": "https://encrypted-tbn0.gstatic.com/images?q=tbn:ANd9GcS_nMvhK-RNiTLBrRM_u9Ngf2CmYVmhUknh03pRBsKToNjL-_xYcVNBzZA",
    "thumbnailHeight": 108,
    "thumbnailWidth": 77
   }
  },
  {
   "kind": "customsearch#result",
   "title": "Alzery 36789 PTC (Vereador) Adelândia - Guia Eleições 2016",
   "htmlTitle": "Alzery 36789 PTC (Vereador) Adelândia - Guia Eleições 2016",
   "link": "https://gazetadopovo-candidatos-2016.s3.amazonaws.com/fotos/go/adelandia/joao-carlos-barra-36543.jpg",
   "displayLink": "especiais.gazetadopovo.com.br",
   "snippet": "Alzery 36789 PTC (Vereador) Adelândia - Guia Eleições 2016",
   "htmlSnippet": "Alzery 36789 PTC (Vereador) Adelândia - Guia Eleições 2016",
   "mime": "image/jpeg",
   "image": {
    "contextLink": "https://especiais.gazetadopovo.com.br/eleicoes/2016/adelandia-go/vereador/alzery-36789/",
    "height": 225,
    "width": 161,
    "byteSize": 4471,
    "thumbnailLink": "https://encrypted-tbn0.gstatic.com/images?q=tbn:ANd9GcSrMgC2Qp1vvykliincrO6E8tZ3rhQnwB9zauP6-G4lSaetQOVnke-_jjg",
    "thumbnailHeight": 108,
    "thumbnailWidth": 77
   }
  }
 ]
}
