{
 "kind": "customsearch#search",
 "url": {
  "type": "application/json",
  "template": "https://www.googleapis.com/customsearch/v1?q={searchTerms}&num={count?}&start={startIndex?}&lr={language?}&safe={safe?}&cx={cx?}&sort={sort?}&filter={filter?}&gl={gl?}&cr={cr?}&googlehost={googleHost?}&c2coff={disableCnTwTranslation?}&hq={hq?}&hl={hl?}&siteSearch={siteSearch?}&siteSearchFilter={siteSearchFilter?}&exactTerms={exactTerms?}&excludeTerms={excludeTerms?}&linkSite={linkSite?}&orTerms={orTerms?}&relatedSite={relatedSite?}&dateRestrict={dateRestrict?}&lowRange={lowRange?}&highRange={highRange?}&searchType={searchType}&fileType={fileType?}&rights={rights?}&imgSize={imgSize?}&imgType={imgType?}&imgColorType={imgColorType?}&imgDominantColor={imgDominantColor?}&alt=json"
 },
 "queries": {
  "request": [
   {
    "title": "Google Custom Search - \"ANDERSON TEODORO DA CUNHA\"",
    "totalResults": "194",
    "searchTerms": "\"ANDERSON TEODORO DA CUNHA\"",
    "count": 10,
    "startIndex": 1,
    "inputEncoding": "utf8",
    "outputEncoding": "utf8",
    "safe": "off",
    "cx": "014097292584411445814:sh5uhwve2ei",
    "searchType": "image"
   }
  ],
  "nextPage": [
   {
    "title": "Google Custom Search - \"ANDERSON TEODORO DA CUNHA\"",
    "totalResults": "194",
    "searchTerms": "\"ANDERSON TEODORO DA CUNHA\"",
    "count": 10,
    "startIndex": 11,
    "inputEncoding": "utf8",
    "outputEncoding": "utf8",
    "safe": "off",
    "cx": "014097292584411445814:sh5uhwve2ei",
    "searchType": "image"
   }
  ]
 },
 "context": {
  "title": "Eleitos"
 },
 "searchInformation": {
  "searchTime": 0.271517,
  "formattedSearchTime": "0.27",
  "totalResults": "194",
  "formattedTotalResults": "194"
 },
 "items": [
  {
   "kind": "customsearch#result",
   "title": "Anderson Teodoro 45789 PSDB (Vereador) Águas Lindas de Goiás ...",
   "htmlTitle": "Anderson Teodoro 45789 PSDB (Vereador) Águas Lindas de Goiás ...",
   "link": "https://gazetadopovo-candidatos-2016.s3.amazonaws.com/fotos/santinhos/go/aguas-lindas-de-goias/santinho-vereador-anderson-teodoro-45789-aguas-lindas-de-goias-go.jpg",
   "displayLink": "especiais.gazetadopovo.com.br",
   "snippet": "Anderson Teodoro 45789 PSDB (Vereador) Águas Lindas de Goiás ...",
   "htmlSnippet": "Anderson Teodoro 45789 PSDB (Vereador) Águas Lindas de Goiás ...",
   "mime": "image/jpeg",
   "image": {
    "contextLink": "https://especiais.gazetadopovo.com.br/eleicoes/2016/aguas-lindas-de-goias-go/vereador/anderson-teodoro-45789/",
    "height": 339,
    "width": 646,
    "byteSize": 20147,
    "thumbnailLink": "https://encrypted-tbn0.gstatic.com/images?q=tbn:ANd9GcQuzQRTenmAiT_W03jxYV53hai8TSsFP6vxWkvEd45gDRHU1m1s2p-k6DBP",
    "thumbnailHeight": 72,
    "thumbnailWidth": 137
   }
  },
  {
   "kind": "customsearch#result",
   "title": "Águas Lindas de Goiás | Prefeitura convida população para o Dia ...",
   "htmlTitle": "Águas Lindas de Goiás | Prefeitura convida população para o Dia ...",
   "link": "http://aguaslindasdegoias.go.gov.br/wp-content/uploads/2018/05/Convite_10x15cm_frente.jpg",
   "displayLink": "aguaslindasdegoias.go.gov.br",
   "snippet": "Águas Lindas de Goiás | Prefeitura convida população para o Dia ...",
   "htmlSnippet": "Águas Lindas de Goiás | Prefeitura convida população para o Dia ...",
   "mime": "image/jpeg",
   "image": {
    "contextLink": "http://aguaslindasdegoias.go.gov.br/2018/05/prefeitura-convida-populacao-para-o-dia-especial-da-agricultura-familiar/",
    "height": 666,
    "width": 1000,
    "byteSize": 328122,
    "thumbnailLink": "https://encrypted-tbn0.gstatic.com/images?q=tbn:ANd9GcTFZpNHMwUsSJAkRvLZ3gAegVckh_3ymqN2ZOS-cy2Oa5ClmOVsHvNjPE0M",
    "thumbnailHeight": 99,
    "thumbnailWidth": 149
   }
  },
  {
   "kind": "customsearch#result",
   "title": "Anderson Teodoro 45789 PSDB (Vereador) Águas Lindas de Goiás ...",
   "htmlTitle": "Anderson Teodoro 45789 PSDB (Vereador) Águas Lindas de Goiás ...",
   "link": "https://gazetadopovo-candidatos-2016.s3.amazonaws.com/fotos/go/aguas-lindas-de-goias/maria-da-feira-45100.jpg",
   "displayLink": "especiais.gazetadopovo.com.br",
   "snippet": "Anderson Teodoro 45789 PSDB (Vereador) Águas Lindas de Goiás ...",
   "htmlSnippet": "Anderson Teodoro 45789 PSDB (Vereador) Águas Lindas de Goiás ...",
   "mime": "image/jpeg",
   "image": {
    "contextLink": "https://especiais.gazetadopovo.com.br/eleicoes/2016/aguas-lindas-de-goias-go/vereador/anderson-teodoro-45789/",
    "height": 225,
    "width": 161,
    "byteSize": 6164,
    "thumbnailLink": "https://encrypted-tbn0.gstatic.com/images?q=tbn:ANd9GcSd59Jnltvsj-Aqv6u5ISMJ5_j3W-L-5d2lWbms2wcmV9RdjpE53n8MKZI",
    "thumbnailHeight": 108,
    "thumbnailWidth": 77
   }
  },
  {
   "kind": "customsearch#result",
   "title": "Amor Por Águas Lindas - Publicações | Facebook",
   "htmlTitle": "Amor Por Águas Lindas - Publicações | Facebook",
   "link": "https://lookaside.fbsbx.com/lookaside/crawler/media/?media_id=877549225698373",
   "displayLink": "pt-br.facebook.com",
   "snippet": "Amor Por Águas Lindas - Publicações | Facebook",
   "htmlSnippet": "Amor Por Águas Lindas - Publicações | Facebook",
   "mime": "image/",
   "image": {
    "contextLink": "https://pt-br.facebook.com/Amor-Por-%C3%81guas-Lindas-877549225698373/posts/",
    "height": 959,
    "width": 960,
    "byteSize": 253347,
    "thumbnailLink": "https://encrypted-tbn0.gstatic.com/images?q=tbn:ANd9GcSFiHMIHijlcbFHXwfdSfjzqsb6ISEtIepH63NEy5PRHxVcQ3Xb1OH2w8B2bw",
    "thumbnailHeight": 148,
    "thumbnailWidth": 148
   }
  },
  {
   "kind": "customsearch#result",
   "title": "Anderson Teodoro 45789 PSDB (Vereador) Águas Lindas de Goiás ...",
   "htmlTitle": "Anderson Teodoro 45789 PSDB (Vereador) Águas Lindas de Goiás ...",
   "link": "https://gazetadopovo-candidatos-2016.s3.amazonaws.com/fotos/go/aguas-lindas-de-goias/katatau-45678.jpg",
   "displayLink": "especiais.gazetadopovo.com.br",
   "snippet": "Anderson Teodoro 45789 PSDB (Vereador) Águas Lindas de Goiás ...",
   "htmlSnippet": "Anderson Teodoro 45789 PSDB (Vereador) Águas Lindas de Goiás ...",
   "mime": "image/jpeg",
   "image": {
    "contextLink": "https://especiais.gazetadopovo.com.br/eleicoes/2016/aguas-lindas-de-goias-go/vereador/anderson-teodoro-45789/",
    "height": 225,
    "width": 161,
    "byteSize": 4327,
    "thumbnailLink": "https://encrypted-tbn0.gstatic.com/images?q=tbn:ANd9GcR2hsiuvspj_IYigmokZllT2kNoJP7CT_5intU4K4bRti3Iicv6dmAKj8o",
    "thumbnailHeight": 108,
    "thumbnailWidth": 77
   }
  },
  {
   "kind": "customsearch#result",
   "title": "Amor Por Águas Lindas - Publicações | Facebook",
   "htmlTitle": "Amor Por Águas Lindas - Publicações | Facebook",
   "link": "https://lookaside.fbsbx.com/lookaside/crawler/media/?media_id=1923454987774453",
   "displayLink": "pt-br.facebook.com",
   "snippet": "Amor Por Águas Lindas - Publicações | Facebook",
   "htmlSnippet": "Amor Por Águas Lindas - Publicações | Facebook",
   "mime": "image/",
   "image": {
    "contextLink": "https://pt-br.facebook.com/Amor-Por-%C3%81guas-Lindas-877549225698373/posts/",
    "height": 480,
    "width": 480,
    "byteSize": 43832,
    "thumbnailLink": "https://encrypted-tbn0.gstatic.com/images?q=tbn:ANd9GcQeGqqNYWNrjEMGqd33Qr8bESPiC1n98_yUoHYORn6aN1oYeGAou1gC1ZmCbw",
    "thumbnailHeight": 129,
    "thumbnailWidth": 129
   }
  },
  {
   "kind": "customsearch#result",
   "title": "Anderson Teodoro 45789 PSDB (Vereador) Águas Lindas de Goiás ...",
   "htmlTitle": "Anderson Teodoro 45789 PSDB (Vereador) Águas Lindas de Goiás ...",
   "link": "https://gazetadopovo-candidatos-2016.s3.amazonaws.com/fotos/go/aguas-lindas-de-goias/nil-da-habitacao-45011.jpg",
   "displayLink": "especiais.gazetadopovo.com.br",
   "snippet": "Anderson Teodoro 45789 PSDB (Vereador) Águas Lindas de Goiás ...",
   "htmlSnippet": "Anderson Teodoro 45789 PSDB (Vereador) Águas Lindas de Goiás ...",
   "mime": "image/jpeg",
   "image": {
    "contextLink": "https://especiais.gazetadopovo.com.br/eleicoes/2016/aguas-lindas-de-goias-go/vereador/anderson-teodoro-45789/",
    "height": 225,
    "width": 161,
    "byteSize": 4649,
    "thumbnailLink": "https://encrypted-tbn0.gstatic.com/images?q=tbn:ANd9GcQ6ghyXEJswARNuabhV-nvthBK7WWEc7Nup6tFPoPodfieeRFqkSnplqg",
    "thumbnailHeight": 108,
    "thumbnailWidth": 77
   }
  },
  {
   "kind": "customsearch#result",
   "title": "Adesao Ipasgo Saude 31-12-2007",
   "htmlTitle": "Adesao Ipasgo Saude 31-12-2007",
   "link": "x-raw-image:///3002e09c05fbc1ee08f0d88e5722c32d7d770d05a6a65f04874fb4df87198fa1",
   "displayLink": "www.ipasgo.go.gov.br",
   "snippet": "Adesao Ipasgo Saude 31-12-2007",
   "htmlSnippet": "Adesao Ipasgo Saude 31-12-2007",
   "mime": "image/",
   "image": {
    "contextLink": "http://www.ipasgo.go.gov.br/documents/362113/365503/Adesao+Ipasgo+Saude+31-12-2007.pdf/071128f1-b30b-40a7-873a-92c233d61626",
    "height": 501,
    "width": 1024,
    "byteSize": 32514,
    "thumbnailLink": "https://encrypted-tbn0.gstatic.com/images?q=tbn:ANd9GcS9PLgslJqL3WKhhbVPObadrqIfjCZeDZCYHFfWYbHhoSaWWdZ4Jf0fXWPv",
    "thumbnailHeight": 73,
    "thumbnailWidth": 150
   }
  },
  {
   "kind": "customsearch#result",
   "title": "Anderson Teodoro 45789 PSDB (Vereador) Águas Lindas de Goiás ...",
   "htmlTitle": "Anderson Teodoro 45789 PSDB (Vereador) Águas Lindas de Goiás ...",
   "link": "https://gazetadopovo-candidatos-2016.s3.amazonaws.com/fotos/go/aguas-lindas-de-goias/tiririca-erivelton-45555.jpg",
   "displayLink": "especiais.gazetadopovo.com.br",
   "snippet": "Anderson Teodoro 45789 PSDB (Vereador) Águas Lindas de Goiás ...",
   "htmlSnippet": "Anderson Teodoro 45789 PSDB (Vereador) Águas Lindas de Goiás ...",
   "mime": "image/jpeg",
   "image": {
    "contextLink": "https://especiais.gazetadopovo.com.br/eleicoes/2016/aguas-lindas-de-goias-go/vereador/anderson-teodoro-45789/",
    "height": 225,
    "width": 161,
    "byteSize": 5130,
    "thumbnailLink": "https://encrypted-tbn0.gstatic.com/images?q=tbn:ANd9GcT6WAXeSC7dr3YvFNgyb0asx-mPPPytgweSvYpxRYLsyaDhFH2t9A9Dvuw",
    "thumbnailHeight": 108,
    "thumbnailWidth": 77
   }
  },
  {
   "kind": "customsearch#result",
   "title": "Adesao Ipasgo Saude 31-12-2007",
   "htmlTitle": "Adesao Ipasgo Saude 31-12-2007",
   "link": "x-raw-image:///3a607a0119c580db017b98b07918e0b7e20f179e6129a7d8ee440346840784e2",
   "displayLink": "www.ipasgo.go.gov.br",
   "snippet": "Adesao Ipasgo Saude 31-12-2007",
   "htmlSnippet": "Adesao Ipasgo Saude 31-12-2007",
   "mime": "image/",
   "image": {
    "contextLink": "http://www.ipasgo.go.gov.br/documents/362113/365503/Adesao+Ipasgo+Saude+31-12-2007.pdf/071128f1-b30b-40a7-873a-92c233d61626",
    "height": 501,
    "width": 1024,
    "byteSize": 19447,
    "thumbnailLink": "https://encrypted-tbn0.gstatic.com/images?q=tbn:ANd9GcSE3wM9ujr8yEPaTk9Gxtz_QeO7N3eklneL2c10AM6BTxH6e9WKsflBYcsv",
    "thumbnailHeight": 73,
    "thumbnailWidth": 150
   }
  }
 ]
}
