{
 "kind": "customsearch#search",
 "url": {
  "type": "application/json",
  "template": "https://www.googleapis.com/customsearch/v1?q={searchTerms}&num={count?}&start={startIndex?}&lr={language?}&safe={safe?}&cx={cx?}&sort={sort?}&filter={filter?}&gl={gl?}&cr={cr?}&googlehost={googleHost?}&c2coff={disableCnTwTranslation?}&hq={hq?}&hl={hl?}&siteSearch={siteSearch?}&siteSearchFilter={siteSearchFilter?}&exactTerms={exactTerms?}&excludeTerms={excludeTerms?}&linkSite={linkSite?}&orTerms={orTerms?}&relatedSite={relatedSite?}&dateRestrict={dateRestrict?}&lowRange={lowRange?}&highRange={highRange?}&searchType={searchType}&fileType={fileType?}&rights={rights?}&imgSize={imgSize?}&imgType={imgType?}&imgColorType={imgColorType?}&imgDominantColor={imgDominantColor?}&alt=json"
 },
 "queries": {
  "request": [
   {
    "title": "Google Custom Search - \"ANGELINA RODRIGUES PEREIRA\"",
    "totalResults": "1800",
    "searchTerms": "\"ANGELINA RODRIGUES PEREIRA\"",
    "count": 10,
    "startIndex": 1,
    "inputEncoding": "utf8",
    "outputEncoding": "utf8",
    "safe": "off",
    "cx": "014097292584411445814:sh5uhwve2ei",
    "searchType": "image"
   }
  ],
  "nextPage": [
   {
    "title": "Google Custom Search - \"ANGELINA RODRIGUES PEREIRA\"",
    "totalResults": "1800",
    "searchTerms": "\"ANGELINA RODRIGUES PEREIRA\"",
    "count": 10,
    "startIndex": 11,
    "inputEncoding": "utf8",
    "outputEncoding": "utf8",
    "safe": "off",
    "cx": "014097292584411445814:sh5uhwve2ei",
    "searchType": "image"
   }
  ]
 },
 "context": {
  "title": "Eleitos"
 },
 "searchInformation": {
  "searchTime": 0.323969,
  "formattedSearchTime": "0.32",
  "totalResults": "1800",
  "formattedTotalResults": "1,800"
 },
 "items": [
  {
   "kind": "customsearch#result",
   "title": "Untitled",
   "htmlTitle": "Untitled",
   "link": "x-raw-image:///54d60871a90491a2a6a9b19af0ca26e52e060874c0f21f8858673d4bcd9d44e9",
   "displayLink": "www.abadiania.go.leg.br",
   "snippet": "Untitled",
   "htmlSnippet": "Untitled",
   "mime": "image/",
   "image": {
    "contextLink": "http://www.abadiania.go.leg.br/transparencia/tranparencia-2017/balancete-financeiro-2017/julho/balancete-julho-2017-vol-unico/at_download/file",
    "height": 1140,
    "width": 816,
    "byteSize": 361599,
    "thumbnailLink": "https://encrypted-tbn0.gstatic.com/images?q=tbn:ANd9GcQ7_dyOOoYULF14AR_j0wRTshJWDkXt5JRXxXCHwtTM1WNINQcgX7VFEb_A",
    "thumbnailHeight": 150,
    "thumbnailWidth": 107
   }
  },
  {
   "kind": "customsearch#result",
   "title": "Angelina Enfermeira 43200 PV (Vereadora) Abadiânia - Guia Eleições ...",
   "htmlTitle": "Angelina Enfermeira 43200 PV (Vereadora) Abadiânia - Guia Eleições ...",
   "link": "https://gazetadopovo-candidatos-2016.s3.amazonaws.com/fotos/go/abadiania/angelina-enfermeira-43200.jpg",
   "displayLink": "especiais.gazetadopovo.com.br",
   "snippet": "Angelina Enfermeira 43200 PV (Vereadora) Abadiânia - Guia Eleições ...",
   "htmlSnippet": "Angelina Enfermeira 43200 PV (Vereadora) Abadiânia - Guia Eleições ...",
   "mime": "image/jpeg",
   "image": {
    "contextLink": "https://especiais.gazetadopovo.com.br/eleicoes/2016/abadiania-go/vereador/angelina-enfermeira-43200/",
    "height": 225,
    "width": 161,
    "byteSize": 6867,
    "thumbnailLink": "https://encrypted-tbn0.gstatic.com/images?q=tbn:ANd9GcS16i-Fs3YKBlYz1UP4SKEvVx9vy70oeD1d9vzKVyg4owwreAyt9k9ZTw",
    "thumbnailHeight": 108,
    "thumbnailWidth": 77
   }
  },
  {
   "kind": "customsearch#result",
   "title": "Untitled",
   "htmlTitle": "Untitled",
   "link": "x-raw-image:///b60cc46ebec78175140b872bbed4b58d23de11dc988a5e0e3aefccf0ccee02b4",
   "displayLink": "www.abadiania.go.leg.br",
   "snippet": "Untitled",
   "htmlSnippet": "Untitled",
   "mime": "image/",
   "image": {
    "contextLink": "http://www.abadiania.go.leg.br/transparencia/tranparencia-2017/balancete-financeiro-2017/julho/balancete-julho-2017-vol-unico/at_download/file",
    "height": 1139,
    "width": 816,
    "byteSize": 517581,
    "thumbnailLink": "https://encrypted-tbn0.gstatic.com/images?q=tbn:ANd9GcSKnqUhII13kXjVDa5qgP5-dVyHh7c4oUnmJEc-DOR1T8qatcWec7Kj6mX9",
    "thumbnailHeight": 150,
    "thumbnailWidth": 107
   }
  },
  {
   "kind": "customsearch#result",
   "title": "Angelina Enfermeira 43200 PV (Vereadora) Abadiânia - Guia Eleições ...",
   "htmlTitle": "Angelina Enfermeira 43200 PV (Vereadora) Abadiânia - Guia Eleições ...",
   "link": "https://gazetadopovo-candidatos-2016.s3.amazonaws.com/fotos/santinhos/go/abadiania/santinho-vereador-angelina-enfermeira-43200-abadiania-go.jpg",
   "displayLink": "especiais.gazetadopovo.com.br",
   "snippet": "Angelina Enfermeira 43200 PV (Vereadora) Abadiânia - Guia Eleições ...",
   "htmlSnippet": "Angelina Enfermeira 43200 PV (Vereadora) Abadiânia - Guia Eleições ...",
   "mime": "image/jpeg",
   "image": {
    "contextLink": "https://especiais.gazetadopovo.com.br/eleicoes/2016/abadiania-go/vereador/angelina-enfermeira-43200/",
    "height": 339,
    "width": 646,
    "byteSize": 21607,
    "thumbnailLink": "https://encrypted-tbn0.gstatic.com/images?q=tbn:ANd9GcSmmGCJBGD978TzpbHoZVFFhz9_cshC6caT2Sdy9Y4RzW2jP8EzY_4DwvA",
    "thumbnailHeight": 72,
    "thumbnailWidth": 137
   }
  },
  {
   "kind": "customsearch#result",
   "title": "Untitled",
   "htmlTitle": "Untitled",
   "link": "x-raw-image:///b1dd78ab40fc5cfeb74da02016cd8cefd18b02975fada0d057900ffd4c4fdcba",
   "displayLink": "www.abadiania.go.leg.br",
   "snippet": "Untitled",
   "htmlSnippet": "Untitled",
   "mime": "image/",
   "image": {
    "contextLink": "http://www.abadiania.go.leg.br/transparencia/tranparencia-2017/balancete-financeiro-2017/julho/balancete-julho-2017-vol-unico/at_download/file",
    "height": 1136,
    "width": 816,
    "byteSize": 302518,
    "thumbnailLink": "https://encrypted-tbn0.gstatic.com/images?q=tbn:ANd9GcSrOWs-OHXCf6Jo5GpeLwvvkp1lrMlM5ap9GrXt5j1B9fRt-8iQEucWLggd",
    "thumbnailHeight": 150,
    "thumbnailWidth": 108
   }
  },
  {
   "kind": "customsearch#result",
   "title": "Homenagem a destaques sociais - Assembleia Legislativa do Estado ...",
   "htmlTitle": "Homenagem a destaques sociais - Assembleia Legislativa do Estado ...",
   "link": "https://portal.al.go.leg.br/imagens/miniatura/d/32943/a/662362/w/1024/h/648/",
   "displayLink": "portal.al.go.leg.br",
   "snippet": "Homenagem a destaques sociais - Assembleia Legislativa do Estado ...",
   "htmlSnippet": "Homenagem a destaques sociais - Assembleia Legislativa do Estado ...",
   "mime": "image/",
   "image": {
    "contextLink": "https://portal.al.go.leg.br/noticias/ver/id/163773/homenagem+a+destaques+sociais",
    "height": 648,
    "width": 1024,
    "byteSize": 101315,
    "thumbnailLink": "https://encrypted-tbn0.gstatic.com/images?q=tbn:ANd9GcTW5-ZS3rXBral9sQKAbNxgRfTzXJ2XL-HCxkhn5ECuWNLZJ3QmUgnCbrU",
    "thumbnailHeight": 95,
    "thumbnailWidth": 150
   }
  },
  {
   "kind": "customsearch#result",
   "title": "Untitled",
   "htmlTitle": "Untitled",
   "link": "x-raw-image:///ea7a0ba41d1212d8f08f7a985d1bd1d9f8fa55854fd44e37e5f6b4bd8fb6a8af",
   "displayLink": "www.abadiania.go.leg.br",
   "snippet": "Untitled",
   "htmlSnippet": "Untitled",
   "mime": "image/",
   "image": {
    "contextLink": "http://www.abadiania.go.leg.br/transparencia/tranparencia-2017/balancete-financeiro-2017/julho/balancete-julho-2017-vol-unico/at_download/file",
    "height": 1139,
    "width": 816,
    "byteSize": 284168,
    "thumbnailLink": "https://encrypted-tbn0.gstatic.com/images?q=tbn:ANd9GcQ2XozsO5oy9UxMHN4MG98ZB8j9CjMG-b8D_-ZQA06FfZ0ofN1WkAMNRTQ",
    "thumbnailHeight": 150,
    "thumbnailWidth": 107
   }
  },
  {
   "kind": "customsearch#result",
   "title": "Sessão de homenagens hoje - Assembleia Legislativa do Estado de Goiás",
   "htmlTitle": "Sessão de homenagens hoje - Assembleia Legislativa do Estado de Goiás",
   "link": "https://portal.al.go.leg.br/imagens/miniatura/d/32942/a/662358/w/1024/h/648/",
   "displayLink": "portal.al.go.leg.br",
   "snippet": "Sessão de homenagens hoje - Assembleia Legislativa do Estado de Goiás",
   "htmlSnippet": "Sessão de homenagens hoje - Assembleia Legislativa do Estado de Goiás",
   "mime": "image/",
   "image": {
    "contextLink": "https://portal.al.go.leg.br/noticias/ver/id/163584/tipo/gabinete/sessao+de+homenagens+hoje",
    "height": 648,
    "width": 1024,
    "byteSize": 68749,
    "thumbnailLink": "https://encrypted-tbn0.gstatic.com/images?q=tbn:ANd9GcTqO6ZtmzAoR1NGhNztLWKPZ5TNcgTsaJYJSnq9Y9Oi2ib1KKCt4RsLXWs",
    "thumbnailHeight": 95,
    "thumbnailWidth": 150
   }
  },
  {
   "kind": "customsearch#result",
   "title": "Untitled",
   "htmlTitle": "Untitled",
   "link": "x-raw-image:///c993f4fc9530bbc9f852cdd451c09473a003b25561a6d9cd8aeecdd30d6a7afa",
   "displayLink": "www.abadiania.go.leg.br",
   "snippet": "Untitled",
   "htmlSnippet": "Untitled",
   "mime": "image/",
   "image": {
    "contextLink": "http://www.abadiania.go.leg.br/transparencia/tranparencia-2017/balancete-financeiro-2017/julho/balancete-julho-2017-vol-unico/at_download/file",
    "height": 1138,
    "width": 816,
    "byteSize": 263496,
    "thumbnailLink": "https://encrypted-tbn0.gstatic.com/images?q=tbn:ANd9GcSbdYugxUJOkgGngLopPh_42xhFTZvUxyFotMW_eoAP_29efU_FRCNQ3jw",
    "thumbnailHeight": 150,
    "thumbnailWidth": 108
   }
  },
  {
   "kind": "customsearch#result",
   "title": "Angelina Enfermeira 43200 PV (Vereadora) Abadiânia - Guia Eleições ...",
   "htmlTitle": "Angelina Enfermeira 43200 PV (Vereadora) Abadiânia - Guia Eleições ...",
   "link": "https://gazetadopovo-candidatos-2016.s3.amazonaws.com/fotos/go/abadiania/flavinho-43111.jpg",
   "displayLink": "especiais.gazetadopovo.com.br",
   "snippet": "Angelina Enfermeira 43200 PV (Vereadora) Abadiânia - Guia Eleições ...",
   "htmlSnippet": "Angelina Enfermeira 43200 PV (Vereadora) Abadiânia - Guia Eleições ...",
   "mime": "image/jpeg",
   "image": {
    "contextLink": "https://especiais.gazetadopovo.com.br/eleicoes/2016/abadiania-go/vereador/angelina-enfermeira-43200/",
    "height": 225,
    "width": 161,
    "byteSize": 4670,
    "thumbnailLink": "https://encrypted-tbn0.gstatic.com/images?q=tbn:ANd9GcTZqYpZKPr_cvTe_Wa0VzLKGp11hyWL7zUjnrrJEO14WZL87pgYmFXC-w",
    "thumbnailHeight": 108,
    "thumbnailWidth": 77
   }
  }
 ]
}
