{
 "kind": "customsearch#search",
 "url": {
  "type": "application/json",
  "template": "https://www.googleapis.com/customsearch/v1?q={searchTerms}&num={count?}&start={startIndex?}&lr={language?}&safe={safe?}&cx={cx?}&sort={sort?}&filter={filter?}&gl={gl?}&cr={cr?}&googlehost={googleHost?}&c2coff={disableCnTwTranslation?}&hq={hq?}&hl={hl?}&siteSearch={siteSearch?}&siteSearchFilter={siteSearchFilter?}&exactTerms={exactTerms?}&excludeTerms={excludeTerms?}&linkSite={linkSite?}&orTerms={orTerms?}&relatedSite={relatedSite?}&dateRestrict={dateRestrict?}&lowRange={lowRange?}&highRange={highRange?}&searchType={searchType}&fileType={fileType?}&rights={rights?}&imgSize={imgSize?}&imgType={imgType?}&imgColorType={imgColorType?}&imgDominantColor={imgDominantColor?}&alt=json"
 },
 "queries": {
  "request": [
   {
    "title": "Google Custom Search - \"ANTÔNIO SÉRGIO DOS SANTOS\"",
    "totalResults": "10300",
    "searchTerms": "\"ANTÔNIO SÉRGIO DOS SANTOS\"",
    "count": 10,
    "startIndex": 1,
    "inputEncoding": "utf8",
    "outputEncoding": "utf8",
    "safe": "off",
    "cx": "014097292584411445814:sh5uhwve2ei",
    "searchType": "image"
   }
  ],
  "nextPage": [
   {
    "title": "Google Custom Search - \"ANTÔNIO SÉRGIO DOS SANTOS\"",
    "totalResults": "10300",
    "searchTerms": "\"ANTÔNIO SÉRGIO DOS SANTOS\"",
    "count": 10,
    "startIndex": 11,
    "inputEncoding": "utf8",
    "outputEncoding": "utf8",
    "safe": "off",
    "cx": "014097292584411445814:sh5uhwve2ei",
    "searchType": "image"
   }
  ]
 },
 "context": {
  "title": "Eleitos"
 },
 "searchInformation": {
  "searchTime": 0.237967,
  "formattedSearchTime": "0.24",
  "totalResults": "10300",
  "formattedTotalResults": "10,300"
 },
 "items": [
  {
   "kind": "customsearch#result",
   "title": "Antonio Sergio Dos Santos - Posts | Facebook",
   "htmlTitle": "\u003cb\u003eAntonio Sergio Dos Santos\u003c/b\u003e - Posts | Facebook",
   "link": "https://lookaside.fbsbx.com/lookaside/crawler/media/?media_id=1287681124664680",
   "displayLink": "www.facebook.com",
   "snippet": "Antonio Sergio Dos Santos - Posts | Facebook",
   "htmlSnippet": "\u003cb\u003eAntonio Sergio Dos Santos\u003c/b\u003e - Posts | Facebook",
   "mime": "image/",
   "image": {
    "contextLink": "https://www.facebook.com/Antonio-Sergio-Dos-Santos-1287681124664680/posts/",
    "height": 960,
    "width": 960,
    "byteSize": 21261,
    "thumbnailLink": "https://encrypted-tbn0.gstatic.com/images?q=tbn:ANd9GcSDcVahjBNOTbSlgNr8-W8XS1MalZkr7RsLTlGTqpZrg0ERu_ms53crnaUM7Q",
    "thumbnailHeight": 148,
    "thumbnailWidth": 148
   }
  },
  {
   "kind": "customsearch#result",
   "title": "Antonio Sergio dos Santos",
   "htmlTitle": "\u003cb\u003eAntonio Sergio dos Santos\u003c/b\u003e",
   "link": "https://i.imgur.com/3D7YgtI.png",
   "displayLink": "presidentekennedy.es.leg.br",
   "snippet": "3D7YgtI.png",
   "htmlSnippet": "3D7YgtI.png",
   "mime": "image/png",
   "image": {
    "contextLink": "https://presidentekennedy.es.leg.br/vereador-descricao.php?id=4",
    "height": 220,
    "width": 183,
    "byteSize": 64550,
    "thumbnailLink": "https://encrypted-tbn0.gstatic.com/images?q=tbn:ANd9GcRNhJvOz0sjw4_n0iBnvhlVmNBjJXaZr3tSC7EZJnywk7O5xic4LsFx1Dk",
    "thumbnailHeight": 107,
    "thumbnailWidth": 89
   }
  },
  {
   "kind": "customsearch#result",
   "title": "Vereador Toninho da Rifel",
   "htmlTitle": "Vereador Toninho da Rifel",
   "link": "https://www.cmbrumadinho.mg.gov.br/images/vereadores/400x533/fd27401eb4b1ee6455b9a88668cc5f5e.jpg",
   "displayLink": "www.cmbrumadinho.mg.gov.br",
   "snippet": "Vereador Toninho da Rifel",
   "htmlSnippet": "Vereador Toninho da Rifel",
   "mime": "image/jpeg",
   "image": {
    "contextLink": "https://www.cmbrumadinho.mg.gov.br/vereadores/toninho-da-rifel",
    "height": 533,
    "width": 400,
    "byteSize": 117789,
    "thumbnailLink": "https://encrypted-tbn0.gstatic.com/images?q=tbn:ANd9GcRkpgIXGk-K_HtVQ2p1ONRVfCj0WaT_oOK_HTP0WNG5ug_JJlBrwiT7VY0",
    "thumbnailHeight": 132,
    "thumbnailWidth": 99
   }
  },
  {
   "kind": "customsearch#result",
   "title": "Untitled",
   "htmlTitle": "Untitled",
   "link": "x-raw-image:///a4d466347d370608827e8054be3749bb2de37937bcdd0a922999a0582d39f3c4",
   "displayLink": "www.cmbrumadinho.mg.gov.br",
   "snippet": "Untitled",
   "htmlSnippet": "Untitled",
   "mime": "image/",
   "image": {
    "contextLink": "https://www.cmbrumadinho.mg.gov.br/docs/proposicoes/PLO_001_2017.pdf",
    "height": 3437,
    "width": 2409,
    "byteSize": 8708521,
    "thumbnailLink": "https://encrypted-tbn0.gstatic.com/images?q=tbn:ANd9GcR6nunfoBdNWNTNGLjeEmgsViJvuFWz5FQ5KpJm9jZmT--e87zVDh6KhYM",
    "thumbnailHeight": 150,
    "thumbnailWidth": 105
   }
  },
  {
   "kind": "customsearch#result",
   "title": "Câmara declara Ponto Facultativo em razão da tragédia da Vale em ...",
   "htmlTitle": "Câmara declara Ponto Facultativo em razão da tragédia da Vale em ...",
   "link": "https://www.cmbrumadinho.mg.gov.br/images/news/258/759x500/tragedia.jpg",
   "displayLink": "www.cmbrumadinho.mg.gov.br",
   "snippet": "Câmara declara Ponto Facultativo em razão da tragédia da Vale em ...",
   "htmlSnippet": "Câmara declara Ponto Facultativo em razão da tragédia da Vale em ...",
   "mime": "image/jpeg",
   "image": {
    "contextLink": "https://www.cmbrumadinho.mg.gov.br/noticia/258/Camara-declara-Ponto-Facultativo-em-razao-da-tragedia-da-Vale-em-Brumadinho",
    "height": 500,
    "width": 759,
    "byteSize": 321697,
    "thumbnailLink": "https://encrypted-tbn0.gstatic.com/images?q=tbn:ANd9GcRNSvCsTccMlf7xwoLWvmcx8zC8eTwul7GXnvTirIcZrWAXp6fCkecwP47Z",
    "thumbnailHeight": 94,
    "thumbnailWidth": 142
   }
  },
  {
   "kind": "customsearch#result",
   "title": "Untitled",
   "htmlTitle": "Untitled",
   "link": "x-raw-image:///265fae711af1002c65eb64741ad3b072b35b7c9ab2a41e2e4f20475432708865",
   "displayLink": "www.cmbrumadinho.mg.gov.br",
   "snippet": "Untitled",
   "htmlSnippet": "Untitled",
   "mime": "image/",
   "image": {
    "contextLink": "https://www.cmbrumadinho.mg.gov.br/docs/anexos_licitacao/294338db317473fd6fde090cd68af8e5.pdf?1562734711",
    "height": 2340,
    "width": 1654,
    "byteSize": 959572,
    "thumbnailLink": "https://encrypted-tbn0.gstatic.com/images?q=tbn:ANd9GcSOwC8udh_wlA3efcxQWXNQW51fjY-hjkXNIlg_RjuUbSP7ZEecTwRkjIhC",
    "thumbnailHeight": 150,
    "thumbnailWidth": 106
   }
  },
  {
   "kind": "customsearch#result",
   "title": "NOTA OFICIAL ARQUIVAMENTO DAS DENÚNCIAS PELA PRESIDÊNCIA DA CÂMARA ...",
   "htmlTitle": "NOTA OFICIAL ARQUIVAMENTO DAS DENÚNCIAS PELA PRESIDÊNCIA DA CÂMARA ...",
   "link": "https://www.cmbrumadinho.mg.gov.br/images/news/261/759x500/materia_nota_site.jpg",
   "displayLink": "www.cmbrumadinho.mg.gov.br",
   "snippet": "NOTA OFICIAL ARQUIVAMENTO DAS DENÚNCIAS PELA PRESIDÊNCIA DA CÂMARA ...",
   "htmlSnippet": "NOTA OFICIAL ARQUIVAMENTO DAS DENÚNCIAS PELA PRESIDÊNCIA DA CÂMARA ...",
   "mime": "image/jpeg",
   "image": {
    "contextLink": "https://www.cmbrumadinho.mg.gov.br/noticia/261/NOTA-OFICIAL-ARQUIVAMENTO-DAS-DENUNCIAS-PELA-PRESIDENCIA-DA-CAMARA-DE-BRUMADINHO",
    "height": 500,
    "width": 759,
    "byteSize": 130869,
    "thumbnailLink": "https://encrypted-tbn0.gstatic.com/images?q=tbn:ANd9GcTx3BxV99lMNv2oXx2ovGq_j4HO0wWXpeiyfsoA7YvwmQw-LYUcpvDGVyi6",
    "thumbnailHeight": 94,
    "thumbnailWidth": 142
   }
  },
  {
   "kind": "customsearch#result",
   "title": "Antonio Sergio Fuba Sindicato 13222 PT (Vereador) Nova Andradina ...",
   "htmlTitle": "Antonio Sergio Fuba Sindicato 13222 PT (Vereador) Nova Andradina ...",
   "link": "https://gazetadopovo-candidatos-2016.s3.amazonaws.com/fotos/santinhos/ms/nova-andradina/santinho-vereador-antonio-sergio-fuba-sindicato-13222-nova-andradina-ms.jpg",
   "displayLink": "especiais.gazetadopovo.com.br",
   "snippet": "Antonio Sergio Fuba Sindicato 13222 PT (Vereador) Nova Andradina ...",
   "htmlSnippet": "Antonio Sergio Fuba Sindicato 13222 PT (Vereador) Nova Andradina ...",
   "mime": "image/jpeg",
   "image": {
    "contextLink": "https://especiais.gazetadopovo.com.br/eleicoes/2016/nova-andradina-ms/vereador/antonio-sergio-fuba-sindicato-13222/",
    "height": 339,
    "width": 646,
    "byteSize": 20499,
    "thumbnailLink": "https://encrypted-tbn0.gstatic.com/images?q=tbn:ANd9GcRIxp2WdtGszJc_0UggMtO_P45xeZX8omVhpHlxzNP62xaWRuKqkvJRSt4",
    "thumbnailHeight": 72,
    "thumbnailWidth": 137
   }
  },
  {
   "kind": "customsearch#result",
   "title": "Câmara une esforços para atendimento às vítimas do rompimento da ...",
   "htmlTitle": "Câmara une esforços para atendimento às vítimas do rompimento da ...",
   "link": "https://www.cmbrumadinho.mg.gov.br/images/news/230/759x500/a42226cad9ef0878168ff614b3b245bb.jpg",
   "displayLink": "www.cmbrumadinho.mg.gov.br",
   "snippet": "Câmara une esforços para atendimento às vítimas do rompimento da ...",
   "htmlSnippet": "Câmara une esforços para atendimento às vítimas do rompimento da ...",
   "mime": "image/jpeg",
   "image": {
    "contextLink": "https://www.cmbrumadinho.mg.gov.br/noticia/230/Camara-une-esforcos-para-atendimento-as-vitimas-do-rompimento-da-barragem-de-Corrego-do-Feijao",
    "height": 500,
    "width": 759,
    "byteSize": 326531,
    "thumbnailLink": "https://encrypted-tbn0.gstatic.com/images?q=tbn:ANd9GcQL6e-8vVab4DaTdRXRWaSJ3gxjM0VLOQ3JozAuDI-os6e6kBe_fxH3M4o",
    "thumbnailHeight": 94,
    "thumbnailWidth": 142
   }
  },
  {
   "kind": "customsearch#result",
   "title": "Untitled",
   "htmlTitle": "Untitled",
   "link": "x-raw-image:///38be7ecdc7c66f9fa89d83f3ac6ad80448fc614d9507ee8e3d62bacbaed3453b",
   "displayLink": "www.cmbrumadinho.mg.gov.br",
   "snippet": "Untitled",
   "htmlSnippet": "Untitled",
   "mime": "image/",
   "image": {
    "contextLink": "https://www.cmbrumadinho.mg.gov.br/docs/proposicoes/reuniao_conjunta_de_comissoes_-_juntada_da_ata_-_parecer_das_comissoes_favoravel_ao_projeto_na_forma_original___PLO-0512018.pdf",
    "height": 3437,
    "width": 2409,
    "byteSize": 7569617,
    "thumbnailLink": "https://encrypted-tbn0.gstatic.com/images?q=tbn:ANd9GcSK9NQDKSFlrql4zbmCiEV4QDhjuAKyf-J3mmmVZwjrKEQSkTr1drp_ZT6x",
    "thumbnailHeight": 150,
    "thumbnailWidth": 105
   }
  }
 ]
}
