{
 "kind": "customsearch#search",
 "url": {
  "type": "application/json",
  "template": "https://www.googleapis.com/customsearch/v1?q={searchTerms}&num={count?}&start={startIndex?}&lr={language?}&safe={safe?}&cx={cx?}&sort={sort?}&filter={filter?}&gl={gl?}&cr={cr?}&googlehost={googleHost?}&c2coff={disableCnTwTranslation?}&hq={hq?}&hl={hl?}&siteSearch={siteSearch?}&siteSearchFilter={siteSearchFilter?}&exactTerms={exactTerms?}&excludeTerms={excludeTerms?}&linkSite={linkSite?}&orTerms={orTerms?}&relatedSite={relatedSite?}&dateRestrict={dateRestrict?}&lowRange={lowRange?}&highRange={highRange?}&searchType={searchType}&fileType={fileType?}&rights={rights?}&imgSize={imgSize?}&imgType={imgType?}&imgColorType={imgColorType?}&imgDominantColor={imgDominantColor?}&alt=json"
 },
 "queries": {
  "request": [
   {
    "title": "Google Custom Search - \"ARETUSA GONÇALVES SILVA\"",
    "totalResults": "73",
    "searchTerms": "\"ARETUSA GONÇALVES SILVA\"",
    "count": 10,
    "startIndex": 1,
    "inputEncoding": "utf8",
    "outputEncoding": "utf8",
    "safe": "off",
    "cx": "014097292584411445814:sh5uhwve2ei",
    "searchType": "image"
   }
  ],
  "nextPage": [
   {
    "title": "Google Custom Search - \"ARETUSA GONÇALVES SILVA\"",
    "totalResults": "73",
    "searchTerms": "\"ARETUSA GONÇALVES SILVA\"",
    "count": 10,
    "startIndex": 11,
    "inputEncoding": "utf8",
    "outputEncoding": "utf8",
    "safe": "off",
    "cx": "014097292584411445814:sh5uhwve2ei",
    "searchType": "image"
   }
  ]
 },
 "context": {
  "title": "Eleitos"
 },
 "searchInformation": {
  "searchTime": 0.114841,
  "formattedSearchTime": "0.11",
  "totalResults": "73",
  "formattedTotalResults": "73"
 },
 "items": [
  {
   "kind": "customsearch#result",
   "title": "Untitled",
   "htmlTitle": "Untitled",
   "link": "x-raw-image:///894a7418a8dc92008fd78eed90db33ad26639a9c54219ca32f3bb8ab6c8cc931",
   "displayLink": "www.mineiros.go.gov.br",
   "snippet": "Untitled",
   "htmlSnippet": "Untitled",
   "mime": "image/",
   "image": {
    "contextLink": "http://www.mineiros.go.gov.br/arquivos/mineiros_go_gov_br_20180615170548-0.pdf",
    "height": 2349,
    "width": 1653,
    "byteSize": 2435535,
    "thumbnailLink": "https://encrypted-tbn0.gstatic.com/images?q=tbn:ANd9GcQ-V4t_xcJSO7JQkBobcGjzn_vtrcIQPJ8FK68N1TpsQFP9mqlu0cXozlw",
    "thumbnailHeight": 150,
    "thumbnailWidth": 106
   }
  },
  {
   "kind": "customsearch#result",
   "title": "Aretusa 36123 PTC (Vereadora) Acreúna - Guia Eleições 2016",
   "htmlTitle": "Aretusa 36123 PTC (Vereadora) Acreúna - Guia Eleições 2016",
   "link": "https://gazetadopovo-candidatos-2016.s3.amazonaws.com/fotos/go/acreuna/vilma-santos-36333.jpg",
   "displayLink": "especiais.gazetadopovo.com.br",
   "snippet": "Aretusa 36123 PTC (Vereadora) Acreúna - Guia Eleições 2016",
   "htmlSnippet": "Aretusa 36123 PTC (Vereadora) Acreúna - Guia Eleições 2016",
   "mime": "image/jpeg",
   "image": {
    "contextLink": "https://especiais.gazetadopovo.com.br/eleicoes/2016/acreuna-go/vereador/aretusa-36123/",
    "height": 225,
    "width": 161,
    "byteSize": 5567,
    "thumbnailLink": "https://encrypted-tbn0.gstatic.com/images?q=tbn:ANd9GcThfbPKftUrkhD53iaX3-z9rMehrYAG3cjccRA5cA-8pOEuOdUAmW1lPw",
    "thumbnailHeight": 108,
    "thumbnailWidth": 77
   }
  },
  {
   "kind": "customsearch#result",
   "title": "Projeto ''Rua do Lazer'' comemora o Dia das Crianças - Câmara ...",
   "htmlTitle": "Projeto &#39;&#39;Rua do Lazer&#39;&#39; comemora o Dia das Crianças - Câmara ...",
   "link": "http://www.camaraacreuna.go.gov.br/res/midias/img/fa51cd8bca03d9fcd88894e2c08160a7.jpg?x=0&y=0&w=1000&h=1000",
   "displayLink": "www.camaraacreuna.go.gov.br",
   "snippet": "Projeto ''Rua do Lazer'' comemora o Dia das Crianças - Câmara ...",
   "htmlSnippet": "Projeto &#39;&#39;Rua do Lazer&#39;&#39; comemora o Dia das Crianças - Câmara ...",
   "mime": "image/jpeg",
   "image": {
    "contextLink": "http://www.camaraacreuna.go.gov.br/noticia/13-projeto-rua-do-lazer-comemora-o-dia-das-criancas",
    "height": 1000,
    "width": 1000,
    "byteSize": 153361,
    "thumbnailLink": "https://encrypted-tbn0.gstatic.com/images?q=tbn:ANd9GcQ-5wYiznttGRlTM6QvGzSgpvMIKD-l0NdDWCjiGz2mPZZf-4zzfDzjKGpz",
    "thumbnailHeight": 149,
    "thumbnailWidth": 149
   }
  },
  {
   "kind": "customsearch#result",
   "title": "Aretusa 36123 PTC (Vereadora) Acreúna - Guia Eleições 2016",
   "htmlTitle": "Aretusa 36123 PTC (Vereadora) Acreúna - Guia Eleições 2016",
   "link": "https://gazetadopovo-candidatos-2016.s3.amazonaws.com/fotos/go/acreuna/silvinho-do-transporte-36555.jpg",
   "displayLink": "especiais.gazetadopovo.com.br",
   "snippet": "Aretusa 36123 PTC (Vereadora) Acreúna - Guia Eleições 2016",
   "htmlSnippet": "Aretusa 36123 PTC (Vereadora) Acreúna - Guia Eleições 2016",
   "mime": "image/jpeg",
   "image": {
    "contextLink": "https://especiais.gazetadopovo.com.br/eleicoes/2016/acreuna-go/vereador/aretusa-36123/",
    "height": 225,
    "width": 161,
    "byteSize": 4515,
    "thumbnailLink": "https://encrypted-tbn0.gstatic.com/images?q=tbn:ANd9GcSAaqnwn5w71S90Vbva1rqwlzjbrMnFO-c_2stFndZc7WXamD9RFl-27A",
    "thumbnailHeight": 108,
    "thumbnailWidth": 77
   }
  },
  {
   "kind": "customsearch#result",
   "title": "Projeto ''Rua do Lazer'' comemora o Dia das Crianças - Câmara ...",
   "htmlTitle": "Projeto &#39;&#39;Rua do Lazer&#39;&#39; comemora o Dia das Crianças - Câmara ...",
   "link": "http://camaraacreuna.go.gov.br/res/midias/img/f2bcf243337eb94854e38e5c5caf370a.jpg",
   "displayLink": "www.camaraacreuna.go.gov.br",
   "snippet": "Projeto ''Rua do Lazer'' comemora o Dia das Crianças - Câmara ...",
   "htmlSnippet": "Projeto &#39;&#39;Rua do Lazer&#39;&#39; comemora o Dia das Crianças - Câmara ...",
   "mime": "image/jpeg",
   "image": {
    "contextLink": "http://www.camaraacreuna.go.gov.br/noticia/13-projeto-rua-do-lazer-comemora-o-dia-das-criancas",
    "height": 665,
    "width": 1000,
    "byteSize": 114219,
    "thumbnailLink": "https://encrypted-tbn0.gstatic.com/images?q=tbn:ANd9GcR_PFbZ7eGEjejYiRS0jXgqbd7B4Kzsm8Zt2xjXdLKJaBMyeK9j7PUvvrE",
    "thumbnailHeight": 99,
    "thumbnailWidth": 149
   }
  },
  {
   "kind": "customsearch#result",
   "title": "Aretusa 36123 PTC (Vereadora) Acreúna - Guia Eleições 2016",
   "htmlTitle": "Aretusa 36123 PTC (Vereadora) Acreúna - Guia Eleições 2016",
   "link": "https://gazetadopovo-candidatos-2016.s3.amazonaws.com/fotos/go/acreuna/sara-naves-36456.jpg",
   "displayLink": "especiais.gazetadopovo.com.br",
   "snippet": "Aretusa 36123 PTC (Vereadora) Acreúna - Guia Eleições 2016",
   "htmlSnippet": "Aretusa 36123 PTC (Vereadora) Acreúna - Guia Eleições 2016",
   "mime": "image/jpeg",
   "image": {
    "contextLink": "https://especiais.gazetadopovo.com.br/eleicoes/2016/acreuna-go/vereador/aretusa-36123/",
    "height": 225,
    "width": 161,
    "byteSize": 5674,
    "thumbnailLink": "https://encrypted-tbn0.gstatic.com/images?q=tbn:ANd9GcQ1X_mb-8OOEC7TpvQqFV7Dpi7q6ND8biWFaoB-N9Jq3DExtq5LGHtWDA",
    "thumbnailHeight": 108,
    "thumbnailWidth": 77
   }
  },
  {
   "kind": "customsearch#result",
   "title": "Projeto ''Rua do Lazer'' comemora o Dia das Crianças - Câmara ...",
   "htmlTitle": "Projeto &#39;&#39;Rua do Lazer&#39;&#39; comemora o Dia das Crianças - Câmara ...",
   "link": "http://camaraacreuna.go.gov.br/res/midias/img/f1fe28f739ae375ae6f9d879df1623c0.jpg",
   "displayLink": "www.camaraacreuna.go.gov.br",
   "snippet": "Projeto ''Rua do Lazer'' comemora o Dia das Crianças - Câmara ...",
   "htmlSnippet": "Projeto &#39;&#39;Rua do Lazer&#39;&#39; comemora o Dia das Crianças - Câmara ...",
   "mime": "image/jpeg",
   "image": {
    "contextLink": "http://www.camaraacreuna.go.gov.br/noticia/13-projeto-rua-do-lazer-comemora-o-dia-das-criancas",
    "height": 666,
    "width": 1000,
    "byteSize": 125997,
    "thumbnailLink": "https://encrypted-tbn0.gstatic.com/images?q=tbn:ANd9GcT6e2PplOjWI1eiV4Ye-ZPprXrk4csLhW1mnI38De3TlV0K0Wnsa-K1CQUz",
    "thumbnailHeight": 99,
    "thumbnailWidth": 149
   }
  },
  {
   "kind": "customsearch#result",
   "title": "Aretusa 36123 PTC (Vereadora) Acreúna - Guia Eleições 2016",
   "htmlTitle": "Aretusa 36123 PTC (Vereadora) Acreúna - Guia Eleições 2016",
   "link": "https://gazetadopovo-candidatos-2016.s3.amazonaws.com/fotos/go/acreuna/ze-da-lambreta-36010.jpg",
   "displayLink": "especiais.gazetadopovo.com.br",
   "snippet": "Aretusa 36123 PTC (Vereadora) Acreúna - Guia Eleições 2016",
   "htmlSnippet": "Aretusa 36123 PTC (Vereadora) Acreúna - Guia Eleições 2016",
   "mime": "image/jpeg",
   "image": {
    "contextLink": "https://especiais.gazetadopovo.com.br/eleicoes/2016/acreuna-go/vereador/aretusa-36123/",
    "height": 225,
    "width": 161,
    "byteSize": 5375,
    "thumbnailLink": "https://encrypted-tbn0.gstatic.com/images?q=tbn:ANd9GcT9WKmrHlHcwOfLqi1rqJDyTLQ7QsmYxI5bR9I9bdb0mTNm-3kR4tHuei0",
    "thumbnailHeight": 108,
    "thumbnailWidth": 77
   }
  },
  {
   "kind": "customsearch#result",
   "title": "Projeto ''Rua do Lazer'' comemora o Dia das Crianças - Câmara ...",
   "htmlTitle": "Projeto &#39;&#39;Rua do Lazer&#39;&#39; comemora o Dia das Crianças - Câmara ...",
   "link": "http://camaraacreuna.go.gov.br/res/midias/img/c3103b51802c380be6f7f87db8f3793a.jpg",
   "displayLink": "www.camaraacreuna.go.gov.br",
   "snippet": "Projeto ''Rua do Lazer'' comemora o Dia das Crianças - Câmara ...",
   "htmlSnippet": "Projeto &#39;&#39;Rua do Lazer&#39;&#39; comemora o Dia das Crianças - Câmara ...",
   "mime": "image/jpeg",
   "image": {
    "contextLink": "http://www.camaraacreuna.go.gov.br/noticia/13-projeto-rua-do-lazer-comemora-o-dia-das-criancas",
    "height": 1000,
    "width": 1000,
    "byteSize": 137986,
    "thumbnailLink": "https://encrypted-tbn0.gstatic.com/images?q=tbn:ANd9GcSUp_voQC7nZ0isK4u6RRUy8PJhgFmohF0wYe6Yd7Nw7JMiIxZhj33SVMlW",
    "thumbnailHeight": 149,
    "thumbnailWidth": 149
   }
  },
  {
   "kind": "customsearch#result",
   "title": "Untitled",
   "htmlTitle": "Untitled",
   "link": "x-raw-image:///ac1611b68f65589577c02590f9883fc1b99a8cedc3862f458facef4cf362b152",
   "displayLink": "www.mineiros.go.gov.br",
   "snippet": "Untitled",
   "htmlSnippet": "Untitled",
   "mime": "image/",
   "image": {
    "contextLink": "http://www.mineiros.go.gov.br/arquivos/mineiros_go_gov_br_20190531141033-0.pdf",
    "height": 2335,
    "width": 1650,
    "byteSize": 1463846,
    "thumbnailLink": "https://encrypted-tbn0.gstatic.com/images?q=tbn:ANd9GcTyDTPJWAbr4iYABbggRBtzGVyWq1nNz_RGdHsrMpek-1wx8BH34B2HJbCn",
    "thumbnailHeight": 150,
    "thumbnailWidth": 106
   }
  }
 ]
}
