{
 "kind": "customsearch#search",
 "url": {
  "type": "application/json",
  "template": "https://www.googleapis.com/customsearch/v1?q={searchTerms}&num={count?}&start={startIndex?}&lr={language?}&safe={safe?}&cx={cx?}&sort={sort?}&filter={filter?}&gl={gl?}&cr={cr?}&googlehost={googleHost?}&c2coff={disableCnTwTranslation?}&hq={hq?}&hl={hl?}&siteSearch={siteSearch?}&siteSearchFilter={siteSearchFilter?}&exactTerms={exactTerms?}&excludeTerms={excludeTerms?}&linkSite={linkSite?}&orTerms={orTerms?}&relatedSite={relatedSite?}&dateRestrict={dateRestrict?}&lowRange={lowRange?}&highRange={highRange?}&searchType={searchType}&fileType={fileType?}&rights={rights?}&imgSize={imgSize?}&imgType={imgType?}&imgColorType={imgColorType?}&imgDominantColor={imgDominantColor?}&alt=json"
 },
 "queries": {
  "request": [
   {
    "title": "Google Custom Search - \"CARLOS CLEITON DA FE ABRANTES\"",
    "totalResults": "15",
    "searchTerms": "\"CARLOS CLEITON DA FE ABRANTES\"",
    "count": 10,
    "startIndex": 1,
    "inputEncoding": "utf8",
    "outputEncoding": "utf8",
    "safe": "off",
    "cx": "014097292584411445814:sh5uhwve2ei",
    "searchType": "image"
   }
  ],
  "nextPage": [
   {
    "title": "Google Custom Search - \"CARLOS CLEITON DA FE ABRANTES\"",
    "totalResults": "15",
    "searchTerms": "\"CARLOS CLEITON DA FE ABRANTES\"",
    "count": 10,
    "startIndex": 11,
    "inputEncoding": "utf8",
    "outputEncoding": "utf8",
    "safe": "off",
    "cx": "014097292584411445814:sh5uhwve2ei",
    "searchType": "image"
   }
  ]
 },
 "context": {
  "title": "Eleitos"
 },
 "searchInformation": {
  "searchTime": 0.291026,
  "formattedSearchTime": "0.29",
  "totalResults": "15",
  "formattedTotalResults": "15"
 },
 "items": [
  {
   "kind": "customsearch#result",
   "title": "Cleiton 55000 PSD (Vereador) Abadiânia - Guia Eleições 2016",
   "htmlTitle": "Cleiton 55000 PSD (Vereador) Abadiânia - Guia Eleições 2016",
   "link": "https://gazetadopovo-candidatos-2016.s3.amazonaws.com/fotos/santinhos/go/abadiania/santinho-vereador-cleiton-55000-abadiania-go.jpg",
   "displayLink": "especiais.gazetadopovo.com.br",
   "snippet": "Cleiton 55000 PSD (Vereador) Abadiânia - Guia Eleições 2016",
   "htmlSnippet": "Cleiton 55000 PSD (Vereador) Abadiânia - Guia Eleições 2016",
   "mime": "image/jpeg",
   "image": {
    "contextLink": "https://especiais.gazetadopovo.com.br/eleicoes/2016/abadiania-go/vereador/cleiton-55000/",
    "height": 339,
    "width": 646,
    "byteSize": 17824,
    "thumbnailLink": "https://encrypted-tbn0.gstatic.com/images?q=tbn:ANd9GcQ634-RaBTHpbTZO_j-McGQ3gqPvKPfBUubLpPsKrG_K9qzRB8G9XzMEEQ",
    "thumbnailHeight": 72,
    "thumbnailWidth": 137
   }
  },
  {
   "kind": "customsearch#result",
   "title": "Cleiton 55000 PSD (Vereador) Abadiânia - Guia Eleições 2016",
   "htmlTitle": "Cleiton 55000 PSD (Vereador) Abadiânia - Guia Eleições 2016",
   "link": "https://gazetadopovo-candidatos-2016.s3.amazonaws.com/fotos/go/abadiania/cleiton-55000.jpg",
   "displayLink": "especiais.gazetadopovo.com.br",
   "snippet": "Cleiton 55000 PSD (Vereador) Abadiânia - Guia Eleições 2016",
   "htmlSnippet": "Cleiton 55000 PSD (Vereador) Abadiânia - Guia Eleições 2016",
   "mime": "image/jpeg",
   "image": {
    "contextLink": "https://especiais.gazetadopovo.com.br/eleicoes/2016/abadiania-go/vereador/cleiton-55000/",
    "height": 225,
    "width": 161,
    "byteSize": 4496,
    "thumbnailLink": "https://encrypted-tbn0.gstatic.com/images?q=tbn:ANd9GcSKDJt8CBrVD64QAM3fwn4RBmnYglKfejTgnTKoSkWsX_HtyJssjtw5Fxc",
    "thumbnailHeight": 108,
    "thumbnailWidth": 77
   }
  },
  {
   "kind": "customsearch#result",
   "title": "Cleiton 55000 PSD (Vereador) Abadiânia - Guia Eleições 2016",
   "htmlTitle": "Cleiton 55000 PSD (Vereador) Abadiânia - Guia Eleições 2016",
   "link": "https://gazetadopovo-candidatos-2016.s3.amazonaws.com/fotos/go/abadiania/jose-nilton-do-acougue-55555.jpg",
   "displayLink": "especiais.gazetadopovo.com.br",
   "snippet": "Cleiton 55000 PSD (Vereador) Abadiânia - Guia Eleições 2016",
   "htmlSnippet": "Cleiton 55000 PSD (Vereador) Abadiânia - Guia Eleições 2016",
   "mime": "image/jpeg",
   "image": {
    "contextLink": "https://especiais.gazetadopovo.com.br/eleicoes/2016/abadiania-go/vereador/cleiton-55000/",
    "height": 225,
    "width": 161,
    "byteSize": 4478,
    "thumbnailLink": "https://encrypted-tbn0.gstatic.com/images?q=tbn:ANd9GcS4yfBpzeTbHPt5wNfAKc6riGXH5T2J0CRXsiPQ-qHWjCmjzBz3XAzoMQ",
    "thumbnailHeight": 108,
    "thumbnailWidth": 77
   }
  },
  {
   "kind": "customsearch#result",
   "title": "Cleiton 55000 PSD (Vereador) Abadiânia - Guia Eleições 2016",
   "htmlTitle": "Cleiton 55000 PSD (Vereador) Abadiânia - Guia Eleições 2016",
   "link": "https://gazetadopovo-candidatos-2016.s3.amazonaws.com/fotos/go/abadiania/helio-bolinha-55578.jpg",
   "displayLink": "especiais.gazetadopovo.com.br",
   "snippet": "Cleiton 55000 PSD (Vereador) Abadiânia - Guia Eleições 2016",
   "htmlSnippet": "Cleiton 55000 PSD (Vereador) Abadiânia - Guia Eleições 2016",
   "mime": "image/jpeg",
   "image": {
    "contextLink": "https://especiais.gazetadopovo.com.br/eleicoes/2016/abadiania-go/vereador/cleiton-55000/",
    "height": 225,
    "width": 161,
    "byteSize": 7169,
    "thumbnailLink": "https://encrypted-tbn0.gstatic.com/images?q=tbn:ANd9GcTwgQezEQAAsl5LxuCmRyEU5tby1u52KWuIah8A9wv1QCnD37UhsfRK7vQ",
    "thumbnailHeight": 108,
    "thumbnailWidth": 77
   }
  },
  {
   "kind": "customsearch#result",
   "title": "Cleiton 55000 PSD (Vereador) Abadiânia - Guia Eleições 2016",
   "htmlTitle": "Cleiton 55000 PSD (Vereador) Abadiânia - Guia Eleições 2016",
   "link": "https://gazetadopovo-candidatos-2016.s3.amazonaws.com/fotos/go/abadiania/vaney-da-ceramica-55455.jpg",
   "displayLink": "especiais.gazetadopovo.com.br",
   "snippet": "Cleiton 55000 PSD (Vereador) Abadiânia - Guia Eleições 2016",
   "htmlSnippet": "Cleiton 55000 PSD (Vereador) Abadiânia - Guia Eleições 2016",
   "mime": "image/jpeg",
   "image": {
    "contextLink": "https://especiais.gazetadopovo.com.br/eleicoes/2016/abadiania-go/vereador/cleiton-55000/",
    "height": 225,
    "width": 161,
    "byteSize": 5861,
    "thumbnailLink": "https://encrypted-tbn0.gstatic.com/images?q=tbn:ANd9GcQgvJd6MzbNnH2A9F-Q5SPOBwwpIotKmjvJ4sB7rSFGMct2VyV12J3KAKU",
    "thumbnailHeight": 108,
    "thumbnailWidth": 77
   }
  },
  {
   "kind": "customsearch#result",
   "title": "Cleiton 55000 PSD (Vereador) Abadiânia - Guia Eleições 2016",
   "htmlTitle": "Cleiton 55000 PSD (Vereador) Abadiânia - Guia Eleições 2016",
   "link": "https://gazetadopovo-candidatos-2016.s3.amazonaws.com/fotos/go/abadiania/carlinho-rabelo-55123.jpg",
   "displayLink": "especiais.gazetadopovo.com.br",
   "snippet": "Cleiton 55000 PSD (Vereador) Abadiânia - Guia Eleições 2016",
   "htmlSnippet": "Cleiton 55000 PSD (Vereador) Abadiânia - Guia Eleições 2016",
   "mime": "image/jpeg",
   "image": {
    "contextLink": "https://especiais.gazetadopovo.com.br/eleicoes/2016/abadiania-go/vereador/cleiton-55000/",
    "height": 225,
    "width": 161,
    "byteSize": 4012,
    "thumbnailLink": "https://encrypted-tbn0.gstatic.com/images?q=tbn:ANd9GcSfK3zofKUTse28K41Q7kqu9msQfxKpQ9e80GjW5xQxXE51X9ZJQW2mPQ",
    "thumbnailHeight": 108,
    "thumbnailWidth": 77
   }
  },
  {
   "kind": "customsearch#result",
   "title": "Cleiton 55000 PSD (Vereador) Abadiânia - Guia Eleições 2016",
   "htmlTitle": "Cleiton 55000 PSD (Vereador) Abadiânia - Guia Eleições 2016",
   "link": "https://gazetadopovo-candidatos-2016.s3.amazonaws.com/fotos/go/abadiania/farley-55888.jpg",
   "displayLink": "especiais.gazetadopovo.com.br",
   "snippet": "Cleiton 55000 PSD (Vereador) Abadiânia - Guia Eleições 2016",
   "htmlSnippet": "Cleiton 55000 PSD (Vereador) Abadiânia - Guia Eleições 2016",
   "mime": "image/jpeg",
   "image": {
    "contextLink": "https://especiais.gazetadopovo.com.br/eleicoes/2016/abadiania-go/vereador/cleiton-55000/",
    "height": 225,
    "width": 161,
    "byteSize": 3906,
    "thumbnailLink": "https://encrypted-tbn0.gstatic.com/images?q=tbn:ANd9GcTtMMvdvQN8a3oq7sPN7xEsVDmDjTq31T0MY3hjzg_j6KtdmgUV-dpFZRI",
    "thumbnailHeight": 108,
    "thumbnailWidth": 77
   }
  },
  {
   "kind": "customsearch#result",
   "title": "Cleiton 55000 PSD (Vereador) Abadiânia - Guia Eleições 2016",
   "htmlTitle": "Cleiton 55000 PSD (Vereador) Abadiânia - Guia Eleições 2016",
   "link": "https://gazetadopovo-candidatos-2016.s3.amazonaws.com/fotos/go/abadiania/solange-martins-55055.jpg",
   "displayLink": "especiais.gazetadopovo.com.br",
   "snippet": "Cleiton 55000 PSD (Vereador) Abadiânia - Guia Eleições 2016",
   "htmlSnippet": "Cleiton 55000 PSD (Vereador) Abadiânia - Guia Eleições 2016",
   "mime": "image/jpeg",
   "image": {
    "contextLink": "https://especiais.gazetadopovo.com.br/eleicoes/2016/abadiania-go/vereador/cleiton-55000/",
    "height": 225,
    "width": 161,
    "byteSize": 7083,
    "thumbnailLink": "https://encrypted-tbn0.gstatic.com/images?q=tbn:ANd9GcTbq_4D7dXm9wGHoryOyJoIXXTB8euu995srV5sFS6UQ1GVJRMw6AEusQ",
    "thumbnailHeight": 108,
    "thumbnailWidth": 77
   }
  },
  {
   "kind": "customsearch#result",
   "title": "Cleiton 55000 PSD (Vereador) Abadiânia - Guia Eleições 2016",
   "htmlTitle": "Cleiton 55000 PSD (Vereador) Abadiânia - Guia Eleições 2016",
   "link": "https://gazetadopovo-candidatos-2016.s3.amazonaws.com/fotos/go/abadiania/vando-lanche-55333.jpg",
   "displayLink": "especiais.gazetadopovo.com.br",
   "snippet": "Cleiton 55000 PSD (Vereador) Abadiânia - Guia Eleições 2016",
   "htmlSnippet": "Cleiton 55000 PSD (Vereador) Abadiânia - Guia Eleições 2016",
   "mime": "image/jpeg",
   "image": {
    "contextLink": "https://especiais.gazetadopovo.com.br/eleicoes/2016/abadiania-go/vereador/cleiton-55000/",
    "height": 225,
    "width": 161,
    "byteSize": 4122,
    "thumbnailLink": "https://encrypted-tbn0.gstatic.com/images?q=tbn:ANd9GcTZnz_ukvgMLXwI-SeG8Tm6O9w8wMTzQmcdBsiHP90ow2llSpmaIzawNA",
    "thumbnailHeight": 108,
    "thumbnailWidth": 77
   }
  },
  {
   "kind": "customsearch#result",
   "title": "Cleiton 55000 PSD (Vereador) Abadiânia - Guia Eleições 2016",
   "htmlTitle": "Cleiton 55000 PSD (Vereador) Abadiânia - Guia Eleições 2016",
   "link": "https://gazetadopovo-candidatos-2016.s3.amazonaws.com/fotos/go/abadiania/debora-goncalves-55111.jpg",
   "displayLink": "especiais.gazetadopovo.com.br",
   "snippet": "Cleiton 55000 PSD (Vereador) Abadiânia - Guia Eleições 2016",
   "htmlSnippet": "Cleiton 55000 PSD (Vereador) Abadiânia - Guia Eleições 2016",
   "mime": "image/jpeg",
   "image": {
    "contextLink": "https://especiais.gazetadopovo.com.br/eleicoes/2016/abadiania-go/vereador/cleiton-55000/",
    "height": 225,
    "width": 161,
    "byteSize": 4426,
    "thumbnailLink": "https://encrypted-tbn0.gstatic.com/images?q=tbn:ANd9GcQqHghLjgGEj0rEwB17GLWG2TZwFIzNDihf2e2AxyET0FT_hKGHRwed3A",
    "thumbnailHeight": 108,
    "thumbnailWidth": 77
   }
  }
 ]
}
