{
 "kind": "customsearch#search",
 "url": {
  "type": "application/json",
  "template": "https://www.googleapis.com/customsearch/v1?q={searchTerms}&num={count?}&start={startIndex?}&lr={language?}&safe={safe?}&cx={cx?}&sort={sort?}&filter={filter?}&gl={gl?}&cr={cr?}&googlehost={googleHost?}&c2coff={disableCnTwTranslation?}&hq={hq?}&hl={hl?}&siteSearch={siteSearch?}&siteSearchFilter={siteSearchFilter?}&exactTerms={exactTerms?}&excludeTerms={excludeTerms?}&linkSite={linkSite?}&orTerms={orTerms?}&relatedSite={relatedSite?}&dateRestrict={dateRestrict?}&lowRange={lowRange?}&highRange={highRange?}&searchType={searchType}&fileType={fileType?}&rights={rights?}&imgSize={imgSize?}&imgType={imgType?}&imgColorType={imgColorType?}&imgDominantColor={imgDominantColor?}&alt=json"
 },
 "queries": {
  "request": [
   {
    "title": "Google Custom Search - \"CLARINDO BORGES DE ARAUJO FILHO\"",
    "totalResults": "8",
    "searchTerms": "\"CLARINDO BORGES DE ARAUJO FILHO\"",
    "count": 8,
    "startIndex": 1,
    "inputEncoding": "utf8",
    "outputEncoding": "utf8",
    "safe": "off",
    "cx": "014097292584411445814:sh5uhwve2ei",
    "searchType": "image"
   }
  ]
 },
 "context": {
  "title": "Eleitos"
 },
 "searchInformation": {
  "searchTime": 0.193009,
  "formattedSearchTime": "0.19",
  "totalResults": "8",
  "formattedTotalResults": "8"
 },
 "items": [
  {
   "kind": "customsearch#result",
   "title": "Nome:Clarindo Borges de Araújo Filho - Vereador Clarindo Borges ...",
   "htmlTitle": "Nome:\u003cb\u003eClarindo Borges de Araújo Filho\u003c/b\u003e - Vereador Clarindo Borges ...",
   "link": "http://www.abadiania.go.leg.br/processo-legislativo/parlamentares/Vereadores%202013%202016/IMG_1462.JPG/image_preview",
   "displayLink": "www.abadiania.go.leg.br",
   "snippet": "Nome:Clarindo Borges de Araújo Filho - Vereador Clarindo Borges ...",
   "htmlSnippet": "Nome:\u003cb\u003eClarindo Borges de Araújo Filho\u003c/b\u003e - Vereador Clarindo Borges ...",
   "mime": "image/",
   "image": {
    "contextLink": "http://www.abadiania.go.leg.br/processo-legislativo/parlamentares/Vereadores%202013%202016/IMG_1462.JPG/view",
    "height": 400,
    "width": 266,
    "byteSize": 19127,
    "thumbnailLink": "https://encrypted-tbn0.gstatic.com/images?q=tbn:ANd9GcRnzs0wyS_OIN-1M8sAzH4-P6IeGPratQEQWJwc7LC5BTPEIFQjKPxmow",
    "thumbnailHeight": 124,
    "thumbnailWidth": 82
   }
  },
  {
   "kind": "customsearch#result",
   "title": "title | Gazeta do Povo",
   "htmlTitle": "title | Gazeta do Povo",
   "link": "https://gazetadopovo-candidatos-2016.s3.amazonaws.com/fotos/santinhos/go/abadiania/santinho-vereador-clarindo-borges-36123-abadiania-go.jpg",
   "displayLink": "especiais.gazetadopovo.com.br",
   "snippet": "title | Gazeta do Povo",
   "htmlSnippet": "title | Gazeta do Povo",
   "mime": "image/jpeg",
   "image": {
    "contextLink": "https://especiais.gazetadopovo.com.br/eleicoes/2016/abadiania-go/vereador/clarindo-borges-36123/",
    "height": 339,
    "width": 646,
    "byteSize": 20476,
    "thumbnailLink": "https://encrypted-tbn0.gstatic.com/images?q=tbn:ANd9GcS0KoK3wTqdb2T4SzXegaIDhJXN4YcEBNpHwh0bjAA-GKZYSYHXpfCn0RmT",
    "thumbnailHeight": 72,
    "thumbnailWidth": 137
   }
  },
  {
   "kind": "customsearch#result",
   "title": "PODER LEGISLATIVO",
   "htmlTitle": "PODER LEGISLATIVO",
   "link": "x-raw-image:///09e02477928cda1e587b7b407d46e03bb109606d5cfc68df2a582763bb4e8c15",
   "displayLink": "www.abadiania.go.leg.br",
   "snippet": "PODER LEGISLATIVO",
   "htmlSnippet": "PODER LEGISLATIVO",
   "mime": "image/",
   "image": {
    "contextLink": "http://www.abadiania.go.leg.br/processo-legislativo/trabalho-legislativo-2017/pautas-ordinarias/fevereiro/pauta-3a-sessao",
    "height": 334,
    "width": 333,
    "byteSize": 157545,
    "thumbnailLink": "https://encrypted-tbn0.gstatic.com/images?q=tbn:ANd9GcRbOHP_RHblhEf1ffG31olaL6PiazrZt1yGzQ7NBsFIDjQhx7yylpZj1g",
    "thumbnailHeight": 119,
    "thumbnailWidth": 119
   }
  },
  {
   "kind": "customsearch#result",
   "title": "title | Gazeta do Povo",
   "htmlTitle": "title | Gazeta do Povo",
   "link": "https://gazetadopovo-candidatos-2016.s3.amazonaws.com/fotos/go/abadiania/clarindo-borges-36123.jpg",
   "displayLink": "especiais.gazetadopovo.com.br",
   "snippet": "title | Gazeta do Povo",
   "htmlSnippet": "title | Gazeta do Povo",
   "mime": "image/jpeg",
   "image": {
    "contextLink": "https://especiais.gazetadopovo.com.br/eleicoes/2016/abadiania-go/vereador/clarindo-borges-36123/",
    "height": 225,
    "width": 161,
    "byteSize": 6076,
    "thumbnailLink": "https://encrypted-tbn0.gstatic.com/images?q=tbn:ANd9GcQ8LOFtuFwsQXQMA0vXzgQQD9DwTrp3wRjwsefiuctIkTM-m4uPJ6hkJHQ",
    "thumbnailHeight": 108,
    "thumbnailWidth": 77
   }
  },
  {
   "kind": "customsearch#result",
   "title": "REQURIMENTO — Câmara Municipal de Abadiânia - Goiás",
   "htmlTitle": "REQURIMENTO — Câmara Municipal de Abadiânia - Goiás",
   "link": "http://www.abadiania.go.leg.br/processo-legislativo/processos-legislativos/requerimentos-dos-vereadores/jose-divino-lopes/requerimento%20VEREADOR%20MONCHE.jpg",
   "displayLink": "www.abadiania.go.leg.br",
   "snippet": "REQURIMENTO — Câmara Municipal de Abadiânia - Goiás",
   "htmlSnippet": "REQURIMENTO — Câmara Municipal de Abadiânia - Goiás",
   "mime": "image/jpeg",
   "image": {
    "contextLink": "http://www.abadiania.go.leg.br/processo-legislativo/processos-legislativos/requerimentos-dos-vereadores/jose-divino-lopes/requerimento%20VEREADOR%20MONCHE.jpg/view",
    "height": 2152,
    "width": 1472,
    "byteSize": 874063,
    "thumbnailLink": "https://encrypted-tbn0.gstatic.com/images?q=tbn:ANd9GcTT_wbmPjumGd2etNhWc-PdQXd0X4ykNNRCkANdTMg1H-nBfEHD19m4I4RU",
    "thumbnailHeight": 150,
    "thumbnailWidth": 103
   }
  },
  {
   "kind": "customsearch#result",
   "title": "title | Gazeta do Povo",
   "htmlTitle": "title | Gazeta do Povo",
   "link": "https://gazetadopovo-candidatos-2016.s3.amazonaws.com/fotos/go/abadiania/andreia-toyota-36444.jpg",
   "displayLink": "especiais.gazetadopovo.com.br",
   "snippet": "title | Gazeta do Povo",
   "htmlSnippet": "title | Gazeta do Povo",
   "mime": "image/jpeg",
   "image": {
    "contextLink": "https://especiais.gazetadopovo.com.br/eleicoes/2016/abadiania-go/vereador/clarindo-borges-36123/",
    "height": 225,
    "width": 161,
    "byteSize": 6514,
    "thumbnailLink": "https://encrypted-tbn0.gstatic.com/images?q=tbn:ANd9GcSXckQNNgsjEe2za4yrWyQKrYhT4RK9CjSKMfvMnCP2StC9RU0ik6618A",
    "thumbnailHeight": 108,
    "thumbnailWidth": 77
   }
  },
  {
   "kind": "customsearch#result",
   "title": "Vereadores Abadia De Goiás/Go Nivaldo... - Executiva Estadual do ...",
   "htmlTitle": "Vereadores Abadia De Goiás/Go Nivaldo... - Executiva Estadual do ...",
   "link": "https://lookaside.fbsbx.com/lookaside/crawler/media/?media_id=334072563338216",
   "displayLink": "www.facebook.com",
   "snippet": "Vereadores Abadia De Goiás/Go Nivaldo... - Executiva Estadual do ...",
   "htmlSnippet": "Vereadores Abadia De Goiás/Go Nivaldo... - Executiva Estadual do ...",
   "mime": "image/",
   "image": {
    "contextLink": "https://www.facebook.com/pmdbgoias.com.b/posts/vereadoresabadia-de-goi%C3%A1sgonivaldo-de-paula-e-souzaabadi%C3%A2niagodiogenes-gontijo-a/519927158093033/",
    "height": 170,
    "width": 297,
    "byteSize": 4392,
    "thumbnailLink": "https://encrypted-tbn0.gstatic.com/images?q=tbn:ANd9GcQN3xcw3BlYljuzaqRB9HODx_0wnTapBczWMWAsvzo8tJJ_tDxW8qIt9P4",
    "thumbnailHeight": 66,
    "thumbnailWidth": 116
   }
  },
  {
   "kind": "customsearch#result",
   "title": "title | Gazeta do Povo",
   "htmlTitle": "title | Gazeta do Povo",
   "link": "https://gazetadopovo-candidatos-2016.s3.amazonaws.com/fotos/go/abadiania/dona-rosa-36258.jpg",
   "displayLink": "especiais.gazetadopovo.com.br",
   "snippet": "title | Gazeta do Povo",
   "htmlSnippet": "title | Gazeta do Povo",
   "mime": "image/jpeg",
   "image": {
    "contextLink": "https://especiais.gazetadopovo.com.br/eleicoes/2016/abadiania-go/vereador/clarindo-borges-36123/",
    "height": 225,
    "width": 161,
    "byteSize": 4197,
    "thumbnailLink": "https://encrypted-tbn0.gstatic.com/images?q=tbn:ANd9GcSlcrH-4mmUVd1t_d1v3pHQPSwIqUvwMMFDqaAUYq5d-U0OwNjrufF2ZQ",
    "thumbnailHeight": 108,
    "thumbnailWidth": 77
   }
  }
 ]
}
