{
 "kind": "customsearch#search",
 "url": {
  "type": "application/json",
  "template": "https://www.googleapis.com/customsearch/v1?q={searchTerms}&num={count?}&start={startIndex?}&lr={language?}&safe={safe?}&cx={cx?}&sort={sort?}&filter={filter?}&gl={gl?}&cr={cr?}&googlehost={googleHost?}&c2coff={disableCnTwTranslation?}&hq={hq?}&hl={hl?}&siteSearch={siteSearch?}&siteSearchFilter={siteSearchFilter?}&exactTerms={exactTerms?}&excludeTerms={excludeTerms?}&linkSite={linkSite?}&orTerms={orTerms?}&relatedSite={relatedSite?}&dateRestrict={dateRestrict?}&lowRange={lowRange?}&highRange={highRange?}&searchType={searchType}&fileType={fileType?}&rights={rights?}&imgSize={imgSize?}&imgType={imgType?}&imgColorType={imgColorType?}&imgDominantColor={imgDominantColor?}&alt=json"
 },
 "queries": {
  "request": [
   {
    "title": "Google Custom Search - \"CLEONICE GOMES DE SOUZA CANEDO\"",
    "totalResults": "1",
    "searchTerms": "\"CLEONICE GOMES DE SOUZA CANEDO\"",
    "count": 1,
    "startIndex": 1,
    "inputEncoding": "utf8",
    "outputEncoding": "utf8",
    "safe": "off",
    "cx": "014097292584411445814:sh5uhwve2ei",
    "searchType": "image"
   }
  ]
 },
 "context": {
  "title": "Eleitos"
 },
 "searchInformation": {
  "searchTime": 0.092571,
  "formattedSearchTime": "0.09",
  "totalResults": "1",
  "formattedTotalResults": "1"
 },
 "items": [
  {
   "kind": "customsearch#result",
   "title": "Cleonice Canedo 31444 PHS (Vereadora) Abadia de Goiás - Guia ...",
   "htmlTitle": "Cleonice Canedo 31444 PHS (Vereadora) Abadia de Goiás - Guia ...",
   "link": "https://gazetadopovo-candidatos-2016.s3.amazonaws.com/fotos/santinhos/go/abadia-de-goias/santinho-vereador-cleonice-canedo-31444-abadia-de-goias-go.jpg",
   "displayLink": "especiais.gazetadopovo.com.br",
   "snippet": "Cleonice Canedo 31444 PHS (Vereadora) Abadia de Goiás - Guia ...",
   "htmlSnippet": "Cleonice Canedo 31444 PHS (Vereadora) Abadia de Goiás - Guia ...",
   "mime": "image/jpeg",
   "image": {
    "contextLink": "https://especiais.gazetadopovo.com.br/eleicoes/2016/abadia-de-goias-go/vereador/cleonice-canedo-31444/",
    "height": 339,
    "width": 646,
    "byteSize": 19275,
    "thumbnailLink": "https://encrypted-tbn0.gstatic.com/images?q=tbn:ANd9GcS9zCTJMgyLPPv8lrCwQNs9XHVvpGebvXlcJBO_w6dLrJb2RTPi7hD9cLYT",
    "thumbnailHeight": 72,
    "thumbnailWidth": 137
   }
  }
 ]
}
