{
 "kind": "customsearch#search",
 "url": {
  "type": "application/json",
  "template": "https://www.googleapis.com/customsearch/v1?q={searchTerms}&num={count?}&start={startIndex?}&lr={language?}&safe={safe?}&cx={cx?}&sort={sort?}&filter={filter?}&gl={gl?}&cr={cr?}&googlehost={googleHost?}&c2coff={disableCnTwTranslation?}&hq={hq?}&hl={hl?}&siteSearch={siteSearch?}&siteSearchFilter={siteSearchFilter?}&exactTerms={exactTerms?}&excludeTerms={excludeTerms?}&linkSite={linkSite?}&orTerms={orTerms?}&relatedSite={relatedSite?}&dateRestrict={dateRestrict?}&lowRange={lowRange?}&highRange={highRange?}&searchType={searchType}&fileType={fileType?}&rights={rights?}&imgSize={imgSize?}&imgType={imgType?}&imgColorType={imgColorType?}&imgDominantColor={imgDominantColor?}&alt=json"
 },
 "queries": {
  "request": [
   {
    "title": "Google Custom Search - \"DANIEL BALDUINO RABELO\"",
    "totalResults": "5",
    "searchTerms": "\"DANIEL BALDUINO RABELO\"",
    "count": 5,
    "startIndex": 1,
    "inputEncoding": "utf8",
    "outputEncoding": "utf8",
    "safe": "off",
    "cx": "014097292584411445814:sh5uhwve2ei",
    "searchType": "image"
   }
  ]
 },
 "context": {
  "title": "Eleitos"
 },
 "searchInformation": {
  "searchTime": 0.098989,
  "formattedSearchTime": "0.10",
  "totalResults": "5",
  "formattedTotalResults": "5"
 },
 "items": [
  {
   "kind": "customsearch#result",
   "title": "title | Gazeta do Povo",
   "htmlTitle": "title | Gazeta do Povo",
   "link": "https://gazetadopovo-candidatos-2016.s3.amazonaws.com/fotos/santinhos/go/agua-limpa/santinho-vereador-daniel-balduino-40123-agua-limpa-go.jpg",
   "displayLink": "especiais.gazetadopovo.com.br",
   "snippet": "title | Gazeta do Povo",
   "htmlSnippet": "title | Gazeta do Povo",
   "mime": "image/jpeg",
   "image": {
    "contextLink": "https://especiais.gazetadopovo.com.br/eleicoes/2016/agua-limpa-go/vereador/daniel-balduino-40123/",
    "height": 339,
    "width": 646,
    "byteSize": 18860,
    "thumbnailLink": "https://encrypted-tbn0.gstatic.com/images?q=tbn:ANd9GcRk1V6eDwiDUgIqtCwoqYLBuucqj14Fgrf9LIJqMwn0iFdxfwQ-PjeHk7BH",
    "thumbnailHeight": 72,
    "thumbnailWidth": 137
   }
  },
  {
   "kind": "customsearch#result",
   "title": "Estrutura Organizacional - Câmara Municipal de Água Limpa",
   "htmlTitle": "Estrutura Organizacional - Câmara Municipal de Água Limpa",
   "link": "http://www.camaraagualimpa.go.gov.br/res/midias/img/b273f1573121b4a47fa83afb45eb7322.png?x=0&y=0&w=998&h=997.6798143851508",
   "displayLink": "www.camaraagualimpa.go.gov.br",
   "snippet": "Estrutura Organizacional - Câmara Municipal de Água Limpa",
   "htmlSnippet": "Estrutura Organizacional - Câmara Municipal de Água Limpa",
   "mime": "image/png",
   "image": {
    "contextLink": "http://www.camaraagualimpa.go.gov.br/pagina/institucional/156-estrutura-organizacional",
    "height": 997,
    "width": 998,
    "byteSize": 818870,
    "thumbnailLink": "https://encrypted-tbn0.gstatic.com/images?q=tbn:ANd9GcTCMQwTQmuktk5zwp9-8dVS32nTjYbkfccBbRpIFqTdC3BpEisf_Rwmgn0p",
    "thumbnailHeight": 149,
    "thumbnailWidth": 149
   }
  },
  {
   "kind": "customsearch#result",
   "title": "title | Gazeta do Povo",
   "htmlTitle": "title | Gazeta do Povo",
   "link": "https://gazetadopovo-candidatos-2016.s3.amazonaws.com/fotos/go/agua-limpa/daniel-balduino-40123.jpg",
   "displayLink": "especiais.gazetadopovo.com.br",
   "snippet": "title | Gazeta do Povo",
   "htmlSnippet": "title | Gazeta do Povo",
   "mime": "image/jpeg",
   "image": {
    "contextLink": "https://especiais.gazetadopovo.com.br/eleicoes/2016/agua-limpa-go/vereador/daniel-balduino-40123/",
    "height": 225,
    "width": 161,
    "byteSize": 3937,
    "thumbnailLink": "https://encrypted-tbn0.gstatic.com/images?q=tbn:ANd9GcT_R2nkP5hDagGR80FFs1e9r1Gfx4eB76bLHpJhDQH7_V8pUmyCZrB2-w",
    "thumbnailHeight": 108,
    "thumbnailWidth": 77
   }
  },
  {
   "kind": "customsearch#result",
   "title": "title | Gazeta do Povo",
   "htmlTitle": "title | Gazeta do Povo",
   "link": "https://gazetadopovo-candidatos-2016.s3.amazonaws.com/fotos/go/agua-limpa/walderson-40609.jpg",
   "displayLink": "especiais.gazetadopovo.com.br",
   "snippet": "title | Gazeta do Povo",
   "htmlSnippet": "title | Gazeta do Povo",
   "mime": "image/jpeg",
   "image": {
    "contextLink": "https://especiais.gazetadopovo.com.br/eleicoes/2016/agua-limpa-go/vereador/daniel-balduino-40123/",
    "height": 225,
    "width": 161,
    "byteSize": 4513,
    "thumbnailLink": "https://encrypted-tbn0.gstatic.com/images?q=tbn:ANd9GcQEVHt2au6sfeYetUX9wb4aNs8T1DXArr76rUxoGtTjRpwq2fLJbJlACA",
    "thumbnailHeight": 108,
    "thumbnailWidth": 77
   }
  },
  {
   "kind": "customsearch#result",
   "title": "title | Gazeta do Povo",
   "htmlTitle": "title | Gazeta do Povo",
   "link": "https://gazetadopovo-candidatos-2016.s3.amazonaws.com/fotos/go/agua-limpa/graciene-40688.jpg",
   "displayLink": "especiais.gazetadopovo.com.br",
   "snippet": "title | Gazeta do Povo",
   "htmlSnippet": "title | Gazeta do Povo",
   "mime": "image/jpeg",
   "image": {
    "contextLink": "https://especiais.gazetadopovo.com.br/eleicoes/2016/agua-limpa-go/vereador/daniel-balduino-40123/",
    "height": 225,
    "width": 161,
    "byteSize": 7436,
    "thumbnailLink": "https://encrypted-tbn0.gstatic.com/images?q=tbn:ANd9GcRr13QUcyDZ_R6Q7QIMAzSVwE8Vet8VWn5SEV9-9iEfWTRgkzHKosuA2s8",
    "thumbnailHeight": 108,
    "thumbnailWidth": 77
   }
  }
 ]
}
