{
 "kind": "customsearch#search",
 "url": {
  "type": "application/json",
  "template": "https://www.googleapis.com/customsearch/v1?q={searchTerms}&num={count?}&start={startIndex?}&lr={language?}&safe={safe?}&cx={cx?}&sort={sort?}&filter={filter?}&gl={gl?}&cr={cr?}&googlehost={googleHost?}&c2coff={disableCnTwTranslation?}&hq={hq?}&hl={hl?}&siteSearch={siteSearch?}&siteSearchFilter={siteSearchFilter?}&exactTerms={exactTerms?}&excludeTerms={excludeTerms?}&linkSite={linkSite?}&orTerms={orTerms?}&relatedSite={relatedSite?}&dateRestrict={dateRestrict?}&lowRange={lowRange?}&highRange={highRange?}&searchType={searchType}&fileType={fileType?}&rights={rights?}&imgSize={imgSize?}&imgType={imgType?}&imgColorType={imgColorType?}&imgDominantColor={imgDominantColor?}&alt=json"
 },
 "queries": {
  "request": [
   {
    "title": "Google Custom Search - \"DAVY FÉLIX VAZ DA SILVA\"",
    "totalResults": "212",
    "searchTerms": "\"DAVY FÉLIX VAZ DA SILVA\"",
    "count": 10,
    "startIndex": 1,
    "inputEncoding": "utf8",
    "outputEncoding": "utf8",
    "safe": "off",
    "cx": "014097292584411445814:sh5uhwve2ei",
    "searchType": "image"
   }
  ],
  "nextPage": [
   {
    "title": "Google Custom Search - \"DAVY FÉLIX VAZ DA SILVA\"",
    "totalResults": "212",
    "searchTerms": "\"DAVY FÉLIX VAZ DA SILVA\"",
    "count": 10,
    "startIndex": 11,
    "inputEncoding": "utf8",
    "outputEncoding": "utf8",
    "safe": "off",
    "cx": "014097292584411445814:sh5uhwve2ei",
    "searchType": "image"
   }
  ]
 },
 "context": {
  "title": "Eleitos"
 },
 "searchInformation": {
  "searchTime": 0.315043,
  "formattedSearchTime": "0.32",
  "totalResults": "212",
  "formattedTotalResults": "212"
 },
 "items": [
  {
   "kind": "customsearch#result",
   "title": "Davy Félix 22322 PR (Vereador) Abadiânia - Guia Eleições 2016",
   "htmlTitle": "Davy Félix 22322 PR (Vereador) Abadiânia - Guia Eleições 2016",
   "link": "https://gazetadopovo-candidatos-2016.s3.amazonaws.com/fotos/santinhos/go/abadiania/santinho-vereador-davy-felix-22322-abadiania-go.jpg",
   "displayLink": "especiais.gazetadopovo.com.br",
   "snippet": "Davy Félix 22322 PR (Vereador) Abadiânia - Guia Eleições 2016",
   "htmlSnippet": "Davy Félix 22322 PR (Vereador) Abadiânia - Guia Eleições 2016",
   "mime": "image/jpeg",
   "image": {
    "contextLink": "https://especiais.gazetadopovo.com.br/eleicoes/2016/abadiania-go/vereador/davy-felix-22322/",
    "height": 339,
    "width": 646,
    "byteSize": 18628,
    "thumbnailLink": "https://encrypted-tbn0.gstatic.com/images?q=tbn:ANd9GcQjkXIHPj5DN1ufIRb-PEc3vFUdESWIQMdKWFhiXspsqFq_3EOFxuAlf80",
    "thumbnailHeight": 72,
    "thumbnailWidth": 137
   }
  },
  {
   "kind": "customsearch#result",
   "title": "Polícia Civil de Abadiânia recebe homenagem da câmara de ...",
   "htmlTitle": "Polícia Civil de Abadiânia recebe homenagem da câmara de ...",
   "link": "https://www.policiacivil.go.gov.br/wp-content/uploads/2018/02/whatsapp-image-2018-02-28-at-170.jpg",
   "displayLink": "www.policiacivil.go.gov.br",
   "snippet": "Polícia Civil de Abadiânia recebe homenagem da câmara de ...",
   "htmlSnippet": "Polícia Civil de Abadiânia recebe homenagem da câmara de ...",
   "mime": "image/jpeg",
   "image": {
    "contextLink": "https://www.policiacivil.go.gov.br/noticias/policia-civil-de-abadiania-recebe-homenagem-da-camara-de-vereadores-do-municipio.html",
    "height": 533,
    "width": 820,
    "byteSize": 80174,
    "thumbnailLink": "https://encrypted-tbn0.gstatic.com/images?q=tbn:ANd9GcQI9vzzOHCl1FnfH_fDz3uATR0oXgtZvnS2H1zAFaBYtkBw_FEWXpHGdOM",
    "thumbnailHeight": 94,
    "thumbnailWidth": 144
   }
  },
  {
   "kind": "customsearch#result",
   "title": "Davy Félix 22322 PR (Vereador) Abadiânia - Guia Eleições 2016",
   "htmlTitle": "Davy Félix 22322 PR (Vereador) Abadiânia - Guia Eleições 2016",
   "link": "https://gazetadopovo-candidatos-2016.s3.amazonaws.com/fotos/go/abadiania/davy-felix-22322.jpg",
   "displayLink": "especiais.gazetadopovo.com.br",
   "snippet": "Davy Félix 22322 PR (Vereador) Abadiânia - Guia Eleições 2016",
   "htmlSnippet": "Davy Félix 22322 PR (Vereador) Abadiânia - Guia Eleições 2016",
   "mime": "image/jpeg",
   "image": {
    "contextLink": "https://especiais.gazetadopovo.com.br/eleicoes/2016/abadiania-go/vereador/davy-felix-22322/",
    "height": 225,
    "width": 161,
    "byteSize": 4499,
    "thumbnailLink": "https://encrypted-tbn0.gstatic.com/images?q=tbn:ANd9GcS0jovubRApsZODnsCwGSJU8IF_S1VLyyOB2GqYOFsc93K-1lBUM82RlVI",
    "thumbnailHeight": 108,
    "thumbnailWidth": 77
   }
  },
  {
   "kind": "customsearch#result",
   "title": "Conselhos Tutelares - Assembleia Legislativa do Estado de Goiás",
   "htmlTitle": "Conselhos Tutelares - Assembleia Legislativa do Estado de Goiás",
   "link": "https://portal.al.go.leg.br/imagens/miniatura/d/32031/a/646868/w/1024/h/648/",
   "displayLink": "portal.al.go.leg.br",
   "snippet": "Conselhos Tutelares - Assembleia Legislativa do Estado de Goiás",
   "htmlSnippet": "Conselhos Tutelares - Assembleia Legislativa do Estado de Goiás",
   "mime": "image/",
   "image": {
    "contextLink": "https://portal.al.go.leg.br/noticias/ver/id/157886/tipo/especial/conselhos+tutelares+",
    "height": 648,
    "width": 1024,
    "byteSize": 82915,
    "thumbnailLink": "https://encrypted-tbn0.gstatic.com/images?q=tbn:ANd9GcQ_FYV5pbDIcGVKfVMu53VqDhP7criGWgb5x2e6dqCsGk4gOz9hiugD4zs",
    "thumbnailHeight": 95,
    "thumbnailWidth": 150
   }
  },
  {
   "kind": "customsearch#result",
   "title": "Polícia Civil de Abadiânia recebe homenagem da câmara de ...",
   "htmlTitle": "Polícia Civil de Abadiânia recebe homenagem da câmara de ...",
   "link": "https://www.policiacivil.go.gov.br/wp-content/uploads/2018/02/whatsapp-image-2018-02-28-at-177.jpg",
   "displayLink": "www.policiacivil.go.gov.br",
   "snippet": "Polícia Civil de Abadiânia recebe homenagem da câmara de ...",
   "htmlSnippet": "Polícia Civil de Abadiânia recebe homenagem da câmara de ...",
   "mime": "image/jpeg",
   "image": {
    "contextLink": "https://www.policiacivil.go.gov.br/noticias/policia-civil-de-abadiania-recebe-homenagem-da-camara-de-vereadores-do-municipio.html",
    "height": 481,
    "width": 820,
    "byteSize": 67229,
    "thumbnailLink": "https://encrypted-tbn0.gstatic.com/images?q=tbn:ANd9GcQsLE7s0do-PBERWSKZa56z9jZvYc8WXWkwQIrqpLQELlfSm1S2yYxpjC8",
    "thumbnailHeight": 84,
    "thumbnailWidth": 144
   }
  },
  {
   "kind": "customsearch#result",
   "title": "Davy Félix 22322 PR (Vereador) Abadiânia - Guia Eleições 2016",
   "htmlTitle": "Davy Félix 22322 PR (Vereador) Abadiânia - Guia Eleições 2016",
   "link": "https://gazetadopovo-candidatos-2016.s3.amazonaws.com/fotos/go/abadiania/wladimir-toledo-22321.jpg",
   "displayLink": "especiais.gazetadopovo.com.br",
   "snippet": "Davy Félix 22322 PR (Vereador) Abadiânia - Guia Eleições 2016",
   "htmlSnippet": "Davy Félix 22322 PR (Vereador) Abadiânia - Guia Eleições 2016",
   "mime": "image/jpeg",
   "image": {
    "contextLink": "https://especiais.gazetadopovo.com.br/eleicoes/2016/abadiania-go/vereador/davy-felix-22322/",
    "height": 225,
    "width": 161,
    "byteSize": 3843,
    "thumbnailLink": "https://encrypted-tbn0.gstatic.com/images?q=tbn:ANd9GcRcpJtMDLh11bU-bd3hf0935jQZXK_uy1OWEITZgSvFKFRTgALW3wSUWA",
    "thumbnailHeight": 108,
    "thumbnailWidth": 77
   }
  },
  {
   "kind": "customsearch#result",
   "title": "Polícia Civil de Abadiânia recebe homenagem da câmara de ...",
   "htmlTitle": "Polícia Civil de Abadiânia recebe homenagem da câmara de ...",
   "link": "https://www.policiacivil.go.gov.br/wp-content/uploads/2018/02/whatsapp-image-2018-02-28-at-173.jpg",
   "displayLink": "www.policiacivil.go.gov.br",
   "snippet": "Polícia Civil de Abadiânia recebe homenagem da câmara de ...",
   "htmlSnippet": "Polícia Civil de Abadiânia recebe homenagem da câmara de ...",
   "mime": "image/jpeg",
   "image": {
    "contextLink": "https://www.policiacivil.go.gov.br/noticias/policia-civil-de-abadiania-recebe-homenagem-da-camara-de-vereadores-do-municipio.html",
    "height": 486,
    "width": 820,
    "byteSize": 58442,
    "thumbnailLink": "https://encrypted-tbn0.gstatic.com/images?q=tbn:ANd9GcSrR-mdvJiILS0enrktpRLneKo7Wq_kvnr3-6ZF29CDJV5NIZJxsPI5u8ED",
    "thumbnailHeight": 85,
    "thumbnailWidth": 144
   }
  },
  {
   "kind": "customsearch#result",
   "title": "Davy Félix 22322 PR (Vereador) Abadiânia - Guia Eleições 2016",
   "htmlTitle": "Davy Félix 22322 PR (Vereador) Abadiânia - Guia Eleições 2016",
   "link": "https://gazetadopovo-candidatos-2016.s3.amazonaws.com/fotos/go/abadiania/beth-chaul-22001.jpg",
   "displayLink": "especiais.gazetadopovo.com.br",
   "snippet": "Davy Félix 22322 PR (Vereador) Abadiânia - Guia Eleições 2016",
   "htmlSnippet": "Davy Félix 22322 PR (Vereador) Abadiânia - Guia Eleições 2016",
   "mime": "image/jpeg",
   "image": {
    "contextLink": "https://especiais.gazetadopovo.com.br/eleicoes/2016/abadiania-go/vereador/davy-felix-22322/",
    "height": 225,
    "width": 161,
    "byteSize": 6974,
    "thumbnailLink": "https://encrypted-tbn0.gstatic.com/images?q=tbn:ANd9GcRt55psOBR165wufX5dEwWvxIemo4pDl3bMH_zUCqmXnULT-4wh2QDNLrA",
    "thumbnailHeight": 108,
    "thumbnailWidth": 77
   }
  },
  {
   "kind": "customsearch#result",
   "title": "Polícia Civil de Abadiânia recebe homenagem da câmara de ...",
   "htmlTitle": "Polícia Civil de Abadiânia recebe homenagem da câmara de ...",
   "link": "https://www.policiacivil.go.gov.br/wp-content/uploads/2018/02/whatsapp-image-2018-02-28-at-175.jpg",
   "displayLink": "www.policiacivil.go.gov.br",
   "snippet": "Polícia Civil de Abadiânia recebe homenagem da câmara de ...",
   "htmlSnippet": "Polícia Civil de Abadiânia recebe homenagem da câmara de ...",
   "mime": "image/jpeg",
   "image": {
    "contextLink": "https://www.policiacivil.go.gov.br/noticias/policia-civil-de-abadiania-recebe-homenagem-da-camara-de-vereadores-do-municipio.html",
    "height": 532,
    "width": 820,
    "byteSize": 87626,
    "thumbnailLink": "https://encrypted-tbn0.gstatic.com/images?q=tbn:ANd9GcQfdUBWCiyRwGhfItFZe_gOTqpK6XNsTh_nTpDCV_oyVqXzMIyxgrPb2MhI",
    "thumbnailHeight": 93,
    "thumbnailWidth": 144
   }
  },
  {
   "kind": "customsearch#result",
   "title": "PODER LEGISLATIVO",
   "htmlTitle": "PODER LEGISLATIVO",
   "link": "x-raw-image:///09e02477928cda1e587b7b407d46e03bb109606d5cfc68df2a582763bb4e8c15",
   "displayLink": "www.abadiania.go.leg.br",
   "snippet": "PODER LEGISLATIVO",
   "htmlSnippet": "PODER LEGISLATIVO",
   "mime": "image/",
   "image": {
    "contextLink": "http://www.abadiania.go.leg.br/processo-legislativo/trabalho-legislativo-2017/pautas-ordinarias/fevereiro/pauta-3a-sessao",
    "height": 334,
    "width": 333,
    "byteSize": 157545,
    "thumbnailLink": "https://encrypted-tbn0.gstatic.com/images?q=tbn:ANd9GcRbOHP_RHblhEf1ffG31olaL6PiazrZt1yGzQ7NBsFIDjQhx7yylpZj1g",
    "thumbnailHeight": 119,
    "thumbnailWidth": 119
   }
  }
 ]
}
