{
 "kind": "customsearch#search",
 "url": {
  "type": "application/json",
  "template": "https://www.googleapis.com/customsearch/v1?q={searchTerms}&num={count?}&start={startIndex?}&lr={language?}&safe={safe?}&cx={cx?}&sort={sort?}&filter={filter?}&gl={gl?}&cr={cr?}&googlehost={googleHost?}&c2coff={disableCnTwTranslation?}&hq={hq?}&hl={hl?}&siteSearch={siteSearch?}&siteSearchFilter={siteSearchFilter?}&exactTerms={exactTerms?}&excludeTerms={excludeTerms?}&linkSite={linkSite?}&orTerms={orTerms?}&relatedSite={relatedSite?}&dateRestrict={dateRestrict?}&lowRange={lowRange?}&highRange={highRange?}&searchType={searchType}&fileType={fileType?}&rights={rights?}&imgSize={imgSize?}&imgType={imgType?}&imgColorType={imgColorType?}&imgDominantColor={imgDominantColor?}&alt=json"
 },
 "queries": {
  "request": [
   {
    "title": "Google Custom Search - \"DIEGO RODRIGUES DA SILVA ARANTES\"",
    "totalResults": "732",
    "searchTerms": "\"DIEGO RODRIGUES DA SILVA ARANTES\"",
    "count": 10,
    "startIndex": 1,
    "inputEncoding": "utf8",
    "outputEncoding": "utf8",
    "safe": "off",
    "cx": "014097292584411445814:sh5uhwve2ei",
    "searchType": "image"
   }
  ],
  "nextPage": [
   {
    "title": "Google Custom Search - \"DIEGO RODRIGUES DA SILVA ARANTES\"",
    "totalResults": "732",
    "searchTerms": "\"DIEGO RODRIGUES DA SILVA ARANTES\"",
    "count": 10,
    "startIndex": 11,
    "inputEncoding": "utf8",
    "outputEncoding": "utf8",
    "safe": "off",
    "cx": "014097292584411445814:sh5uhwve2ei",
    "searchType": "image"
   }
  ]
 },
 "context": {
  "title": "Eleitos"
 },
 "searchInformation": {
  "searchTime": 0.122972,
  "formattedSearchTime": "0.12",
  "totalResults": "732",
  "formattedTotalResults": "732"
 },
 "items": [
  {
   "kind": "customsearch#result",
   "title": "Diego Rodrigues da Silva Arantes - Câmara Municipal de Acreúna",
   "htmlTitle": "\u003cb\u003eDiego Rodrigues da Silva Arantes\u003c/b\u003e - Câmara Municipal de Acreúna",
   "link": "http://camaraacreuna.go.gov.br/res/midias/img/e6d49ca436aff3e4e0908621bffa8df7.jpg",
   "displayLink": "www.camaraacreuna.go.gov.br",
   "snippet": "Diego Rodrigues da Silva Arantes - Câmara Municipal de Acreúna",
   "htmlSnippet": "\u003cb\u003eDiego Rodrigues da Silva Arantes\u003c/b\u003e - Câmara Municipal de Acreúna",
   "mime": "image/jpeg",
   "image": {
    "contextLink": "http://www.camaraacreuna.go.gov.br/pagina/157-diego-rodrigues-da-silva-arantes",
    "height": 1000,
    "width": 666,
    "byteSize": 54824,
    "thumbnailLink": "https://encrypted-tbn0.gstatic.com/images?q=tbn:ANd9GcRzIdlaVV79wFuFCdVkhWFT4-dtF0gtdyiNxM5_lelfCe2wftb4c6ik5hk",
    "thumbnailHeight": 149,
    "thumbnailWidth": 99
   }
  },
  {
   "kind": "customsearch#result",
   "title": "Diego Smith 36000 PTC (Vereador) Acreúna - Guia Eleições 2016",
   "htmlTitle": "Diego Smith 36000 PTC (Vereador) Acreúna - Guia Eleições 2016",
   "link": "https://gazetadopovo-candidatos-2016.s3.amazonaws.com/fotos/santinhos/go/acreuna/santinho-vereador-diego-smith-36000-acreuna-go.jpg",
   "displayLink": "especiais.gazetadopovo.com.br",
   "snippet": "Diego Smith 36000 PTC (Vereador) Acreúna - Guia Eleições 2016",
   "htmlSnippet": "Diego Smith 36000 PTC (Vereador) Acreúna - Guia Eleições 2016",
   "mime": "image/jpeg",
   "image": {
    "contextLink": "https://especiais.gazetadopovo.com.br/eleicoes/2016/acreuna-go/vereador/diego-smith-36000/",
    "height": 339,
    "width": 646,
    "byteSize": 18251,
    "thumbnailLink": "https://encrypted-tbn0.gstatic.com/images?q=tbn:ANd9GcRmV2HE3P3tDsKsuIDkHoi7lWAaz-VuEbCi5TXDXGhRDVhj0MxKIYLLHVKK",
    "thumbnailHeight": 72,
    "thumbnailWidth": 137
   }
  },
  {
   "kind": "customsearch#result",
   "title": "Diego Smith - Posts | Facebook",
   "htmlTitle": "Diego Smith - Posts | Facebook",
   "link": "https://lookaside.fbsbx.com/lookaside/crawler/media/?media_id=1220842061403142",
   "displayLink": "www.facebook.com",
   "snippet": "Diego Smith - Posts | Facebook",
   "htmlSnippet": "Diego Smith - Posts | Facebook",
   "mime": "image/",
   "image": {
    "contextLink": "https://www.facebook.com/oficialdiegosmith/posts",
    "height": 714,
    "width": 960,
    "byteSize": 68209,
    "thumbnailLink": "https://encrypted-tbn0.gstatic.com/images?q=tbn:ANd9GcR1Z1eho933T96vUjn6Ul0FJu-8Y9L312whDwlX7TL9jQQf_pRAyO4W4u8",
    "thumbnailHeight": 110,
    "thumbnailWidth": 148
   }
  },
  {
   "kind": "customsearch#result",
   "title": "Diego Smith 36000 PTC (Vereador) Acreúna - Guia Eleições 2016",
   "htmlTitle": "Diego Smith 36000 PTC (Vereador) Acreúna - Guia Eleições 2016",
   "link": "https://gazetadopovo-candidatos-2016.s3.amazonaws.com/fotos/go/acreuna/diego-smith-36000.jpg",
   "displayLink": "especiais.gazetadopovo.com.br",
   "snippet": "Diego Smith 36000 PTC (Vereador) Acreúna - Guia Eleições 2016",
   "htmlSnippet": "Diego Smith 36000 PTC (Vereador) Acreúna - Guia Eleições 2016",
   "mime": "image/jpeg",
   "image": {
    "contextLink": "https://especiais.gazetadopovo.com.br/eleicoes/2016/acreuna-go/vereador/diego-smith-36000/",
    "height": 225,
    "width": 161,
    "byteSize": 4324,
    "thumbnailLink": "https://encrypted-tbn0.gstatic.com/images?q=tbn:ANd9GcQNICWk5BhUbB5T3gMxEh5I35j0kar7AakC2iH__IxJ47utXvlsR6pcelg",
    "thumbnailHeight": 108,
    "thumbnailWidth": 77
   }
  },
  {
   "kind": "customsearch#result",
   "title": "LISTA DE CANDIDATOS COM PEDIDO DE ISENÇÃO DE PAGAMENTO DA ...",
   "htmlTitle": "LISTA DE CANDIDATOS COM PEDIDO DE ISENÇÃO DE PAGAMENTO DA ...",
   "link": "http://www.camaraacreuna.go.gov.br/res/midias/img/67105acf415d65e03e67b43e9262a9cc.jpg?x=0&y=0&w=1000&h=651",
   "displayLink": "www.camaraacreuna.go.gov.br",
   "snippet": "LISTA DE CANDIDATOS COM PEDIDO DE ISENÇÃO DE PAGAMENTO DA ...",
   "htmlSnippet": "LISTA DE CANDIDATOS COM PEDIDO DE ISENÇÃO DE PAGAMENTO DA ...",
   "mime": "image/jpeg",
   "image": {
    "contextLink": "http://www.camaraacreuna.go.gov.br/noticia/38-lista-de-candidatos-com-pedido-de-iseno-de-pagamento-da-inscrio-indeferido",
    "height": 651,
    "width": 1000,
    "byteSize": 40916,
    "thumbnailLink": "https://encrypted-tbn0.gstatic.com/images?q=tbn:ANd9GcQB2ZQKF90Y3P5_nGKdSRO2vhAFuFbf-yovd3jmZih2nzJ59YQJNQ5rdpUS",
    "thumbnailHeight": 97,
    "thumbnailWidth": 149
   }
  },
  {
   "kind": "customsearch#result",
   "title": "Diego Smith 36000 PTC (Vereador) Acreúna - Guia Eleições 2016",
   "htmlTitle": "Diego Smith 36000 PTC (Vereador) Acreúna - Guia Eleições 2016",
   "link": "https://gazetadopovo-candidatos-2016.s3.amazonaws.com/fotos/go/acreuna/hugo-da-ambulancia-36789.jpg",
   "displayLink": "especiais.gazetadopovo.com.br",
   "snippet": "Diego Smith 36000 PTC (Vereador) Acreúna - Guia Eleições 2016",
   "htmlSnippet": "Diego Smith 36000 PTC (Vereador) Acreúna - Guia Eleições 2016",
   "mime": "image/jpeg",
   "image": {
    "contextLink": "https://especiais.gazetadopovo.com.br/eleicoes/2016/acreuna-go/vereador/diego-smith-36000/",
    "height": 225,
    "width": 161,
    "byteSize": 4475,
    "thumbnailLink": "https://encrypted-tbn0.gstatic.com/images?q=tbn:ANd9GcRtGkPQRuyCFa0NvpuYb1xVuteKBL4hbEG5RaGC7egpnHpWik4JwcLt8w",
    "thumbnailHeight": 108,
    "thumbnailWidth": 77
   }
  },
  {
   "kind": "customsearch#result",
   "title": "Dados Gerais - Câmara Municipal de Acreúna",
   "htmlTitle": "Dados Gerais - Câmara Municipal de Acreúna",
   "link": "http://camaraacreuna.go.gov.br/res/midias/img/8d9dd92ac86bff9f275ac7ae2376a567.png",
   "displayLink": "www.camaraacreuna.go.gov.br",
   "snippet": "Dados Gerais - Câmara Municipal de Acreúna",
   "htmlSnippet": "Dados Gerais - Câmara Municipal de Acreúna",
   "mime": "image/png",
   "image": {
    "contextLink": "http://www.camaraacreuna.go.gov.br/pagina/145-dados-gerais",
    "height": 1000,
    "width": 955,
    "byteSize": 517406,
    "thumbnailLink": "https://encrypted-tbn0.gstatic.com/images?q=tbn:ANd9GcRPEW1cx0cXPwtg5-hK7QEkhhvS6LCDpa4XqwOMXn7zxJgKz9P_DwIr_b4RwA",
    "thumbnailHeight": 149,
    "thumbnailWidth": 142
   }
  },
  {
   "kind": "customsearch#result",
   "title": "Diego Smith 36000 PTC (Vereador) Acreúna - Guia Eleições 2016",
   "htmlTitle": "Diego Smith 36000 PTC (Vereador) Acreúna - Guia Eleições 2016",
   "link": "https://gazetadopovo-candidatos-2016.s3.amazonaws.com/fotos/go/acreuna/ze-da-lambreta-36010.jpg",
   "displayLink": "especiais.gazetadopovo.com.br",
   "snippet": "Diego Smith 36000 PTC (Vereador) Acreúna - Guia Eleições 2016",
   "htmlSnippet": "Diego Smith 36000 PTC (Vereador) Acreúna - Guia Eleições 2016",
   "mime": "image/jpeg",
   "image": {
    "contextLink": "https://especiais.gazetadopovo.com.br/eleicoes/2016/acreuna-go/vereador/diego-smith-36000/",
    "height": 225,
    "width": 161,
    "byteSize": 5375,
    "thumbnailLink": "https://encrypted-tbn0.gstatic.com/images?q=tbn:ANd9GcT9WKmrHlHcwOfLqi1rqJDyTLQ7QsmYxI5bR9I9bdb0mTNm-3kR4tHuei0",
    "thumbnailHeight": 108,
    "thumbnailWidth": 77
   }
  },
  {
   "kind": "customsearch#result",
   "title": "Banco do Brasil firma convênio com dois correspondentes bancários ...",
   "htmlTitle": "Banco do Brasil firma convênio com dois correspondentes bancários ...",
   "link": "http://camaraacreuna.go.gov.br/res/midias/img/40c8d8a6845f8e32d4b82002b0b466a9.png",
   "displayLink": "camaraacreuna.go.gov.br",
   "snippet": "Banco do Brasil firma convênio com dois correspondentes bancários ...",
   "htmlSnippet": "Banco do Brasil firma convênio com dois correspondentes bancários ...",
   "mime": "image/png",
   "image": {
    "contextLink": "http://camaraacreuna.go.gov.br/noticia/17-banco-do-brasil-firma-convenio-com-dois-correspondentes-bancarios-em-acreuna",
    "height": 1000,
    "width": 711,
    "byteSize": 432952,
    "thumbnailLink": "https://encrypted-tbn0.gstatic.com/images?q=tbn:ANd9GcTQVDyNqTCcNKJ-6C0F01H2u_wd2OhxPHoBjSZPJn2CEflzZa7yQ7L2D5LD",
    "thumbnailHeight": 149,
    "thumbnailWidth": 106
   }
  },
  {
   "kind": "customsearch#result",
   "title": "Diego Smith 36000 PTC (Vereador) Acreúna - Guia Eleições 2016",
   "htmlTitle": "Diego Smith 36000 PTC (Vereador) Acreúna - Guia Eleições 2016",
   "link": "https://gazetadopovo-candidatos-2016.s3.amazonaws.com/fotos/go/acreuna/silvinho-do-transporte-36555.jpg",
   "displayLink": "especiais.gazetadopovo.com.br",
   "snippet": "Diego Smith 36000 PTC (Vereador) Acreúna - Guia Eleições 2016",
   "htmlSnippet": "Diego Smith 36000 PTC (Vereador) Acreúna - Guia Eleições 2016",
   "mime": "image/jpeg",
   "image": {
    "contextLink": "https://especiais.gazetadopovo.com.br/eleicoes/2016/acreuna-go/vereador/diego-smith-36000/",
    "height": 225,
    "width": 161,
    "byteSize": 4515,
    "thumbnailLink": "https://encrypted-tbn0.gstatic.com/images?q=tbn:ANd9GcSAaqnwn5w71S90Vbva1rqwlzjbrMnFO-c_2stFndZc7WXamD9RFl-27A",
    "thumbnailHeight": 108,
    "thumbnailWidth": 77
   }
  }
 ]
}
