{
 "kind": "customsearch#search",
 "url": {
  "type": "application/json",
  "template": "https://www.googleapis.com/customsearch/v1?q={searchTerms}&num={count?}&start={startIndex?}&lr={language?}&safe={safe?}&cx={cx?}&sort={sort?}&filter={filter?}&gl={gl?}&cr={cr?}&googlehost={googleHost?}&c2coff={disableCnTwTranslation?}&hq={hq?}&hl={hl?}&siteSearch={siteSearch?}&siteSearchFilter={siteSearchFilter?}&exactTerms={exactTerms?}&excludeTerms={excludeTerms?}&linkSite={linkSite?}&orTerms={orTerms?}&relatedSite={relatedSite?}&dateRestrict={dateRestrict?}&lowRange={lowRange?}&highRange={highRange?}&searchType={searchType}&fileType={fileType?}&rights={rights?}&imgSize={imgSize?}&imgType={imgType?}&imgColorType={imgColorType?}&imgDominantColor={imgDominantColor?}&alt=json"
 },
 "queries": {
  "request": [
   {
    "title": "Google Custom Search - \"DORIVALDO BIAN CARDOSO\"",
    "totalResults": "5",
    "searchTerms": "\"DORIVALDO BIAN CARDOSO\"",
    "count": 5,
    "startIndex": 1,
    "inputEncoding": "utf8",
    "outputEncoding": "utf8",
    "safe": "off",
    "cx": "014097292584411445814:sh5uhwve2ei",
    "searchType": "image"
   }
  ]
 },
 "context": {
  "title": "Eleitos"
 },
 "searchInformation": {
  "searchTime": 0.091653,
  "formattedSearchTime": "0.09",
  "totalResults": "5",
  "formattedTotalResults": "5"
 },
 "spelling": {
  "correctedQuery": "\"DORIVALDO BRIAN CARDOSO\"",
  "htmlCorrectedQuery": "&quot;DORIVALDO \u003cb\u003e\u003ci\u003eBRIAN\u003c/i\u003e\u003c/b\u003e CARDOSO&quot;"
 },
 "items": [
  {
   "kind": "customsearch#result",
   "title": "title | Gazeta do Povo",
   "htmlTitle": "title | Gazeta do Povo",
   "link": "https://gazetadopovo-candidatos-2016.s3.amazonaws.com/fotos/santinhos/go/alexania/santinho-vereador-prof-dorivaldo-23000-alexania-go.jpg",
   "displayLink": "especiais.gazetadopovo.com.br",
   "snippet": "title | Gazeta do Povo",
   "htmlSnippet": "title | Gazeta do Povo",
   "mime": "image/jpeg",
   "image": {
    "contextLink": "https://especiais.gazetadopovo.com.br/eleicoes/2016/alexania-go/vereador/prof-dorivaldo-23000/",
    "height": 339,
    "width": 646,
    "byteSize": 18551,
    "thumbnailLink": "https://encrypted-tbn0.gstatic.com/images?q=tbn:ANd9GcQowaCWLdFhlNm28D0lf_1zYWHH0bxeEivDfxZ1g8l4pjqXJTJihevd461G",
    "thumbnailHeight": 72,
    "thumbnailWidth": 137
   }
  },
  {
   "kind": "customsearch#result",
   "title": "Câmara Municipal de Alexânia-GO",
   "htmlTitle": "Câmara Municipal de Alexânia-GO",
   "link": "https://www.camaraalexania.go.gov.br/portalImages?id=15",
   "displayLink": "www.camaraalexania.go.gov.br",
   "snippet": "Câmara Municipal de Alexânia-GO",
   "htmlSnippet": "Câmara Municipal de Alexânia-GO",
   "mime": "image/",
   "image": {
    "contextLink": "https://www.camaraalexania.go.gov.br/paginas/legislativo/vereadores/exibir?id=5",
    "height": 386,
    "width": 330,
    "byteSize": 188938,
    "thumbnailLink": "https://encrypted-tbn0.gstatic.com/images?q=tbn:ANd9GcSX8VTiFoHqEtTEfhjhwf0JFjmNWX2-dmhSJ6bMB4pMCsUwb8Ny_RacV20",
    "thumbnailHeight": 123,
    "thumbnailWidth": 105
   }
  },
  {
   "kind": "customsearch#result",
   "title": "title | Gazeta do Povo",
   "htmlTitle": "title | Gazeta do Povo",
   "link": "https://gazetadopovo-candidatos-2016.s3.amazonaws.com/fotos/go/alexania/prof-dorivaldo-23000.jpg",
   "displayLink": "especiais.gazetadopovo.com.br",
   "snippet": "title | Gazeta do Povo",
   "htmlSnippet": "title | Gazeta do Povo",
   "mime": "image/jpeg",
   "image": {
    "contextLink": "https://especiais.gazetadopovo.com.br/eleicoes/2016/alexania-go/vereador/prof-dorivaldo-23000/",
    "height": 225,
    "width": 161,
    "byteSize": 4203,
    "thumbnailLink": "https://encrypted-tbn0.gstatic.com/images?q=tbn:ANd9GcT0jI6vbvKfdPLTPUhTmegrSRH2jXAhsnJ36b6BkrlO_WlV8OiA9IoplA",
    "thumbnailHeight": 108,
    "thumbnailWidth": 77
   }
  },
  {
   "kind": "customsearch#result",
   "title": "Câmara Municipal de Alexânia-GO",
   "htmlTitle": "Câmara Municipal de Alexânia-GO",
   "link": "https://camaraalexania.go.gov.br/imagens_temp/parlamentar_MTUxNTUwMDY3Mjc2Mjcy.png",
   "displayLink": "www.camaraalexania.go.gov.br",
   "snippet": "Câmara Municipal de Alexânia-GO",
   "htmlSnippet": "Câmara Municipal de Alexânia-GO",
   "mime": "image/png",
   "image": {
    "contextLink": "https://www.camaraalexania.go.gov.br/paginas/legislativo/vereadores/exibir?id=5",
    "height": 386,
    "width": 330,
    "byteSize": 283627,
    "thumbnailLink": "https://encrypted-tbn0.gstatic.com/images?q=tbn:ANd9GcQ60H6OejWg7phIv9kYUNpM5XVACbdCKaUNwrFbFHO3IWxJi0EEFJu55w",
    "thumbnailHeight": 123,
    "thumbnailWidth": 105
   }
  },
  {
   "kind": "customsearch#result",
   "title": "title | Gazeta do Povo",
   "htmlTitle": "title | Gazeta do Povo",
   "link": "https://gazetadopovo-candidatos-2016.s3.amazonaws.com/fotos/go/alexania/edvaldo-farinha-23369.jpg",
   "displayLink": "especiais.gazetadopovo.com.br",
   "snippet": "title | Gazeta do Povo",
   "htmlSnippet": "title | Gazeta do Povo",
   "mime": "image/jpeg",
   "image": {
    "contextLink": "https://especiais.gazetadopovo.com.br/eleicoes/2016/alexania-go/vereador/prof-dorivaldo-23000/",
    "height": 225,
    "width": 161,
    "byteSize": 3704,
    "thumbnailLink": "https://encrypted-tbn0.gstatic.com/images?q=tbn:ANd9GcT1BsNZbnHZk7lDuiqCOES3QjjKanpYsy_x9kpIi7iS28M9maPE2gXKuA",
    "thumbnailHeight": 108,
    "thumbnailWidth": 77
   }
  }
 ]
}
