{
 "kind": "customsearch#search",
 "url": {
  "type": "application/json",
  "template": "https://www.googleapis.com/customsearch/v1?q={searchTerms}&num={count?}&start={startIndex?}&lr={language?}&safe={safe?}&cx={cx?}&sort={sort?}&filter={filter?}&gl={gl?}&cr={cr?}&googlehost={googleHost?}&c2coff={disableCnTwTranslation?}&hq={hq?}&hl={hl?}&siteSearch={siteSearch?}&siteSearchFilter={siteSearchFilter?}&exactTerms={exactTerms?}&excludeTerms={excludeTerms?}&linkSite={linkSite?}&orTerms={orTerms?}&relatedSite={relatedSite?}&dateRestrict={dateRestrict?}&lowRange={lowRange?}&highRange={highRange?}&searchType={searchType}&fileType={fileType?}&rights={rights?}&imgSize={imgSize?}&imgType={imgType?}&imgColorType={imgColorType?}&imgDominantColor={imgDominantColor?}&alt=json"
 },
 "queries": {
  "request": [
   {
    "title": "Google Custom Search - \"EDER FERNANDES FERREIRA NUNES\"",
    "totalResults": "4",
    "searchTerms": "\"EDER FERNANDES FERREIRA NUNES\"",
    "count": 4,
    "startIndex": 1,
    "inputEncoding": "utf8",
    "outputEncoding": "utf8",
    "safe": "off",
    "cx": "014097292584411445814:sh5uhwve2ei",
    "searchType": "image"
   }
  ]
 },
 "context": {
  "title": "Eleitos"
 },
 "searchInformation": {
  "searchTime": 0.259928,
  "formattedSearchTime": "0.26",
  "totalResults": "4",
  "formattedTotalResults": "4"
 },
 "items": [
  {
   "kind": "customsearch#result",
   "title": "Eder Nunes 55789 (PSD) Deputado Estadual | Goiás | Eleições 2018",
   "htmlTitle": "Eder Nunes 55789 (PSD) Deputado Estadual | Goiás | Eleições 2018",
   "link": "https://cdn-eleicoes.gazetadopovo.com.br/fotos/goias/deputado-estadual/eder-nunes-55789.jpg",
   "displayLink": "especiais.gazetadopovo.com.br",
   "snippet": "Eder Nunes 55789 (PSD) Deputado Estadual | Goiás | Eleições 2018",
   "htmlSnippet": "Eder Nunes 55789 (PSD) Deputado Estadual | Goiás | Eleições 2018",
   "mime": "image/jpeg",
   "image": {
    "contextLink": "https://especiais.gazetadopovo.com.br/eleicoes/2018/candidatos/go/deputado-estadual/eder-nunes-55789/",
    "height": 225,
    "width": 161,
    "byteSize": 5821,
    "thumbnailLink": "https://encrypted-tbn0.gstatic.com/images?q=tbn:ANd9GcSpRuuN3qUFKeXlLzNji8hjXkhLyLEWF5Fok_iNt4jjV3zuZ3X2z4eTTA",
    "thumbnailHeight": 108,
    "thumbnailWidth": 77
   }
  },
  {
   "kind": "customsearch#result",
   "title": "Eder Nunes 55000 PSD (Vereador) Águas Lindas de Goiás - Guia ...",
   "htmlTitle": "Eder Nunes 55000 PSD (Vereador) Águas Lindas de Goiás - Guia ...",
   "link": "https://gazetadopovo-candidatos-2016.s3.amazonaws.com/fotos/santinhos/go/aguas-lindas-de-goias/santinho-vereador-eder-nunes-55000-aguas-lindas-de-goias-go.jpg",
   "displayLink": "especiais.gazetadopovo.com.br",
   "snippet": "Eder Nunes 55000 PSD (Vereador) Águas Lindas de Goiás - Guia ...",
   "htmlSnippet": "Eder Nunes 55000 PSD (Vereador) Águas Lindas de Goiás - Guia ...",
   "mime": "image/jpeg",
   "image": {
    "contextLink": "https://especiais.gazetadopovo.com.br/eleicoes/2016/aguas-lindas-de-goias-go/vereador/eder-nunes-55000/",
    "height": 339,
    "width": 646,
    "byteSize": 19464,
    "thumbnailLink": "https://encrypted-tbn0.gstatic.com/images?q=tbn:ANd9GcRUpz1FM2x0asYuGavwa-FqyVNHbSf-lnjo2CHL9l2Sad7u1EvBG_9-t7am",
    "thumbnailHeight": 72,
    "thumbnailWidth": 137
   }
  },
  {
   "kind": "customsearch#result",
   "title": "Eder Nunes 55789 (PSD) Deputado Estadual | Goiás | Eleições 2018",
   "htmlTitle": "Eder Nunes 55789 (PSD) Deputado Estadual | Goiás | Eleições 2018",
   "link": "https://cdn-eleicoes.gazetadopovo.com.br/santinhos/goias/deputado-estadual/santinho-deputado-estadual-eder-nunes-55789-goias.jpg",
   "displayLink": "especiais.gazetadopovo.com.br",
   "snippet": "Eder Nunes 55789 (PSD) Deputado Estadual | Goiás | Eleições 2018",
   "htmlSnippet": "Eder Nunes 55789 (PSD) Deputado Estadual | Goiás | Eleições 2018",
   "mime": "image/jpeg",
   "image": {
    "contextLink": "https://especiais.gazetadopovo.com.br/eleicoes/2018/candidatos/go/deputado-estadual/eder-nunes-55789/",
    "height": 315,
    "width": 601,
    "byteSize": 30268,
    "thumbnailLink": "https://encrypted-tbn0.gstatic.com/images?q=tbn:ANd9GcRr-jsYsg5-81tBhSg7eBUIwsSs_lkGnwelonGY3duFMKpmZKv2q1WrgHt-",
    "thumbnailHeight": 71,
    "thumbnailWidth": 135
   }
  },
  {
   "kind": "customsearch#result",
   "title": "Eder Nunes 55000 PSD (Vereador) Águas Lindas de Goiás - Guia ...",
   "htmlTitle": "Eder Nunes 55000 PSD (Vereador) Águas Lindas de Goiás - Guia ...",
   "link": "https://gazetadopovo-candidatos-2016.s3.amazonaws.com/fotos/go/aguas-lindas-de-goias/eder-nunes-55000.jpg",
   "displayLink": "especiais.gazetadopovo.com.br",
   "snippet": "Eder Nunes 55000 PSD (Vereador) Águas Lindas de Goiás - Guia ...",
   "htmlSnippet": "Eder Nunes 55000 PSD (Vereador) Águas Lindas de Goiás - Guia ...",
   "mime": "image/jpeg",
   "image": {
    "contextLink": "https://especiais.gazetadopovo.com.br/eleicoes/2016/aguas-lindas-de-goias-go/vereador/eder-nunes-55000/",
    "height": 225,
    "width": 161,
    "byteSize": 5239,
    "thumbnailLink": "https://encrypted-tbn0.gstatic.com/images?q=tbn:ANd9GcSOrW2QQVMaQJvgEWcaCO7cx4guqywx44rczjpppWrsgLKxCQKi9CjmOw",
    "thumbnailHeight": 108,
    "thumbnailWidth": 77
   }
  }
 ]
}
