{
 "kind": "customsearch#search",
 "url": {
  "type": "application/json",
  "template": "https://www.googleapis.com/customsearch/v1?q={searchTerms}&num={count?}&start={startIndex?}&lr={language?}&safe={safe?}&cx={cx?}&sort={sort?}&filter={filter?}&gl={gl?}&cr={cr?}&googlehost={googleHost?}&c2coff={disableCnTwTranslation?}&hq={hq?}&hl={hl?}&siteSearch={siteSearch?}&siteSearchFilter={siteSearchFilter?}&exactTerms={exactTerms?}&excludeTerms={excludeTerms?}&linkSite={linkSite?}&orTerms={orTerms?}&relatedSite={relatedSite?}&dateRestrict={dateRestrict?}&lowRange={lowRange?}&highRange={highRange?}&searchType={searchType}&fileType={fileType?}&rights={rights?}&imgSize={imgSize?}&imgType={imgType?}&imgColorType={imgColorType?}&imgDominantColor={imgDominantColor?}&alt=json"
 },
 "queries": {
  "request": [
   {
    "title": "Google Custom Search - \"EDIMAR ALVES DE SOUSA\"",
    "totalResults": "2810",
    "searchTerms": "\"EDIMAR ALVES DE SOUSA\"",
    "count": 10,
    "startIndex": 1,
    "inputEncoding": "utf8",
    "outputEncoding": "utf8",
    "safe": "off",
    "cx": "014097292584411445814:sh5uhwve2ei",
    "searchType": "image"
   }
  ],
  "nextPage": [
   {
    "title": "Google Custom Search - \"EDIMAR ALVES DE SOUSA\"",
    "totalResults": "2810",
    "searchTerms": "\"EDIMAR ALVES DE SOUSA\"",
    "count": 10,
    "startIndex": 11,
    "inputEncoding": "utf8",
    "outputEncoding": "utf8",
    "safe": "off",
    "cx": "014097292584411445814:sh5uhwve2ei",
    "searchType": "image"
   }
  ]
 },
 "context": {
  "title": "Eleitos"
 },
 "searchInformation": {
  "searchTime": 0.192406,
  "formattedSearchTime": "0.19",
  "totalResults": "2810",
  "formattedTotalResults": "2,810"
 },
 "items": [
  {
   "kind": "customsearch#result",
   "title": "Edimar Alves de Sousa - Câmara Municipal de Acreúna",
   "htmlTitle": "\u003cb\u003eEdimar Alves de Sousa\u003c/b\u003e - Câmara Municipal de Acreúna",
   "link": "http://camaraacreuna.go.gov.br/res/midias/img/a72e86693203980ac88d277c22ab7a1e.jpg",
   "displayLink": "www.camaraacreuna.go.gov.br",
   "snippet": "Edimar Alves de Sousa - Câmara Municipal de Acreúna",
   "htmlSnippet": "\u003cb\u003eEdimar Alves de Sousa\u003c/b\u003e - Câmara Municipal de Acreúna",
   "mime": "image/jpeg",
   "image": {
    "contextLink": "http://www.camaraacreuna.go.gov.br/pagina/154-edimar-alves-de-sousa",
    "height": 1000,
    "width": 666,
    "byteSize": 77093,
    "thumbnailLink": "https://encrypted-tbn0.gstatic.com/images?q=tbn:ANd9GcSlVtk1Sg0qgplqAuv71VItrTKDKRvAWLyv2Iy1xIsfQO_ZpbJNMkD8oYu4",
    "thumbnailHeight": 149,
    "thumbnailWidth": 99
   }
  },
  {
   "kind": "customsearch#result",
   "title": "Untitled",
   "htmlTitle": "Untitled",
   "link": "x-raw-image:///414594776f92d0e308e1de1ed1a951c7b588a033277e6a4705b0604e096baa0b",
   "displayLink": "www.camaraboaviagem.ce.gov.br",
   "snippet": "Untitled",
   "htmlSnippet": "Untitled",
   "mime": "image/",
   "image": {
    "contextLink": "http://www.camaraboaviagem.ce.gov.br/requerimentos/414/Req_009_2017_0000001.pdf",
    "height": 1753,
    "width": 1240,
    "byteSize": 631385,
    "thumbnailLink": "https://encrypted-tbn0.gstatic.com/images?q=tbn:ANd9GcSt8DIXXQQCoHl2_JOluHHE2PEL30mNb9_nzzixNhhfhHXKRhtKRueGx2c",
    "thumbnailHeight": 150,
    "thumbnailWidth": 106
   }
  },
  {
   "kind": "customsearch#result",
   "title": "Edimar do Salgado 35123 PMB (Vereador) Acreúna - Guia Eleições 2016",
   "htmlTitle": "Edimar do Salgado 35123 PMB (Vereador) Acreúna - Guia Eleições 2016",
   "link": "https://gazetadopovo-candidatos-2016.s3.amazonaws.com/fotos/santinhos/go/acreuna/santinho-vereador-edimar-do-salgado-35123-acreuna-go.jpg",
   "displayLink": "especiais.gazetadopovo.com.br",
   "snippet": "Edimar do Salgado 35123 PMB (Vereador) Acreúna - Guia Eleições 2016",
   "htmlSnippet": "Edimar do Salgado 35123 PMB (Vereador) Acreúna - Guia Eleições 2016",
   "mime": "image/jpeg",
   "image": {
    "contextLink": "https://especiais.gazetadopovo.com.br/eleicoes/2016/acreuna-go/vereador/edimar-do-salgado-35123/",
    "height": 339,
    "width": 646,
    "byteSize": 22920,
    "thumbnailLink": "https://encrypted-tbn0.gstatic.com/images?q=tbn:ANd9GcS54EoKr4Up7hSLkZP9jAWchYAnVXJ4VCrm3-XnKujRqB6Hs_eWmxcqA7cP",
    "thumbnailHeight": 72,
    "thumbnailWidth": 137
   }
  },
  {
   "kind": "customsearch#result",
   "title": "Edimar do Salgado 35123 PMB (Vereador) Acreúna - Guia Eleições 2016",
   "htmlTitle": "Edimar do Salgado 35123 PMB (Vereador) Acreúna - Guia Eleições 2016",
   "link": "https://gazetadopovo-candidatos-2016.s3.amazonaws.com/fotos/go/acreuna/edimar-do-salgado-35123.jpg",
   "displayLink": "especiais.gazetadopovo.com.br",
   "snippet": "Edimar do Salgado 35123 PMB (Vereador) Acreúna - Guia Eleições 2016",
   "htmlSnippet": "Edimar do Salgado 35123 PMB (Vereador) Acreúna - Guia Eleições 2016",
   "mime": "image/jpeg",
   "image": {
    "contextLink": "https://especiais.gazetadopovo.com.br/eleicoes/2016/acreuna-go/vereador/edimar-do-salgado-35123/",
    "height": 225,
    "width": 161,
    "byteSize": 8874,
    "thumbnailLink": "https://encrypted-tbn0.gstatic.com/images?q=tbn:ANd9GcStixVaszX_7yGNs6F-Y19wdwBo3WrNheQTQsMBKdboMYiviD5IeOkiug",
    "thumbnailHeight": 108,
    "thumbnailWidth": 77
   }
  },
  {
   "kind": "customsearch#result",
   "title": "Edimar do Salgado 35123 PMB (Vereador) Acreúna - Guia Eleições 2016",
   "htmlTitle": "Edimar do Salgado 35123 PMB (Vereador) Acreúna - Guia Eleições 2016",
   "link": "https://gazetadopovo-candidatos-2016.s3.amazonaws.com/fotos/go/acreuna/maria-nice-35111.jpg",
   "displayLink": "especiais.gazetadopovo.com.br",
   "snippet": "Edimar do Salgado 35123 PMB (Vereador) Acreúna - Guia Eleições 2016",
   "htmlSnippet": "Edimar do Salgado 35123 PMB (Vereador) Acreúna - Guia Eleições 2016",
   "mime": "image/jpeg",
   "image": {
    "contextLink": "https://especiais.gazetadopovo.com.br/eleicoes/2016/acreuna-go/vereador/edimar-do-salgado-35123/",
    "height": 225,
    "width": 161,
    "byteSize": 4887,
    "thumbnailLink": "https://encrypted-tbn0.gstatic.com/images?q=tbn:ANd9GcSISraOg8PLc9OaMri0gOkkd5inX0fNaRoEfQbRTE8YzVGO8MhXXLWTmw",
    "thumbnailHeight": 108,
    "thumbnailWidth": 77
   }
  },
  {
   "kind": "customsearch#result",
   "title": "Edimar do Salgado 35123 PMB (Vereador) Acreúna - Guia Eleições 2016",
   "htmlTitle": "Edimar do Salgado 35123 PMB (Vereador) Acreúna - Guia Eleições 2016",
   "link": "https://gazetadopovo-candidatos-2016.s3.amazonaws.com/fotos/go/acreuna/juliana-da-usina-35900.jpg",
   "displayLink": "especiais.gazetadopovo.com.br",
   "snippet": "Edimar do Salgado 35123 PMB (Vereador) Acreúna - Guia Eleições 2016",
   "htmlSnippet": "Edimar do Salgado 35123 PMB (Vereador) Acreúna - Guia Eleições 2016",
   "mime": "image/jpeg",
   "image": {
    "contextLink": "https://especiais.gazetadopovo.com.br/eleicoes/2016/acreuna-go/vereador/edimar-do-salgado-35123/",
    "height": 225,
    "width": 161,
    "byteSize": 6443,
    "thumbnailLink": "https://encrypted-tbn0.gstatic.com/images?q=tbn:ANd9GcSYcPhFpOgVfzSD3GxZ7JD13G_UHhZLbAvXaF4om7iZU3Icxr72SfIH5A",
    "thumbnailHeight": 108,
    "thumbnailWidth": 77
   }
  },
  {
   "kind": "customsearch#result",
   "title": "Edimar do Salgado 35123 PMB (Vereador) Acreúna - Guia Eleições 2016",
   "htmlTitle": "Edimar do Salgado 35123 PMB (Vereador) Acreúna - Guia Eleições 2016",
   "link": "https://gazetadopovo-candidatos-2016.s3.amazonaws.com/fotos/go/acreuna/beide-manicure-35444.jpg",
   "displayLink": "especiais.gazetadopovo.com.br",
   "snippet": "Edimar do Salgado 35123 PMB (Vereador) Acreúna - Guia Eleições 2016",
   "htmlSnippet": "Edimar do Salgado 35123 PMB (Vereador) Acreúna - Guia Eleições 2016",
   "mime": "image/jpeg",
   "image": {
    "contextLink": "https://especiais.gazetadopovo.com.br/eleicoes/2016/acreuna-go/vereador/edimar-do-salgado-35123/",
    "height": 225,
    "width": 161,
    "byteSize": 4893,
    "thumbnailLink": "https://encrypted-tbn0.gstatic.com/images?q=tbn:ANd9GcR5FLKpfO1skWk2WclMOwLfLXdCeq_nGVH2CsZV66e36-dzndIQsYvGeA",
    "thumbnailHeight": 108,
    "thumbnailWidth": 77
   }
  },
  {
   "kind": "customsearch#result",
   "title": "Edimar do Salgado 35123 PMB (Vereador) Acreúna - Guia Eleições 2016",
   "htmlTitle": "Edimar do Salgado 35123 PMB (Vereador) Acreúna - Guia Eleições 2016",
   "link": "https://gazetadopovo-candidatos-2016.s3.amazonaws.com/fotos/go/acreuna/gutierre-mecanico-35321.jpg",
   "displayLink": "especiais.gazetadopovo.com.br",
   "snippet": "Edimar do Salgado 35123 PMB (Vereador) Acreúna - Guia Eleições 2016",
   "htmlSnippet": "Edimar do Salgado 35123 PMB (Vereador) Acreúna - Guia Eleições 2016",
   "mime": "image/jpeg",
   "image": {
    "contextLink": "https://especiais.gazetadopovo.com.br/eleicoes/2016/acreuna-go/vereador/edimar-do-salgado-35123/",
    "height": 225,
    "width": 161,
    "byteSize": 5583,
    "thumbnailLink": "https://encrypted-tbn0.gstatic.com/images?q=tbn:ANd9GcROvd4QBMo6Kq4YrljfzhpF7MNKeB8rjQGB4Z2HOeLovw8V-ijp73jMSw",
    "thumbnailHeight": 108,
    "thumbnailWidth": 77
   }
  },
  {
   "kind": "customsearch#result",
   "title": "Edimar do Salgado 35123 PMB (Vereador) Acreúna - Guia Eleições 2016",
   "htmlTitle": "Edimar do Salgado 35123 PMB (Vereador) Acreúna - Guia Eleições 2016",
   "link": "https://gazetadopovo-candidatos-2016.s3.amazonaws.com/fotos/go/acreuna/amarilda-ribeiro-35789.jpg",
   "displayLink": "especiais.gazetadopovo.com.br",
   "snippet": "Edimar do Salgado 35123 PMB (Vereador) Acreúna - Guia Eleições 2016",
   "htmlSnippet": "Edimar do Salgado 35123 PMB (Vereador) Acreúna - Guia Eleições 2016",
   "mime": "image/jpeg",
   "image": {
    "contextLink": "https://especiais.gazetadopovo.com.br/eleicoes/2016/acreuna-go/vereador/edimar-do-salgado-35123/",
    "height": 225,
    "width": 161,
    "byteSize": 4574,
    "thumbnailLink": "https://encrypted-tbn0.gstatic.com/images?q=tbn:ANd9GcTklVVs_OjbhzIKVedhlj4UPEqv-GnlMQUg6jt9kbtjm9oHZZ_1YLR83g",
    "thumbnailHeight": 108,
    "thumbnailWidth": 77
   }
  },
  {
   "kind": "customsearch#result",
   "title": "Lígia Ferreira de Oliveira - Câmara Municipal de Acreúna",
   "htmlTitle": "Lígia Ferreira de Oliveira - Câmara Municipal de Acreúna",
   "link": "http://camaraacreuna.go.gov.br/res/midias/img/a5ed70361b8e2f7cb4c0280846519967.jpg",
   "displayLink": "www.camaraacreuna.go.gov.br",
   "snippet": "Lígia Ferreira de Oliveira - Câmara Municipal de Acreúna",
   "htmlSnippet": "Lígia Ferreira de Oliveira - Câmara Municipal de Acreúna",
   "mime": "image/jpeg",
   "image": {
    "contextLink": "http://www.camaraacreuna.go.gov.br/pagina/148-ligia-ferreira-de-oliveira",
    "height": 1000,
    "width": 666,
    "byteSize": 81457,
    "thumbnailLink": "https://encrypted-tbn0.gstatic.com/images?q=tbn:ANd9GcQyHox4f-suxb-jEMEsh5BJ8aCjzuhaUMpaOrw-05Ur4veWZEcPF4Uqdho",
    "thumbnailHeight": 149,
    "thumbnailWidth": 99
   }
  }
 ]
}
