{
 "kind": "customsearch#search",
 "url": {
  "type": "application/json",
  "template": "https://www.googleapis.com/customsearch/v1?q={searchTerms}&num={count?}&start={startIndex?}&lr={language?}&safe={safe?}&cx={cx?}&sort={sort?}&filter={filter?}&gl={gl?}&cr={cr?}&googlehost={googleHost?}&c2coff={disableCnTwTranslation?}&hq={hq?}&hl={hl?}&siteSearch={siteSearch?}&siteSearchFilter={siteSearchFilter?}&exactTerms={exactTerms?}&excludeTerms={excludeTerms?}&linkSite={linkSite?}&orTerms={orTerms?}&relatedSite={relatedSite?}&dateRestrict={dateRestrict?}&lowRange={lowRange?}&highRange={highRange?}&searchType={searchType}&fileType={fileType?}&rights={rights?}&imgSize={imgSize?}&imgType={imgType?}&imgColorType={imgColorType?}&imgDominantColor={imgDominantColor?}&alt=json"
 },
 "queries": {
  "request": [
   {
    "title": "Google Custom Search - \"EDINEI VIEIRA DA SILVA\"",
    "totalResults": "236",
    "searchTerms": "\"EDINEI VIEIRA DA SILVA\"",
    "count": 10,
    "startIndex": 1,
    "inputEncoding": "utf8",
    "outputEncoding": "utf8",
    "safe": "off",
    "cx": "014097292584411445814:sh5uhwve2ei",
    "searchType": "image"
   }
  ],
  "nextPage": [
   {
    "title": "Google Custom Search - \"EDINEI VIEIRA DA SILVA\"",
    "totalResults": "236",
    "searchTerms": "\"EDINEI VIEIRA DA SILVA\"",
    "count": 10,
    "startIndex": 11,
    "inputEncoding": "utf8",
    "outputEncoding": "utf8",
    "safe": "off",
    "cx": "014097292584411445814:sh5uhwve2ei",
    "searchType": "image"
   }
  ]
 },
 "context": {
  "title": "Eleitos"
 },
 "searchInformation": {
  "searchTime": 0.154574,
  "formattedSearchTime": "0.15",
  "totalResults": "236",
  "formattedTotalResults": "236"
 },
 "items": [
  {
   "kind": "customsearch#result",
   "title": "Edinei 15000 PMDB (Vereador) Água Fria de Goiás - Guia Eleições 2016",
   "htmlTitle": "Edinei 15000 PMDB (Vereador) Água Fria de Goiás - Guia Eleições 2016",
   "link": "https://gazetadopovo-candidatos-2016.s3.amazonaws.com/fotos/santinhos/go/agua-fria-de-goias/santinho-vereador-edinei-15000-agua-fria-de-goias-go.jpg",
   "displayLink": "especiais.gazetadopovo.com.br",
   "snippet": "Edinei 15000 PMDB (Vereador) Água Fria de Goiás - Guia Eleições 2016",
   "htmlSnippet": "Edinei 15000 PMDB (Vereador) Água Fria de Goiás - Guia Eleições 2016",
   "mime": "image/jpeg",
   "image": {
    "contextLink": "https://especiais.gazetadopovo.com.br/eleicoes/2016/agua-fria-de-goias-go/vereador/edinei-15000/",
    "height": 339,
    "width": 646,
    "byteSize": 18056,
    "thumbnailLink": "https://encrypted-tbn0.gstatic.com/images?q=tbn:ANd9GcQLM4cRUIuDy0yuuBTX3tdisWgPIw-v8TnUxnFq5rnKxjinG9c3XuXNBgM",
    "thumbnailHeight": 72,
    "thumbnailWidth": 137
   }
  },
  {
   "kind": "customsearch#result",
   "title": "Vereador — Câmara Municipal",
   "htmlTitle": "Vereador — Câmara Municipal",
   "link": "http://www.aguafriadegoias.go.leg.br/copy_of_Screenshot_20180103163626.png/@@images/4d364d54-e859-478f-995d-de087813f81d.png",
   "displayLink": "www.aguafriadegoias.go.leg.br",
   "snippet": "Vereador — Câmara Municipal",
   "htmlSnippet": "Vereador — Câmara Municipal",
   "mime": "image/png",
   "image": {
    "contextLink": "http://www.aguafriadegoias.go.leg.br/institucional/vereadores/Vereador",
    "height": 200,
    "width": 155,
    "byteSize": 55428,
    "thumbnailLink": "https://encrypted-tbn0.gstatic.com/images?q=tbn:ANd9GcS7FhKDgOMuyD7-8cgYKyojjJBGuqSnfrk_AZPnhzqt6oi1DIixiTYtTOs",
    "thumbnailHeight": 104,
    "thumbnailWidth": 81
   }
  },
  {
   "kind": "customsearch#result",
   "title": "Edinei 15000 PMDB (Vereador) Água Fria de Goiás - Guia Eleições 2016",
   "htmlTitle": "Edinei 15000 PMDB (Vereador) Água Fria de Goiás - Guia Eleições 2016",
   "link": "https://gazetadopovo-candidatos-2016.s3.amazonaws.com/fotos/go/agua-fria-de-goias/edinei-15000.jpg",
   "displayLink": "especiais.gazetadopovo.com.br",
   "snippet": "Edinei 15000 PMDB (Vereador) Água Fria de Goiás - Guia Eleições 2016",
   "htmlSnippet": "Edinei 15000 PMDB (Vereador) Água Fria de Goiás - Guia Eleições 2016",
   "mime": "image/jpeg",
   "image": {
    "contextLink": "https://especiais.gazetadopovo.com.br/eleicoes/2016/agua-fria-de-goias-go/vereador/edinei-15000/",
    "height": 225,
    "width": 161,
    "byteSize": 4305,
    "thumbnailLink": "https://encrypted-tbn0.gstatic.com/images?q=tbn:ANd9GcRGaaWhZxl4qFbKCOK83tMbpKVPTS6i7b4PnHViqCc2eQZBqZYqbMBx5g",
    "thumbnailHeight": 108,
    "thumbnailWidth": 77
   }
  },
  {
   "kind": "customsearch#result",
   "title": "Página Inicial — Câmara Municipal",
   "htmlTitle": "Página Inicial — Câmara Municipal",
   "link": "http://www.aguafriadegoias.go.leg.br/institucional/noticias/primeira-noticia/@@images/3cd3a713-531d-4740-bc3a-d6d0ee4c1f82.jpeg",
   "displayLink": "www.aguafriadegoias.go.leg.br",
   "snippet": "Página Inicial — Câmara Municipal",
   "htmlSnippet": "Página Inicial — Câmara Municipal",
   "mime": "image/jpeg",
   "image": {
    "contextLink": "http://www.aguafriadegoias.go.leg.br/",
    "height": 576,
    "width": 768,
    "byteSize": 114902,
    "thumbnailLink": "https://encrypted-tbn0.gstatic.com/images?q=tbn:ANd9GcSR7vp3bfs8daQ9FGFSeolNJ9pp8Xa05bHENeJyR7adb4XDVXWVn1X1WVA",
    "thumbnailHeight": 107,
    "thumbnailWidth": 142
   }
  },
  {
   "kind": "customsearch#result",
   "title": "Edinei 15000 PMDB (Vereador) Água Fria de Goiás - Guia Eleições 2016",
   "htmlTitle": "Edinei 15000 PMDB (Vereador) Água Fria de Goiás - Guia Eleições 2016",
   "link": "https://gazetadopovo-candidatos-2016.s3.amazonaws.com/fotos/go/agua-fria-de-goias/deda-15111.jpg",
   "displayLink": "especiais.gazetadopovo.com.br",
   "snippet": "Edinei 15000 PMDB (Vereador) Água Fria de Goiás - Guia Eleições 2016",
   "htmlSnippet": "Edinei 15000 PMDB (Vereador) Água Fria de Goiás - Guia Eleições 2016",
   "mime": "image/jpeg",
   "image": {
    "contextLink": "https://especiais.gazetadopovo.com.br/eleicoes/2016/agua-fria-de-goias-go/vereador/edinei-15000/",
    "height": 225,
    "width": 161,
    "byteSize": 6968,
    "thumbnailLink": "https://encrypted-tbn0.gstatic.com/images?q=tbn:ANd9GcR25kgDbyZkZe3puQDBbSfDjaKiiAGfjJF6lC0BRl76N_OXMnXktKS-2Q",
    "thumbnailHeight": 108,
    "thumbnailWidth": 77
   }
  },
  {
   "kind": "customsearch#result",
   "title": "Edinei 15000 PMDB (Vereador) Água Fria de Goiás - Guia Eleições 2016",
   "htmlTitle": "Edinei 15000 PMDB (Vereador) Água Fria de Goiás - Guia Eleições 2016",
   "link": "https://gazetadopovo-candidatos-2016.s3.amazonaws.com/fotos/go/agua-fria-de-goias/nilson-teles-15123.jpg",
   "displayLink": "especiais.gazetadopovo.com.br",
   "snippet": "Edinei 15000 PMDB (Vereador) Água Fria de Goiás - Guia Eleições 2016",
   "htmlSnippet": "Edinei 15000 PMDB (Vereador) Água Fria de Goiás - Guia Eleições 2016",
   "mime": "image/jpeg",
   "image": {
    "contextLink": "https://especiais.gazetadopovo.com.br/eleicoes/2016/agua-fria-de-goias-go/vereador/edinei-15000/",
    "height": 225,
    "width": 161,
    "byteSize": 6216,
    "thumbnailLink": "https://encrypted-tbn0.gstatic.com/images?q=tbn:ANd9GcRdsVgQb5nNRdDL-_GmTLc3BvVNgjY6j-sSS-jDtvNc0hLadmraA4x2WQ",
    "thumbnailHeight": 108,
    "thumbnailWidth": 77
   }
  },
  {
   "kind": "customsearch#result",
   "title": "Edinei 15000 PMDB (Vereador) Água Fria de Goiás - Guia Eleições 2016",
   "htmlTitle": "Edinei 15000 PMDB (Vereador) Água Fria de Goiás - Guia Eleições 2016",
   "link": "https://gazetadopovo-candidatos-2016.s3.amazonaws.com/fotos/go/agua-fria-de-goias/ivani-pereira-15620.jpg",
   "displayLink": "especiais.gazetadopovo.com.br",
   "snippet": "Edinei 15000 PMDB (Vereador) Água Fria de Goiás - Guia Eleições 2016",
   "htmlSnippet": "Edinei 15000 PMDB (Vereador) Água Fria de Goiás - Guia Eleições 2016",
   "mime": "image/jpeg",
   "image": {
    "contextLink": "https://especiais.gazetadopovo.com.br/eleicoes/2016/agua-fria-de-goias-go/vereador/edinei-15000/",
    "height": 225,
    "width": 161,
    "byteSize": 5510,
    "thumbnailLink": "https://encrypted-tbn0.gstatic.com/images?q=tbn:ANd9GcS1vyHRH-aCEcMwntMQEcQ9gDJxzqZylcYrlepnzVPWZFVpD4AS05KhTA",
    "thumbnailHeight": 108,
    "thumbnailWidth": 77
   }
  },
  {
   "kind": "customsearch#result",
   "title": "Edinei 15000 PMDB (Vereador) Água Fria de Goiás - Guia Eleições 2016",
   "htmlTitle": "Edinei 15000 PMDB (Vereador) Água Fria de Goiás - Guia Eleições 2016",
   "link": "https://gazetadopovo-candidatos-2016.s3.amazonaws.com/fotos/go/agua-fria-de-goias/marinaldo-15015.jpg",
   "displayLink": "especiais.gazetadopovo.com.br",
   "snippet": "Edinei 15000 PMDB (Vereador) Água Fria de Goiás - Guia Eleições 2016",
   "htmlSnippet": "Edinei 15000 PMDB (Vereador) Água Fria de Goiás - Guia Eleições 2016",
   "mime": "image/jpeg",
   "image": {
    "contextLink": "https://especiais.gazetadopovo.com.br/eleicoes/2016/agua-fria-de-goias-go/vereador/edinei-15000/",
    "height": 225,
    "width": 161,
    "byteSize": 5647,
    "thumbnailLink": "https://encrypted-tbn0.gstatic.com/images?q=tbn:ANd9GcQPB6TRD7LxqrAvCTOmlwQV-OSimKBCu9q5LOO0Eo8yxAMNfAkVuVXX0w",
    "thumbnailHeight": 108,
    "thumbnailWidth": 77
   }
  },
  {
   "kind": "customsearch#result",
   "title": "Edinei 15000 PMDB (Vereador) Água Fria de Goiás - Guia Eleições 2016",
   "htmlTitle": "Edinei 15000 PMDB (Vereador) Água Fria de Goiás - Guia Eleições 2016",
   "link": "https://gazetadopovo-candidatos-2016.s3.amazonaws.com/fotos/go/agua-fria-de-goias/joel-lobo-15.jpg",
   "displayLink": "especiais.gazetadopovo.com.br",
   "snippet": "Edinei 15000 PMDB (Vereador) Água Fria de Goiás - Guia Eleições 2016",
   "htmlSnippet": "Edinei 15000 PMDB (Vereador) Água Fria de Goiás - Guia Eleições 2016",
   "mime": "image/jpeg",
   "image": {
    "contextLink": "https://especiais.gazetadopovo.com.br/eleicoes/2016/agua-fria-de-goias-go/vereador/edinei-15000/",
    "height": 225,
    "width": 161,
    "byteSize": 4916,
    "thumbnailLink": "https://encrypted-tbn0.gstatic.com/images?q=tbn:ANd9GcTPiFOJQ7ctNM2uIZxlEAzUjHl9bOHjm1GrWVRjMEVybpql-lvxbn6u6w",
    "thumbnailHeight": 108,
    "thumbnailWidth": 77
   }
  },
  {
   "kind": "customsearch#result",
   "title": "Edinei 15000 PMDB (Vereador) Água Fria de Goiás - Guia Eleições 2016",
   "htmlTitle": "Edinei 15000 PMDB (Vereador) Água Fria de Goiás - Guia Eleições 2016",
   "link": "https://gazetadopovo-candidatos-2016.s3.amazonaws.com/fotos/go/agua-fria-de-goias/chicao-15603.jpg",
   "displayLink": "especiais.gazetadopovo.com.br",
   "snippet": "Edinei 15000 PMDB (Vereador) Água Fria de Goiás - Guia Eleições 2016",
   "htmlSnippet": "Edinei 15000 PMDB (Vereador) Água Fria de Goiás - Guia Eleições 2016",
   "mime": "image/jpeg",
   "image": {
    "contextLink": "https://especiais.gazetadopovo.com.br/eleicoes/2016/agua-fria-de-goias-go/vereador/edinei-15000/",
    "height": 225,
    "width": 161,
    "byteSize": 4223,
    "thumbnailLink": "https://encrypted-tbn0.gstatic.com/images?q=tbn:ANd9GcT1hFIg2_BjEvwXBywMDOfI1B52mqL3ERNdpo6ybAJRK8BgeFtAxvPA3cQ",
    "thumbnailHeight": 108,
    "thumbnailWidth": 77
   }
  }
 ]
}
