{
 "kind": "customsearch#search",
 "url": {
  "type": "application/json",
  "template": "https://www.googleapis.com/customsearch/v1?q={searchTerms}&num={count?}&start={startIndex?}&lr={language?}&safe={safe?}&cx={cx?}&sort={sort?}&filter={filter?}&gl={gl?}&cr={cr?}&googlehost={googleHost?}&c2coff={disableCnTwTranslation?}&hq={hq?}&hl={hl?}&siteSearch={siteSearch?}&siteSearchFilter={siteSearchFilter?}&exactTerms={exactTerms?}&excludeTerms={excludeTerms?}&linkSite={linkSite?}&orTerms={orTerms?}&relatedSite={relatedSite?}&dateRestrict={dateRestrict?}&lowRange={lowRange?}&highRange={highRange?}&searchType={searchType}&fileType={fileType?}&rights={rights?}&imgSize={imgSize?}&imgType={imgType?}&imgColorType={imgColorType?}&imgDominantColor={imgDominantColor?}&alt=json"
 },
 "queries": {
  "request": [
   {
    "title": "Google Custom Search - \"EDINEIDE FERREIRA DE CASTRO\"",
    "totalResults": "2950",
    "searchTerms": "\"EDINEIDE FERREIRA DE CASTRO\"",
    "count": 10,
    "startIndex": 1,
    "inputEncoding": "utf8",
    "outputEncoding": "utf8",
    "safe": "off",
    "cx": "014097292584411445814:sh5uhwve2ei",
    "searchType": "image"
   }
  ],
  "nextPage": [
   {
    "title": "Google Custom Search - \"EDINEIDE FERREIRA DE CASTRO\"",
    "totalResults": "2950",
    "searchTerms": "\"EDINEIDE FERREIRA DE CASTRO\"",
    "count": 10,
    "startIndex": 11,
    "inputEncoding": "utf8",
    "outputEncoding": "utf8",
    "safe": "off",
    "cx": "014097292584411445814:sh5uhwve2ei",
    "searchType": "image"
   }
  ]
 },
 "context": {
  "title": "Eleitos"
 },
 "searchInformation": {
  "searchTime": 0.148413,
  "formattedSearchTime": "0.15",
  "totalResults": "2950",
  "formattedTotalResults": "2,950"
 },
 "items": [
  {
   "kind": "customsearch#result",
   "title": "Neide Enfermeira 55678 PSD (Vereadora) Águas Lindas de Goiás ...",
   "htmlTitle": "Neide Enfermeira 55678 PSD (Vereadora) Águas Lindas de Goiás ...",
   "link": "https://gazetadopovo-candidatos-2016.s3.amazonaws.com/fotos/santinhos/go/aguas-lindas-de-goias/santinho-vereador-neide-enfermeira-55678-aguas-lindas-de-goias-go.jpg",
   "displayLink": "especiais.gazetadopovo.com.br",
   "snippet": "Neide Enfermeira 55678 PSD (Vereadora) Águas Lindas de Goiás ...",
   "htmlSnippet": "Neide Enfermeira 55678 PSD (Vereadora) Águas Lindas de Goiás ...",
   "mime": "image/jpeg",
   "image": {
    "contextLink": "https://especiais.gazetadopovo.com.br/eleicoes/2016/aguas-lindas-de-goias-go/vereador/neide-enfermeira-55678/",
    "height": 339,
    "width": 646,
    "byteSize": 22564,
    "thumbnailLink": "https://encrypted-tbn0.gstatic.com/images?q=tbn:ANd9GcRRRdXGddMZjBhUtqn3XwioYacPPK4Gdhoel9JEWROrWRAVIXOXFZ78mdsg",
    "thumbnailHeight": 72,
    "thumbnailWidth": 137
   }
  },
  {
   "kind": "customsearch#result",
   "title": "Amor Por Águas Lindas - Publicações | Facebook",
   "htmlTitle": "Amor Por Águas Lindas - Publicações | Facebook",
   "link": "https://lookaside.fbsbx.com/lookaside/crawler/media/?media_id=1923454987774453",
   "displayLink": "pt-br.facebook.com",
   "snippet": "Amor Por Águas Lindas - Publicações | Facebook",
   "htmlSnippet": "Amor Por Águas Lindas - Publicações | Facebook",
   "mime": "image/",
   "image": {
    "contextLink": "https://pt-br.facebook.com/Amor-Por-%C3%81guas-Lindas-877549225698373/posts/",
    "height": 480,
    "width": 480,
    "byteSize": 43832,
    "thumbnailLink": "https://encrypted-tbn0.gstatic.com/images?q=tbn:ANd9GcQeGqqNYWNrjEMGqd33Qr8bESPiC1n98_yUoHYORn6aN1oYeGAou1gC1ZmCbw",
    "thumbnailHeight": 129,
    "thumbnailWidth": 129
   }
  },
  {
   "kind": "customsearch#result",
   "title": "Várzea Mais Bonita inicia edição de 2018 pela Vila Popular",
   "htmlTitle": "Várzea Mais Bonita inicia edição de 2018 pela Vila Popular",
   "link": "x-raw-image:///0c3d8df0cec0acc5e9f522c09f2dcd4ddc0b297fc37df640c5712507eabd3766",
   "displayLink": "transparencia.varzeapaulista.sp.gov.br",
   "snippet": "Várzea Mais Bonita inicia edição de 2018 pela Vila Popular",
   "htmlSnippet": "Várzea Mais Bonita inicia edição de 2018 pela Vila Popular",
   "mime": "image/",
   "image": {
    "contextLink": "http://transparencia.varzeapaulista.sp.gov.br/?pag=111&opt=2&nm_edicao=283",
    "height": 821,
    "width": 1240,
    "byteSize": 1903912,
    "thumbnailLink": "https://encrypted-tbn0.gstatic.com/images?q=tbn:ANd9GcSJ-Qt44L0IJLAAHAgRQQPtvA0emdpaaTxNme5TdvZpzWUoIfr23pI-xIIb",
    "thumbnailHeight": 99,
    "thumbnailWidth": 150
   }
  },
  {
   "kind": "customsearch#result",
   "title": "Amor Por Águas Lindas - Publicações | Facebook",
   "htmlTitle": "Amor Por Águas Lindas - Publicações | Facebook",
   "link": "https://lookaside.fbsbx.com/lookaside/crawler/media/?media_id=877549225698373",
   "displayLink": "pt-br.facebook.com",
   "snippet": "Amor Por Águas Lindas - Publicações | Facebook",
   "htmlSnippet": "Amor Por Águas Lindas - Publicações | Facebook",
   "mime": "image/",
   "image": {
    "contextLink": "https://pt-br.facebook.com/Amor-Por-%C3%81guas-Lindas-877549225698373/posts/",
    "height": 959,
    "width": 960,
    "byteSize": 253347,
    "thumbnailLink": "https://encrypted-tbn0.gstatic.com/images?q=tbn:ANd9GcSFiHMIHijlcbFHXwfdSfjzqsb6ISEtIepH63NEy5PRHxVcQ3Xb1OH2w8B2bw",
    "thumbnailHeight": 148,
    "thumbnailWidth": 148
   }
  },
  {
   "kind": "customsearch#result",
   "title": "Várzea Mais Bonita inicia edição de 2018 pela Vila Popular",
   "htmlTitle": "Várzea Mais Bonita inicia edição de 2018 pela Vila Popular",
   "link": "x-raw-image:///b1d637a613245827bfcda19866a7fb8cdd71d24e9211d183caa71c1e2469b05a",
   "displayLink": "transparencia.varzeapaulista.sp.gov.br",
   "snippet": "Várzea Mais Bonita inicia edição de 2018 pela Vila Popular",
   "htmlSnippet": "Várzea Mais Bonita inicia edição de 2018 pela Vila Popular",
   "mime": "image/",
   "image": {
    "contextLink": "http://transparencia.varzeapaulista.sp.gov.br/?pag=111&opt=2&nm_edicao=283",
    "height": 821,
    "width": 1240,
    "byteSize": 822314,
    "thumbnailLink": "https://encrypted-tbn0.gstatic.com/images?q=tbn:ANd9GcT7x9h4ovebwsMju-542hNce9I4CCURfjLzggqfgmVnKd9qePHg74-SbT34",
    "thumbnailHeight": 99,
    "thumbnailWidth": 150
   }
  },
  {
   "kind": "customsearch#result",
   "title": "Campanha de vacinação contra raiva chega ao Mursa",
   "htmlTitle": "Campanha de vacinação contra raiva chega ao Mursa",
   "link": "x-raw-image:///41199242ac7f16d42e8c0e68bff0d91f91d86cafb3c9051345662d1baf1b0ec9",
   "displayLink": "transparencia.varzeapaulista.sp.gov.br",
   "snippet": "Campanha de vacinação contra raiva chega ao Mursa",
   "htmlSnippet": "Campanha de vacinação contra raiva chega ao Mursa",
   "mime": "image/",
   "image": {
    "contextLink": "http://transparencia.varzeapaulista.sp.gov.br/?pag=111&opt=2&nm_edicao=227",
    "height": 903,
    "width": 1278,
    "byteSize": 316029,
    "thumbnailLink": "https://encrypted-tbn0.gstatic.com/images?q=tbn:ANd9GcQ--VsE9p4jotUSlRlNgMq5iF055W56qmkn7DiIfvcbZBCpPTAA1NoU5Ig",
    "thumbnailHeight": 106,
    "thumbnailWidth": 150
   }
  },
  {
   "kind": "customsearch#result",
   "title": "Campanha de vacinação contra raiva chega ao Mursa",
   "htmlTitle": "Campanha de vacinação contra raiva chega ao Mursa",
   "link": "x-raw-image:///e0dde9775dc666f3d487127e566a5033a5c673f5717e261640bd58960a262b11",
   "displayLink": "transparencia.varzeapaulista.sp.gov.br",
   "snippet": "Campanha de vacinação contra raiva chega ao Mursa",
   "htmlSnippet": "Campanha de vacinação contra raiva chega ao Mursa",
   "mime": "image/",
   "image": {
    "contextLink": "http://transparencia.varzeapaulista.sp.gov.br/?pag=111&opt=2&nm_edicao=227",
    "height": 822,
    "width": 1266,
    "byteSize": 367268,
    "thumbnailLink": "https://encrypted-tbn0.gstatic.com/images?q=tbn:ANd9GcSeq5DmNkGwO3zaqAcuxGL9DWVRZJkFmVPhM4DApFvNKY37S6DWyl0-hwVV",
    "thumbnailHeight": 97,
    "thumbnailWidth": 150
   }
  },
  {
   "kind": "customsearch#result",
   "title": "Campanha de vacinação contra raiva chega ao Mursa",
   "htmlTitle": "Campanha de vacinação contra raiva chega ao Mursa",
   "link": "x-raw-image:///230bed20aabf0712dd32bac61504715a09e4d029ebd144bfe6cb508cf877a66b",
   "displayLink": "transparencia.varzeapaulista.sp.gov.br",
   "snippet": "Campanha de vacinação contra raiva chega ao Mursa",
   "htmlSnippet": "Campanha de vacinação contra raiva chega ao Mursa",
   "mime": "image/",
   "image": {
    "contextLink": "http://transparencia.varzeapaulista.sp.gov.br/?pag=111&opt=2&nm_edicao=227",
    "height": 630,
    "width": 1200,
    "byteSize": 901546,
    "thumbnailLink": "https://encrypted-tbn0.gstatic.com/images?q=tbn:ANd9GcR_F8Yu4tR3qvti5fVFK6WW8e_ImMcS_ToTpUXjx1S3xxIiZojsQew8IlY",
    "thumbnailHeight": 79,
    "thumbnailWidth": 150
   }
  },
  {
   "kind": "customsearch#result",
   "title": "Campanha de vacinação contra raiva chega ao Mursa",
   "htmlTitle": "Campanha de vacinação contra raiva chega ao Mursa",
   "link": "x-raw-image:///cda14deb6972e3c1cd1c287391616aac408345cdbd241342984689b00107a812",
   "displayLink": "transparencia.varzeapaulista.sp.gov.br",
   "snippet": "Campanha de vacinação contra raiva chega ao Mursa",
   "htmlSnippet": "Campanha de vacinação contra raiva chega ao Mursa",
   "mime": "image/",
   "image": {
    "contextLink": "http://transparencia.varzeapaulista.sp.gov.br/?pag=111&opt=2&nm_edicao=227",
    "height": 534,
    "width": 1270,
    "byteSize": 137558,
    "thumbnailLink": "https://encrypted-tbn0.gstatic.com/images?q=tbn:ANd9GcSUyVMtVIjmAjde0fk5IkUQSVehP0eOpLSX9f_y6Gs0BChXAUsmNmoGG-c",
    "thumbnailHeight": 63,
    "thumbnailWidth": 150
   }
  },
  {
   "kind": "customsearch#result",
   "title": "Campanha de vacinação contra raiva chega ao Mursa",
   "htmlTitle": "Campanha de vacinação contra raiva chega ao Mursa",
   "link": "x-raw-image:///dd6e4514872339009750f01689d4b80364c97016665a0a1d9b8e224baea3386f",
   "displayLink": "transparencia.varzeapaulista.sp.gov.br",
   "snippet": "Campanha de vacinação contra raiva chega ao Mursa",
   "htmlSnippet": "Campanha de vacinação contra raiva chega ao Mursa",
   "mime": "image/",
   "image": {
    "contextLink": "http://transparencia.varzeapaulista.sp.gov.br/?pag=111&opt=2&nm_edicao=227",
    "height": 343,
    "width": 1295,
    "byteSize": 76813,
    "thumbnailLink": "https://encrypted-tbn0.gstatic.com/images?q=tbn:ANd9GcTFYJMKj-PmMp28trMzdy0frU52xZzvw7w2c98iGq3T3WO632pplBeajAMM",
    "thumbnailHeight": 40,
    "thumbnailWidth": 150
   }
  }
 ]
}
