{
 "kind": "customsearch#search",
 "url": {
  "type": "application/json",
  "template": "https://www.googleapis.com/customsearch/v1?q={searchTerms}&num={count?}&start={startIndex?}&lr={language?}&safe={safe?}&cx={cx?}&sort={sort?}&filter={filter?}&gl={gl?}&cr={cr?}&googlehost={googleHost?}&c2coff={disableCnTwTranslation?}&hq={hq?}&hl={hl?}&siteSearch={siteSearch?}&siteSearchFilter={siteSearchFilter?}&exactTerms={exactTerms?}&excludeTerms={excludeTerms?}&linkSite={linkSite?}&orTerms={orTerms?}&relatedSite={relatedSite?}&dateRestrict={dateRestrict?}&lowRange={lowRange?}&highRange={highRange?}&searchType={searchType}&fileType={fileType?}&rights={rights?}&imgSize={imgSize?}&imgType={imgType?}&imgColorType={imgColorType?}&imgDominantColor={imgDominantColor?}&alt=json"
 },
 "queries": {
  "request": [
   {
    "title": "Google Custom Search - \"EDMAR OLIVEIRA ALVES NETO\"",
    "totalResults": "720",
    "searchTerms": "\"EDMAR OLIVEIRA ALVES NETO\"",
    "count": 10,
    "startIndex": 1,
    "inputEncoding": "utf8",
    "outputEncoding": "utf8",
    "safe": "off",
    "cx": "014097292584411445814:sh5uhwve2ei",
    "searchType": "image"
   }
  ],
  "nextPage": [
   {
    "title": "Google Custom Search - \"EDMAR OLIVEIRA ALVES NETO\"",
    "totalResults": "720",
    "searchTerms": "\"EDMAR OLIVEIRA ALVES NETO\"",
    "count": 10,
    "startIndex": 11,
    "inputEncoding": "utf8",
    "outputEncoding": "utf8",
    "safe": "off",
    "cx": "014097292584411445814:sh5uhwve2ei",
    "searchType": "image"
   }
  ]
 },
 "context": {
  "title": "Eleitos"
 },
 "searchInformation": {
  "searchTime": 0.138696,
  "formattedSearchTime": "0.14",
  "totalResults": "720",
  "formattedTotalResults": "720"
 },
 "items": [
  {
   "kind": "customsearch#result",
   "title": "Edmar Neto 45 PSDB (Prefeito) Acreúna - Guia Eleições 2016",
   "htmlTitle": "Edmar Neto 45 PSDB (Prefeito) Acreúna - Guia Eleições 2016",
   "link": "https://gazetadopovo-candidatos-2016.s3.amazonaws.com/fotos/go/acreuna/edmar-neto-45.jpg",
   "displayLink": "especiais.gazetadopovo.com.br",
   "snippet": "Edmar Neto 45 PSDB (Prefeito) Acreúna - Guia Eleições 2016",
   "htmlSnippet": "Edmar Neto 45 PSDB (Prefeito) Acreúna - Guia Eleições 2016",
   "mime": "image/jpeg",
   "image": {
    "contextLink": "https://especiais.gazetadopovo.com.br/eleicoes/2016/acreuna-go/prefeito/edmar-neto-45/",
    "height": 225,
    "width": 161,
    "byteSize": 4080,
    "thumbnailLink": "https://encrypted-tbn0.gstatic.com/images?q=tbn:ANd9GcQQ_5vktaaW_QRumJgCV0uVKpWppr0sbJ318foJl71awgsw0qjv1m_Dpw",
    "thumbnailHeight": 108,
    "thumbnailWidth": 77
   }
  },
  {
   "kind": "customsearch#result",
   "title": "O Prefeito Municipal de Acreúna, Edmar... - Prefeitura de Acreúna ...",
   "htmlTitle": "O Prefeito Municipal de Acreúna, Edmar... - Prefeitura de Acreúna ...",
   "link": "https://lookaside.fbsbx.com/lookaside/crawler/media/?media_id=461387987360561",
   "displayLink": "www.facebook.com",
   "snippet": "O Prefeito Municipal de Acreúna, Edmar... - Prefeitura de Acreúna ...",
   "htmlSnippet": "O Prefeito Municipal de Acreúna, Edmar... - Prefeitura de Acreúna ...",
   "mime": "image/",
   "image": {
    "contextLink": "https://www.facebook.com/prefeituracreunagoias/photos/o-prefeito-municipal-de-acre%C3%BAna-edmar-neto-a-primeira-dama-simone-souza-a-secret/461387987360561/",
    "height": 960,
    "width": 719,
    "byteSize": 84047,
    "thumbnailLink": "https://encrypted-tbn0.gstatic.com/images?q=tbn:ANd9GcTSNVW3cvLsDVlFSRgtWlGnIoKVtHLxjYjbNPnTvrCYn-v4HLkrQrnzbkg",
    "thumbnailHeight": 148,
    "thumbnailWidth": 111
   }
  },
  {
   "kind": "customsearch#result",
   "title": "Edmar Neto 45 PSDB (Prefeito) Acreúna - Guia Eleições 2016",
   "htmlTitle": "Edmar Neto 45 PSDB (Prefeito) Acreúna - Guia Eleições 2016",
   "link": "https://gazetadopovo-candidatos-2016.s3.amazonaws.com/fotos/santinhos/go/acreuna/santinho-prefeito-edmar-neto-45-acreuna-go.jpg",
   "displayLink": "especiais.gazetadopovo.com.br",
   "snippet": "Edmar Neto 45 PSDB (Prefeito) Acreúna - Guia Eleições 2016",
   "htmlSnippet": "Edmar Neto 45 PSDB (Prefeito) Acreúna - Guia Eleições 2016",
   "mime": "image/jpeg",
   "image": {
    "contextLink": "https://especiais.gazetadopovo.com.br/eleicoes/2016/acreuna-go/prefeito/edmar-neto-45/",
    "height": 339,
    "width": 646,
    "byteSize": 17156,
    "thumbnailLink": "https://encrypted-tbn0.gstatic.com/images?q=tbn:ANd9GcRratUbGqwrwOiEQqLPKjWQmLc0rwcKWiPKPDMMr0a7umLVRa2X0hy8XxMF",
    "thumbnailHeight": 72,
    "thumbnailWidth": 137
   }
  },
  {
   "kind": "customsearch#result",
   "title": "Untitled",
   "htmlTitle": "Untitled",
   "link": "x-raw-image:///06e721859b8748e507e6edbf7285d63930242d99d99417ddbd8c10c04d43a975",
   "displayLink": "ipasma.go.gov.br",
   "snippet": "Untitled",
   "htmlSnippet": "Untitled",
   "mime": "image/",
   "image": {
    "contextLink": "http://ipasma.go.gov.br/site/wp-content/uploads/2019/01/decreto-003-2019-diretor-administrativo.pdf",
    "height": 3437,
    "width": 2480,
    "byteSize": 3339917,
    "thumbnailLink": "https://encrypted-tbn0.gstatic.com/images?q=tbn:ANd9GcTZLbE9pE12H5sxYbKWVg2IEcw_2ognGZtM0bEWD7GKK7b6HawCW-9PW8JC",
    "thumbnailHeight": 150,
    "thumbnailWidth": 108
   }
  },
  {
   "kind": "customsearch#result",
   "title": "Federação Goiana de Municípios - FGM - Публикации | Facebook",
   "htmlTitle": "Federação Goiana de Municípios - FGM - Публикации | Facebook",
   "link": "https://lookaside.fbsbx.com/lookaside/crawler/media/?media_id=1143828312444962",
   "displayLink": "bg-bg.facebook.com",
   "snippet": "Federação Goiana de Municípios - FGM - Публикации | Facebook",
   "htmlSnippet": "Federação Goiana de Municípios - FGM - Публикации | Facebook",
   "mime": "image/",
   "image": {
    "contextLink": "https://bg-bg.facebook.com/pages/category/Nonprofit-Organization/MunicipiosFGM/posts/",
    "height": 960,
    "width": 960,
    "byteSize": 602946,
    "thumbnailLink": "https://encrypted-tbn0.gstatic.com/images?q=tbn:ANd9GcR8E6UdfNkexHfNmsFesl9SrxDZ8_1vraRlnJyqVkR6NcTluGc8mbOONnTB",
    "thumbnailHeight": 148,
    "thumbnailWidth": 148
   }
  },
  {
   "kind": "customsearch#result",
   "title": "Edmar Neto 45 PSDB (Prefeito) Acreúna - Guia Eleições 2016",
   "htmlTitle": "Edmar Neto 45 PSDB (Prefeito) Acreúna - Guia Eleições 2016",
   "link": "https://gazetadopovo-candidatos-2016.s3.amazonaws.com/fotos/go/acreuna/cidao-da-farmacia-45123.jpg",
   "displayLink": "especiais.gazetadopovo.com.br",
   "snippet": "Edmar Neto 45 PSDB (Prefeito) Acreúna - Guia Eleições 2016",
   "htmlSnippet": "Edmar Neto 45 PSDB (Prefeito) Acreúna - Guia Eleições 2016",
   "mime": "image/jpeg",
   "image": {
    "contextLink": "https://especiais.gazetadopovo.com.br/eleicoes/2016/acreuna-go/prefeito/edmar-neto-45/",
    "height": 225,
    "width": 161,
    "byteSize": 4080,
    "thumbnailLink": "https://encrypted-tbn0.gstatic.com/images?q=tbn:ANd9GcTPCzHeyEzV03H5fT64bD5tNB1q1zlEuvcS3qsoafws-rQol9augu3qIA",
    "thumbnailHeight": 108,
    "thumbnailWidth": 77
   }
  },
  {
   "kind": "customsearch#result",
   "title": "Coronel Adailton faz visitas a escolas militarizadas de Indiara ...",
   "htmlTitle": "Coronel Adailton faz visitas a escolas militarizadas de Indiara ...",
   "link": "https://portal.al.go.leg.br/fotos/noticias/166176.jpg",
   "displayLink": "portal.al.go.leg.br",
   "snippet": "Coronel Adailton faz visitas a escolas militarizadas de Indiara ...",
   "htmlSnippet": "Coronel Adailton faz visitas a escolas militarizadas de Indiara ...",
   "mime": "image/jpeg",
   "image": {
    "contextLink": "https://portal.al.go.leg.br/noticias/ver/id/166176/tipo/gabinete/coronel+adailton+faz+visitas+a+escolas+militarizadas+de+indiara",
    "height": 2027,
    "width": 3037,
    "byteSize": 1526781,
    "thumbnailLink": "https://encrypted-tbn0.gstatic.com/images?q=tbn:ANd9GcS38lg0V_0jagmOG3YsGGIYdDq-XuBNx-oi3x2-cpWK68bs_v9pGBVbZGQF",
    "thumbnailHeight": 100,
    "thumbnailWidth": 150
   }
  },
  {
   "kind": "customsearch#result",
   "title": "Edmar Neto 45 PSDB (Prefeito) Acreúna - Guia Eleições 2016",
   "htmlTitle": "Edmar Neto 45 PSDB (Prefeito) Acreúna - Guia Eleições 2016",
   "link": "https://gazetadopovo-candidatos-2016.s3.amazonaws.com/fotos/go/acreuna/edimar-bodinho-45500.jpg",
   "displayLink": "especiais.gazetadopovo.com.br",
   "snippet": "Edmar Neto 45 PSDB (Prefeito) Acreúna - Guia Eleições 2016",
   "htmlSnippet": "Edmar Neto 45 PSDB (Prefeito) Acreúna - Guia Eleições 2016",
   "mime": "image/jpeg",
   "image": {
    "contextLink": "https://especiais.gazetadopovo.com.br/eleicoes/2016/acreuna-go/prefeito/edmar-neto-45/",
    "height": 225,
    "width": 161,
    "byteSize": 5112,
    "thumbnailLink": "https://encrypted-tbn0.gstatic.com/images?q=tbn:ANd9GcQo1PwURRSOI5gDN7l9krDtZWhd0fanbVflX7wKcUmBx9e6ROmpTja_NIE",
    "thumbnailHeight": 108,
    "thumbnailWidth": 77
   }
  },
  {
   "kind": "customsearch#result",
   "title": "Federação Goiana de Municípios - FGM - Публикации | Facebook",
   "htmlTitle": "Federação Goiana de Municípios - FGM - Публикации | Facebook",
   "link": "https://lookaside.fbsbx.com/lookaside/crawler/media/?media_id=1144349665726160",
   "displayLink": "bg-bg.facebook.com",
   "snippet": "Federação Goiana de Municípios - FGM - Публикации | Facebook",
   "htmlSnippet": "Federação Goiana de Municípios - FGM - Публикации | Facebook",
   "mime": "image/",
   "image": {
    "contextLink": "https://bg-bg.facebook.com/pages/category/Nonprofit-Organization/MunicipiosFGM/posts/",
    "height": 960,
    "width": 960,
    "byteSize": 603031,
    "thumbnailLink": "https://encrypted-tbn0.gstatic.com/images?q=tbn:ANd9GcTRnw9cmqFaUBSa9GGIQxujyTSrHiXvuNvgoAY4Zy2JhHlrWwk8-SWMqBw-",
    "thumbnailHeight": 148,
    "thumbnailWidth": 148
   }
  },
  {
   "kind": "customsearch#result",
   "title": "Edmar Neto 45 PSDB (Prefeito) Acreúna - Guia Eleições 2016",
   "htmlTitle": "Edmar Neto 45 PSDB (Prefeito) Acreúna - Guia Eleições 2016",
   "link": "https://gazetadopovo-candidatos-2016.s3.amazonaws.com/fotos/go/acreuna/professora-clarice-43.jpg",
   "displayLink": "especiais.gazetadopovo.com.br",
   "snippet": "Edmar Neto 45 PSDB (Prefeito) Acreúna - Guia Eleições 2016",
   "htmlSnippet": "Edmar Neto 45 PSDB (Prefeito) Acreúna - Guia Eleições 2016",
   "mime": "image/jpeg",
   "image": {
    "contextLink": "https://especiais.gazetadopovo.com.br/eleicoes/2016/acreuna-go/prefeito/edmar-neto-45/",
    "height": 225,
    "width": 161,
    "byteSize": 5140,
    "thumbnailLink": "https://encrypted-tbn0.gstatic.com/images?q=tbn:ANd9GcQ3RDgrTg8BcWWZ8eCIUOavAlua5jDMGWxPf7owPWlr6fRQRoWEqbtpAA",
    "thumbnailHeight": 108,
    "thumbnailWidth": 77
   }
  }
 ]
}
