{
 "kind": "customsearch#search",
 "url": {
  "type": "application/json",
  "template": "https://www.googleapis.com/customsearch/v1?q={searchTerms}&num={count?}&start={startIndex?}&lr={language?}&safe={safe?}&cx={cx?}&sort={sort?}&filter={filter?}&gl={gl?}&cr={cr?}&googlehost={googleHost?}&c2coff={disableCnTwTranslation?}&hq={hq?}&hl={hl?}&siteSearch={siteSearch?}&siteSearchFilter={siteSearchFilter?}&exactTerms={exactTerms?}&excludeTerms={excludeTerms?}&linkSite={linkSite?}&orTerms={orTerms?}&relatedSite={relatedSite?}&dateRestrict={dateRestrict?}&lowRange={lowRange?}&highRange={highRange?}&searchType={searchType}&fileType={fileType?}&rights={rights?}&imgSize={imgSize?}&imgType={imgType?}&imgColorType={imgColorType?}&imgDominantColor={imgDominantColor?}&alt=json"
 },
 "queries": {
  "request": [
   {
    "title": "Google Custom Search - \"EDWALDO LOURENÇO JUNIOR\"",
    "totalResults": "28",
    "searchTerms": "\"EDWALDO LOURENÇO JUNIOR\"",
    "count": 10,
    "startIndex": 1,
    "inputEncoding": "utf8",
    "outputEncoding": "utf8",
    "safe": "off",
    "cx": "014097292584411445814:sh5uhwve2ei",
    "searchType": "image"
   }
  ],
  "nextPage": [
   {
    "title": "Google Custom Search - \"EDWALDO LOURENÇO JUNIOR\"",
    "totalResults": "28",
    "searchTerms": "\"EDWALDO LOURENÇO JUNIOR\"",
    "count": 10,
    "startIndex": 11,
    "inputEncoding": "utf8",
    "outputEncoding": "utf8",
    "safe": "off",
    "cx": "014097292584411445814:sh5uhwve2ei",
    "searchType": "image"
   }
  ]
 },
 "context": {
  "title": "Eleitos"
 },
 "searchInformation": {
  "searchTime": 0.284912,
  "formattedSearchTime": "0.28",
  "totalResults": "28",
  "formattedTotalResults": "28"
 },
 "items": [
  {
   "kind": "customsearch#result",
   "title": "Junior Professor 22333 PR (Vereador) Abadia de Goiás - Guia ...",
   "htmlTitle": "Junior Professor 22333 PR (Vereador) Abadia de Goiás - Guia ...",
   "link": "https://gazetadopovo-candidatos-2016.s3.amazonaws.com/fotos/santinhos/go/abadia-de-goias/santinho-vereador-junior-professor-22333-abadia-de-goias-go.jpg",
   "displayLink": "especiais.gazetadopovo.com.br",
   "snippet": "Junior Professor 22333 PR (Vereador) Abadia de Goiás - Guia ...",
   "htmlSnippet": "Junior Professor 22333 PR (Vereador) Abadia de Goiás - Guia ...",
   "mime": "image/jpeg",
   "image": {
    "contextLink": "https://especiais.gazetadopovo.com.br/eleicoes/2016/abadia-de-goias-go/vereador/junior-professor-22333/",
    "height": 339,
    "width": 646,
    "byteSize": 19921,
    "thumbnailLink": "https://encrypted-tbn0.gstatic.com/images?q=tbn:ANd9GcRYlUQwVrAnOps0QotT96tCEkupTdKsb2DvCb_u93gqwwBnG3TwAaGDIqUE",
    "thumbnailHeight": 72,
    "thumbnailWidth": 137
   }
  },
  {
   "kind": "customsearch#result",
   "title": "Inaugurada nova sede da Delegacia de Polícia de Abadia de Goiás ...",
   "htmlTitle": "Inaugurada nova sede da Delegacia de Polícia de Abadia de Goiás ...",
   "link": "https://www.policiacivil.go.gov.br/wp-content/uploads/2018/08/abadia.jpg",
   "displayLink": "www.policiacivil.go.gov.br",
   "snippet": "Inaugurada nova sede da Delegacia de Polícia de Abadia de Goiás ...",
   "htmlSnippet": "Inaugurada nova sede da Delegacia de Polícia de Abadia de Goiás ...",
   "mime": "image/jpeg",
   "image": {
    "contextLink": "https://www.policiacivil.go.gov.br/delegacias/regionais/inaugurada-nova-sede-da-delegacia-de-policia-de-abadia-de-goias.html",
    "height": 473,
    "width": 710,
    "byteSize": 85476,
    "thumbnailLink": "https://encrypted-tbn0.gstatic.com/images?q=tbn:ANd9GcRpI2C5Ui73cxe-swQHFhRiszGUsChr7gmfRmk74R8whrooDkcYNplLU72o",
    "thumbnailHeight": 93,
    "thumbnailWidth": 140
   }
  },
  {
   "kind": "customsearch#result",
   "title": "Junior Professor 22333 PR (Vereador) Abadia de Goiás - Guia ...",
   "htmlTitle": "Junior Professor 22333 PR (Vereador) Abadia de Goiás - Guia ...",
   "link": "https://gazetadopovo-candidatos-2016.s3.amazonaws.com/fotos/go/abadia-de-goias/junior-professor-22333.jpg",
   "displayLink": "especiais.gazetadopovo.com.br",
   "snippet": "Junior Professor 22333 PR (Vereador) Abadia de Goiás - Guia ...",
   "htmlSnippet": "Junior Professor 22333 PR (Vereador) Abadia de Goiás - Guia ...",
   "mime": "image/jpeg",
   "image": {
    "contextLink": "https://especiais.gazetadopovo.com.br/eleicoes/2016/abadia-de-goias-go/vereador/junior-professor-22333/",
    "height": 225,
    "width": 161,
    "byteSize": 4231,
    "thumbnailLink": "https://encrypted-tbn0.gstatic.com/images?q=tbn:ANd9GcTBtCi-hz4onfequ2L8--2bczibeAYBRiU2YxbyJFBB-NHJt7dFkuKW7Q",
    "thumbnailHeight": 108,
    "thumbnailWidth": 77
   }
  },
  {
   "kind": "customsearch#result",
   "title": "INTIMAÇÃO PARA REGULARIZAÇÃO DE CADASTRO Nº 22/2019 PUBLICADA EM ...",
   "htmlTitle": "INTIMAÇÃO PARA REGULARIZAÇÃO DE CADASTRO Nº 22/2019 PUBLICADA EM ...",
   "link": "x-raw-image:///213cf07557a70fc177db91c985595e309786af2190520210437b0d6392375e2f",
   "displayLink": "portalsistemas.ipasgo.go.gov.br",
   "snippet": "INTIMAÇÃO PARA REGULARIZAÇÃO DE CADASTRO Nº 22/2019 PUBLICADA EM ...",
   "htmlSnippet": "INTIMAÇÃO PARA REGULARIZAÇÃO DE CADASTRO Nº 22/2019 PUBLICADA EM ...",
   "mime": "image/",
   "image": {
    "contextLink": "https://portalsistemas.ipasgo.go.gov.br/upload/RIC/2019/RIC_012019_20190222.pdf",
    "height": 1344,
    "width": 919,
    "byteSize": 3693,
    "thumbnailLink": "https://encrypted-tbn0.gstatic.com/images?q=tbn:ANd9GcSa2PQWIlRQOPAi9AhlHwOKfHJa8v8RD95gosEdMv5sa6pzy1JNd10Gtq-i",
    "thumbnailHeight": 150,
    "thumbnailWidth": 103
   }
  },
  {
   "kind": "customsearch#result",
   "title": "Junior Professor 22333 PR (Vereador) Abadia de Goiás - Guia ...",
   "htmlTitle": "Junior Professor 22333 PR (Vereador) Abadia de Goiás - Guia ...",
   "link": "https://gazetadopovo-candidatos-2016.s3.amazonaws.com/fotos/go/abadia-de-goias/professor-renderson-22456.jpg",
   "displayLink": "especiais.gazetadopovo.com.br",
   "snippet": "Junior Professor 22333 PR (Vereador) Abadia de Goiás - Guia ...",
   "htmlSnippet": "Junior Professor 22333 PR (Vereador) Abadia de Goiás - Guia ...",
   "mime": "image/jpeg",
   "image": {
    "contextLink": "https://especiais.gazetadopovo.com.br/eleicoes/2016/abadia-de-goias-go/vereador/junior-professor-22333/",
    "height": 225,
    "width": 161,
    "byteSize": 4833,
    "thumbnailLink": "https://encrypted-tbn0.gstatic.com/images?q=tbn:ANd9GcSEIh-491Y0MGGgmaiXffoR1oECIyWL08va7FQbyAIVOTFymEvUJU4BNg",
    "thumbnailHeight": 108,
    "thumbnailWidth": 77
   }
  },
  {
   "kind": "customsearch#result",
   "title": "PODER EXECUTIVO",
   "htmlTitle": "PODER EXECUTIVO",
   "link": "x-raw-image:///e670fac80ccee0f7a89f3700441427b2f74569e3138ef85ae340510bf465db2b",
   "displayLink": "diariooficial.abc.go.gov.br",
   "snippet": "PODER EXECUTIVO",
   "htmlSnippet": "PODER EXECUTIVO",
   "mime": "image/",
   "image": {
    "contextLink": "http://diariooficial.abc.go.gov.br/portal/edicoes/download/3098",
    "height": 310,
    "width": 513,
    "byteSize": 143073,
    "thumbnailLink": "https://encrypted-tbn0.gstatic.com/images?q=tbn:ANd9GcTREn3XwtmYJ59lYNUCGOhPnKC30VllI2P7o0mRJsQ388FJSFA7FBnrphU",
    "thumbnailHeight": 79,
    "thumbnailWidth": 131
   }
  },
  {
   "kind": "customsearch#result",
   "title": "Junior Professor 22333 PR (Vereador) Abadia de Goiás - Guia ...",
   "htmlTitle": "Junior Professor 22333 PR (Vereador) Abadia de Goiás - Guia ...",
   "link": "https://gazetadopovo-candidatos-2016.s3.amazonaws.com/fotos/go/abadia-de-goias/fernando-rosa-22222.jpg",
   "displayLink": "especiais.gazetadopovo.com.br",
   "snippet": "Junior Professor 22333 PR (Vereador) Abadia de Goiás - Guia ...",
   "htmlSnippet": "Junior Professor 22333 PR (Vereador) Abadia de Goiás - Guia ...",
   "mime": "image/jpeg",
   "image": {
    "contextLink": "https://especiais.gazetadopovo.com.br/eleicoes/2016/abadia-de-goias-go/vereador/junior-professor-22333/",
    "height": 225,
    "width": 161,
    "byteSize": 5490,
    "thumbnailLink": "https://encrypted-tbn0.gstatic.com/images?q=tbn:ANd9GcRZVIoO6ujHsg0IoGZkkrc3SK0gu0PIiJbTO1kk4tJ7IglVJonUWT1cCvo",
    "thumbnailHeight": 108,
    "thumbnailWidth": 77
   }
  },
  {
   "kind": "customsearch#result",
   "title": "Junior Professor 22333 PR (Vereador) Abadia de Goiás - Guia ...",
   "htmlTitle": "Junior Professor 22333 PR (Vereador) Abadia de Goiás - Guia ...",
   "link": "https://gazetadopovo-candidatos-2016.s3.amazonaws.com/fotos/go/abadia-de-goias/wender-bolacha-22123.jpg",
   "displayLink": "especiais.gazetadopovo.com.br",
   "snippet": "Junior Professor 22333 PR (Vereador) Abadia de Goiás - Guia ...",
   "htmlSnippet": "Junior Professor 22333 PR (Vereador) Abadia de Goiás - Guia ...",
   "mime": "image/jpeg",
   "image": {
    "contextLink": "https://especiais.gazetadopovo.com.br/eleicoes/2016/abadia-de-goias-go/vereador/junior-professor-22333/",
    "height": 225,
    "width": 161,
    "byteSize": 3815,
    "thumbnailLink": "https://encrypted-tbn0.gstatic.com/images?q=tbn:ANd9GcSrbD7_qXLZPoQ1sPIU6pE5k6rtIq2VxBVq0m2V1-Wty9r7KRB8sTysNQ",
    "thumbnailHeight": 108,
    "thumbnailWidth": 77
   }
  },
  {
   "kind": "customsearch#result",
   "title": "Junior Professor 22333 PR (Vereador) Abadia de Goiás - Guia ...",
   "htmlTitle": "Junior Professor 22333 PR (Vereador) Abadia de Goiás - Guia ...",
   "link": "https://gazetadopovo-candidatos-2016.s3.amazonaws.com/fotos/go/abadia-de-goias/valdeci-mendonca-15.jpg",
   "displayLink": "especiais.gazetadopovo.com.br",
   "snippet": "Junior Professor 22333 PR (Vereador) Abadia de Goiás - Guia ...",
   "htmlSnippet": "Junior Professor 22333 PR (Vereador) Abadia de Goiás - Guia ...",
   "mime": "image/jpeg",
   "image": {
    "contextLink": "https://especiais.gazetadopovo.com.br/eleicoes/2016/abadia-de-goias-go/vereador/junior-professor-22333/",
    "height": 225,
    "width": 161,
    "byteSize": 5110,
    "thumbnailLink": "https://encrypted-tbn0.gstatic.com/images?q=tbn:ANd9GcR0CbuFNyd_SZgiDU3QDHNht6i815UlQ9K_MSSpS5yvX8l_kVuVT5d-kys",
    "thumbnailHeight": 108,
    "thumbnailWidth": 77
   }
  },
  {
   "kind": "customsearch#result",
   "title": "Junior Professor 22333 PR (Vereador) Abadia de Goiás - Guia ...",
   "htmlTitle": "Junior Professor 22333 PR (Vereador) Abadia de Goiás - Guia ...",
   "link": "https://gazetadopovo-candidatos-2016.s3.amazonaws.com/fotos/go/abadia-de-goias/cosme-22678.jpg",
   "displayLink": "especiais.gazetadopovo.com.br",
   "snippet": "Junior Professor 22333 PR (Vereador) Abadia de Goiás - Guia ...",
   "htmlSnippet": "Junior Professor 22333 PR (Vereador) Abadia de Goiás - Guia ...",
   "mime": "image/jpeg",
   "image": {
    "contextLink": "https://especiais.gazetadopovo.com.br/eleicoes/2016/abadia-de-goias-go/vereador/junior-professor-22333/",
    "height": 225,
    "width": 161,
    "byteSize": 3936,
    "thumbnailLink": "https://encrypted-tbn0.gstatic.com/images?q=tbn:ANd9GcQMZgJJxIZvvF7ON7-DZ_VhtMjY-ZeXXkm35EhbjFaABpcMH4v_XQt1kg",
    "thumbnailHeight": 108,
    "thumbnailWidth": 77
   }
  }
 ]
}
