{
 "kind": "customsearch#search",
 "url": {
  "type": "application/json",
  "template": "https://www.googleapis.com/customsearch/v1?q={searchTerms}&num={count?}&start={startIndex?}&lr={language?}&safe={safe?}&cx={cx?}&sort={sort?}&filter={filter?}&gl={gl?}&cr={cr?}&googlehost={googleHost?}&c2coff={disableCnTwTranslation?}&hq={hq?}&hl={hl?}&siteSearch={siteSearch?}&siteSearchFilter={siteSearchFilter?}&exactTerms={exactTerms?}&excludeTerms={excludeTerms?}&linkSite={linkSite?}&orTerms={orTerms?}&relatedSite={relatedSite?}&dateRestrict={dateRestrict?}&lowRange={lowRange?}&highRange={highRange?}&searchType={searchType}&fileType={fileType?}&rights={rights?}&imgSize={imgSize?}&imgType={imgType?}&imgColorType={imgColorType?}&imgDominantColor={imgDominantColor?}&alt=json"
 },
 "queries": {
  "request": [
   {
    "title": "Google Custom Search - \"ELESSANDRO AMARAL RODRIGUES\"",
    "totalResults": "276",
    "searchTerms": "\"ELESSANDRO AMARAL RODRIGUES\"",
    "count": 10,
    "startIndex": 1,
    "inputEncoding": "utf8",
    "outputEncoding": "utf8",
    "safe": "off",
    "cx": "014097292584411445814:sh5uhwve2ei",
    "searchType": "image"
   }
  ],
  "nextPage": [
   {
    "title": "Google Custom Search - \"ELESSANDRO AMARAL RODRIGUES\"",
    "totalResults": "276",
    "searchTerms": "\"ELESSANDRO AMARAL RODRIGUES\"",
    "count": 10,
    "startIndex": 11,
    "inputEncoding": "utf8",
    "outputEncoding": "utf8",
    "safe": "off",
    "cx": "014097292584411445814:sh5uhwve2ei",
    "searchType": "image"
   }
  ]
 },
 "context": {
  "title": "Eleitos"
 },
 "searchInformation": {
  "searchTime": 0.236445,
  "formattedSearchTime": "0.24",
  "totalResults": "276",
  "formattedTotalResults": "276"
 },
 "spelling": {
  "correctedQuery": "\"ALESSANDRA AMARAL RODRIGUES\"",
  "htmlCorrectedQuery": "&quot;\u003cb\u003e\u003ci\u003eALESSANDRA\u003c/i\u003e\u003c/b\u003e AMARAL RODRIGUES&quot;"
 },
 "items": [
  {
   "kind": "customsearch#result",
   "title": "title | Gazeta do Povo",
   "htmlTitle": "title | Gazeta do Povo",
   "link": "https://gazetadopovo-candidatos-2016.s3.amazonaws.com/fotos/santinhos/go/adelandia/santinho-vereador-alessandro-amaral-36000-adelandia-go.jpg",
   "displayLink": "especiais.gazetadopovo.com.br",
   "snippet": "title | Gazeta do Povo",
   "htmlSnippet": "title | Gazeta do Povo",
   "mime": "image/jpeg",
   "image": {
    "contextLink": "https://especiais.gazetadopovo.com.br/eleicoes/2016/adelandia-go/vereador/alessandro-amaral-36000/",
    "height": 339,
    "width": 646,
    "byteSize": 20015,
    "thumbnailLink": "https://encrypted-tbn0.gstatic.com/images?q=tbn:ANd9GcQgV_Rkw4ifVnMvZ92N6JJn_Ryt0gS3KBGfa2Vk_6_gWczmSuv2VBkfhGU",
    "thumbnailHeight": 72,
    "thumbnailWidth": 137
   }
  },
  {
   "kind": "customsearch#result",
   "title": "Atento, vice-governador ouve lideranças dos municípios - Vice ...",
   "htmlTitle": "Atento, vice-governador ouve lideranças dos municípios - Vice ...",
   "link": "http://www.vicegovernadoria.go.gov.br/images/tjfoto-5.jpg",
   "displayLink": "www.vicegovernadoria.go.gov.br",
   "snippet": "Atento, vice-governador ouve lideranças dos municípios - Vice ...",
   "htmlSnippet": "Atento, vice-governador ouve lideranças dos municípios - Vice ...",
   "mime": "image/jpeg",
   "image": {
    "contextLink": "http://www.vicegovernadoria.go.gov.br/noticias/896-atento,-vice-governador-ouve%20-lideran%C3%A7as-dos-munic%C3%ADpios.html",
    "height": 1249,
    "width": 1280,
    "byteSize": 226101,
    "thumbnailLink": "https://encrypted-tbn0.gstatic.com/images?q=tbn:ANd9GcR0vmPtXX776Oxc48BD2JCNKNOpQzoRf8gjE3Qcz6sphx9aoHwQ6XmLme5l",
    "thumbnailHeight": 146,
    "thumbnailWidth": 150
   }
  },
  {
   "kind": "customsearch#result",
   "title": "title | Gazeta do Povo",
   "htmlTitle": "title | Gazeta do Povo",
   "link": "https://gazetadopovo-candidatos-2016.s3.amazonaws.com/fotos/go/adelandia/alessandro-amaral-36000.jpg",
   "displayLink": "especiais.gazetadopovo.com.br",
   "snippet": "title | Gazeta do Povo",
   "htmlSnippet": "title | Gazeta do Povo",
   "mime": "image/jpeg",
   "image": {
    "contextLink": "https://especiais.gazetadopovo.com.br/eleicoes/2016/adelandia-go/vereador/alessandro-amaral-36000/",
    "height": 225,
    "width": 161,
    "byteSize": 4959,
    "thumbnailLink": "https://encrypted-tbn0.gstatic.com/images?q=tbn:ANd9GcTSC0FGSoQtFBWvZvNvX2WRLDhzSnML6X3VN5AXSqlbbrMGmGi-3juGZQ",
    "thumbnailHeight": 108,
    "thumbnailWidth": 77
   }
  },
  {
   "kind": "customsearch#result",
   "title": "Cadastro de Autoridades do Governo do Estado de Goiás",
   "htmlTitle": "Cadastro de Autoridades do Governo do Estado de Goiás",
   "link": "x-raw-image:///2f7f13991c7c597f193a34f856db7041799fc6c1fecc4c844932d019387a14cd",
   "displayLink": "www.sgc.goias.gov.br",
   "snippet": "Cadastro de Autoridades do Governo do Estado de Goiás",
   "htmlSnippet": "Cadastro de Autoridades do Governo do Estado de Goiás",
   "mime": "image/",
   "image": {
    "contextLink": "http://www.sgc.goias.gov.br/upload/arquivos/2017-08/cad_de_autoridades12.pdf",
    "height": 562,
    "width": 515,
    "byteSize": 99263,
    "thumbnailLink": "https://encrypted-tbn0.gstatic.com/images?q=tbn:ANd9GcQHssWNWIh7otJa9FsY-UvSaJ8BW0TM0HQB6JcV9-nSlZ6rhUi88UtDU_g",
    "thumbnailHeight": 133,
    "thumbnailWidth": 122
   }
  },
  {
   "kind": "customsearch#result",
   "title": "title | Gazeta do Povo",
   "htmlTitle": "title | Gazeta do Povo",
   "link": "https://gazetadopovo-candidatos-2016.s3.amazonaws.com/fotos/go/adelandia/cesar-da-marcila-36234.jpg",
   "displayLink": "especiais.gazetadopovo.com.br",
   "snippet": "title | Gazeta do Povo",
   "htmlSnippet": "title | Gazeta do Povo",
   "mime": "image/jpeg",
   "image": {
    "contextLink": "https://especiais.gazetadopovo.com.br/eleicoes/2016/adelandia-go/vereador/alessandro-amaral-36000/",
    "height": 225,
    "width": 161,
    "byteSize": 5452,
    "thumbnailLink": "https://encrypted-tbn0.gstatic.com/images?q=tbn:ANd9GcQ8W07CpgkahCkkC0jEYVlK_x_pAEIhkJHvuL5G7KWHrB6xIbPEFQOMvQ",
    "thumbnailHeight": 108,
    "thumbnailWidth": 77
   }
  },
  {
   "kind": "customsearch#result",
   "title": "Cadastro de Autoridades do Governo do Estado de Goiás",
   "htmlTitle": "Cadastro de Autoridades do Governo do Estado de Goiás",
   "link": "x-raw-image:///4589134fbdba2b0c4a4c5c5057f8d3828c5b0c5e69d5271b5dcacf7a2538840c",
   "displayLink": "www.sgc.goias.gov.br",
   "snippet": "Cadastro de Autoridades do Governo do Estado de Goiás",
   "htmlSnippet": "Cadastro de Autoridades do Governo do Estado de Goiás",
   "mime": "image/",
   "image": {
    "contextLink": "http://www.sgc.goias.gov.br/upload/arquivos/2018-08/cad-de-autoridades26.pdf",
    "height": 240,
    "width": 169,
    "byteSize": 37468,
    "thumbnailLink": "https://encrypted-tbn0.gstatic.com/images?q=tbn:ANd9GcT4ZIWp9tLsCA5VBhEvgusXfdkUtnGLsS4enWtslYWF12rSK9HHAAs_VGE",
    "thumbnailHeight": 110,
    "thumbnailWidth": 77
   }
  },
  {
   "kind": "customsearch#result",
   "title": "title | Gazeta do Povo",
   "htmlTitle": "title | Gazeta do Povo",
   "link": "https://gazetadopovo-candidatos-2016.s3.amazonaws.com/fotos/go/adelandia/erica-36123.jpg",
   "displayLink": "especiais.gazetadopovo.com.br",
   "snippet": "title | Gazeta do Povo",
   "htmlSnippet": "title | Gazeta do Povo",
   "mime": "image/jpeg",
   "image": {
    "contextLink": "https://especiais.gazetadopovo.com.br/eleicoes/2016/adelandia-go/vereador/alessandro-amaral-36000/",
    "height": 225,
    "width": 161,
    "byteSize": 5240,
    "thumbnailLink": "https://encrypted-tbn0.gstatic.com/images?q=tbn:ANd9GcSqegoGxmdGJx7UFUEYkZEkCiH46ArRNaOYX2esme0xdwnj6hCNBitY7AU",
    "thumbnailHeight": 108,
    "thumbnailWidth": 77
   }
  },
  {
   "kind": "customsearch#result",
   "title": "Cadastro de Autoridades do Governo do Estado de Goiás",
   "htmlTitle": "Cadastro de Autoridades do Governo do Estado de Goiás",
   "link": "x-raw-image:///fb5e96b5a518eb29de8071e062ba883ea07a02af61d7724a9a46286e2b0a2ee8",
   "displayLink": "www.sgc.goias.gov.br",
   "snippet": "Cadastro de Autoridades do Governo do Estado de Goiás",
   "htmlSnippet": "Cadastro de Autoridades do Governo do Estado de Goiás",
   "mime": "image/",
   "image": {
    "contextLink": "http://www.sgc.goias.gov.br/upload/arquivos/2018-05/cad-de-autoridades10.pdf",
    "height": 224,
    "width": 156,
    "byteSize": 40006,
    "thumbnailLink": "https://encrypted-tbn0.gstatic.com/images?q=tbn:ANd9GcRjbwUuzVurQ4H5GUh4I4ixzsD4pOR4LtwR-kDC0TOnSEgft3TtC69enrk",
    "thumbnailHeight": 108,
    "thumbnailWidth": 75
   }
  },
  {
   "kind": "customsearch#result",
   "title": "title | Gazeta do Povo",
   "htmlTitle": "title | Gazeta do Povo",
   "link": "https://gazetadopovo-candidatos-2016.s3.amazonaws.com/fotos/go/adelandia/alzery-36789.jpg",
   "displayLink": "especiais.gazetadopovo.com.br",
   "snippet": "title | Gazeta do Povo",
   "htmlSnippet": "title | Gazeta do Povo",
   "mime": "image/jpeg",
   "image": {
    "contextLink": "https://especiais.gazetadopovo.com.br/eleicoes/2016/adelandia-go/vereador/alessandro-amaral-36000/",
    "height": 225,
    "width": 161,
    "byteSize": 5278,
    "thumbnailLink": "https://encrypted-tbn0.gstatic.com/images?q=tbn:ANd9GcS_nMvhK-RNiTLBrRM_u9Ngf2CmYVmhUknh03pRBsKToNjL-_xYcVNBzZA",
    "thumbnailHeight": 108,
    "thumbnailWidth": 77
   }
  },
  {
   "kind": "customsearch#result",
   "title": "Cadastro de Autoridades do Governo do Estado de Goiás",
   "htmlTitle": "Cadastro de Autoridades do Governo do Estado de Goiás",
   "link": "x-raw-image:///d4a8b45e2573077cbd65b15c63a13acde1f3fdc039429b1234d14512c0615ece",
   "displayLink": "www.sgc.goias.gov.br",
   "snippet": "Cadastro de Autoridades do Governo do Estado de Goiás",
   "htmlSnippet": "Cadastro de Autoridades do Governo do Estado de Goiás",
   "mime": "image/",
   "image": {
    "contextLink": "http://www.sgc.goias.gov.br/upload/arquivos/2018-05/cad-de-autoridades4.pdf",
    "height": 344,
    "width": 400,
    "byteSize": 84378,
    "thumbnailLink": "https://encrypted-tbn0.gstatic.com/images?q=tbn:ANd9GcRAtCXq17AxqHs2PzyGuNdbhlyF1dow-NHIhUoQyWrFRqAmKja9HjhsBg",
    "thumbnailHeight": 107,
    "thumbnailWidth": 124
   }
  }
 ]
}
