{
 "kind": "customsearch#search",
 "url": {
  "type": "application/json",
  "template": "https://www.googleapis.com/customsearch/v1?q={searchTerms}&num={count?}&start={startIndex?}&lr={language?}&safe={safe?}&cx={cx?}&sort={sort?}&filter={filter?}&gl={gl?}&cr={cr?}&googlehost={googleHost?}&c2coff={disableCnTwTranslation?}&hq={hq?}&hl={hl?}&siteSearch={siteSearch?}&siteSearchFilter={siteSearchFilter?}&exactTerms={exactTerms?}&excludeTerms={excludeTerms?}&linkSite={linkSite?}&orTerms={orTerms?}&relatedSite={relatedSite?}&dateRestrict={dateRestrict?}&lowRange={lowRange?}&highRange={highRange?}&searchType={searchType}&fileType={fileType?}&rights={rights?}&imgSize={imgSize?}&imgType={imgType?}&imgColorType={imgColorType?}&imgDominantColor={imgDominantColor?}&alt=json"
 },
 "queries": {
  "request": [
   {
    "title": "Google Custom Search - \"EUGENIO SILVA NETO\"",
    "totalResults": "4330",
    "searchTerms": "\"EUGENIO SILVA NETO\"",
    "count": 10,
    "startIndex": 1,
    "inputEncoding": "utf8",
    "outputEncoding": "utf8",
    "safe": "off",
    "cx": "014097292584411445814:sh5uhwve2ei",
    "searchType": "image"
   }
  ],
  "nextPage": [
   {
    "title": "Google Custom Search - \"EUGENIO SILVA NETO\"",
    "totalResults": "4330",
    "searchTerms": "\"EUGENIO SILVA NETO\"",
    "count": 10,
    "startIndex": 11,
    "inputEncoding": "utf8",
    "outputEncoding": "utf8",
    "safe": "off",
    "cx": "014097292584411445814:sh5uhwve2ei",
    "searchType": "image"
   }
  ]
 },
 "context": {
  "title": "Eleitos"
 },
 "searchInformation": {
  "searchTime": 0.407047,
  "formattedSearchTime": "0.41",
  "totalResults": "4330",
  "formattedTotalResults": "4,330"
 },
 "items": [
  {
   "kind": "customsearch#result",
   "title": "Eugenio Leiteiro 45678 PSDB (Vereador) Abadia de Goiás - Guia ...",
   "htmlTitle": "Eugenio Leiteiro 45678 PSDB (Vereador) Abadia de Goiás - Guia ...",
   "link": "https://gazetadopovo-candidatos-2016.s3.amazonaws.com/fotos/santinhos/go/abadia-de-goias/santinho-vereador-eugenio-leiteiro-45678-abadia-de-goias-go.jpg",
   "displayLink": "especiais.gazetadopovo.com.br",
   "snippet": "Eugenio Leiteiro 45678 PSDB (Vereador) Abadia de Goiás - Guia ...",
   "htmlSnippet": "Eugenio Leiteiro 45678 PSDB (Vereador) Abadia de Goiás - Guia ...",
   "mime": "image/jpeg",
   "image": {
    "contextLink": "https://especiais.gazetadopovo.com.br/eleicoes/2016/abadia-de-goias-go/vereador/eugenio-leiteiro-45678",
    "height": 339,
    "width": 646,
    "byteSize": 19292,
    "thumbnailLink": "https://encrypted-tbn0.gstatic.com/images?q=tbn:ANd9GcTq0Poj6z5nAcV2WQ8cB2yaOkG3MnVCFwok4bVTkL1hZmUeJvrFYlYF2wo",
    "thumbnailHeight": 72,
    "thumbnailWidth": 137
   }
  },
  {
   "kind": "customsearch#result",
   "title": "Gustavo Sebba participa de audiência com secretário de Segurança ...",
   "htmlTitle": "Gustavo Sebba participa de audiência com secretário de Segurança ...",
   "link": "https://portal.al.go.leg.br/fotos/noticias/132602.jpg",
   "displayLink": "portal.al.go.leg.br",
   "snippet": "Gustavo Sebba participa de audiência com secretário de Segurança ...",
   "htmlSnippet": "Gustavo Sebba participa de audiência com secretário de Segurança ...",
   "mime": "image/jpeg",
   "image": {
    "contextLink": "https://portal.al.go.leg.br/noticias/ver/id/132602/tipo/gabinete/+gustavo+sebba+participa+de+audiencia+com+secretario+de+seguranca+publica",
    "height": 2448,
    "width": 3264,
    "byteSize": 2105647,
    "thumbnailLink": "https://encrypted-tbn0.gstatic.com/images?q=tbn:ANd9GcSDyryASDmgq2IR1qsKrth6Yk4TgTsGhuSLE4QPNUH7xmwG6HusLuD6OQ",
    "thumbnailHeight": 113,
    "thumbnailWidth": 150
   }
  },
  {
   "kind": "customsearch#result",
   "title": "Eugenio Leiteiro 45678 PSDB (Vereador) Abadia de Goiás - Guia ...",
   "htmlTitle": "Eugenio Leiteiro 45678 PSDB (Vereador) Abadia de Goiás - Guia ...",
   "link": "https://gazetadopovo-candidatos-2016.s3.amazonaws.com/fotos/go/abadia-de-goias/geraldo-ge-45000.jpg",
   "displayLink": "especiais.gazetadopovo.com.br",
   "snippet": "Eugenio Leiteiro 45678 PSDB (Vereador) Abadia de Goiás - Guia ...",
   "htmlSnippet": "Eugenio Leiteiro 45678 PSDB (Vereador) Abadia de Goiás - Guia ...",
   "mime": "image/jpeg",
   "image": {
    "contextLink": "https://especiais.gazetadopovo.com.br/eleicoes/2016/abadia-de-goias-go/vereador/eugenio-leiteiro-45678",
    "height": 225,
    "width": 161,
    "byteSize": 4386,
    "thumbnailLink": "https://encrypted-tbn0.gstatic.com/images?q=tbn:ANd9GcRt7rlxON-Cll1mxUx1b4y-zjYDnao1uPdcK8k5xDKyHxul_LAPZ4SANW4",
    "thumbnailHeight": 108,
    "thumbnailWidth": 77
   }
  },
  {
   "kind": "customsearch#result",
   "title": "Cozinha Amiga - Essa receita é uma verdadeira tentação ...",
   "htmlTitle": "Cozinha Amiga - Essa receita é uma verdadeira tentação ...",
   "link": "https://lookaside.fbsbx.com/lookaside/crawler/media/?media_id=1480588265361376",
   "displayLink": "pt-br.facebook.com",
   "snippet": "Cozinha Amiga - Essa receita é uma verdadeira tentação ...",
   "htmlSnippet": "Cozinha Amiga - Essa receita é uma verdadeira tentação ...",
   "mime": "image/",
   "image": {
    "contextLink": "https://pt-br.facebook.com/CozinhaAmiga/posts/1480588808694655?comment_id=1480692385350964&comment_tracking=%7B%22tn%22%3A%22R%22%7D",
    "height": 720,
    "width": 960,
    "byteSize": 108534,
    "thumbnailLink": "https://encrypted-tbn0.gstatic.com/images?q=tbn:ANd9GcS7_Ta1hWXCSZZPabEmjtgSMbEWZaPducF2s2cH4Pxm09l5WzuBhp5BF1n-",
    "thumbnailHeight": 111,
    "thumbnailWidth": 148
   }
  },
  {
   "kind": "customsearch#result",
   "title": "Prefeitura de Abadia de Goiás ::",
   "htmlTitle": "Prefeitura de Abadia de Goiás ::",
   "link": "http://www.abadiadegoias.go.gov.br/FotoNoticia/80/80.jpg",
   "displayLink": "www.abadiadegoias.go.gov.br",
   "snippet": "Prefeitura de Abadia de Goiás ::",
   "htmlSnippet": "Prefeitura de Abadia de Goiás ::",
   "mime": "image/jpeg",
   "image": {
    "contextLink": "http://www.abadiadegoias.go.gov.br/MostraNoticia.asp?CodNoticia=80",
    "height": 222,
    "width": 172,
    "byteSize": 7815,
    "thumbnailLink": "https://encrypted-tbn0.gstatic.com/images?q=tbn:ANd9GcQpeZbX00BZUtwiqxZvo8Bu7Ps9rxMaqkzBgOaztwu_mUYxkuYe8la7og",
    "thumbnailHeight": 107,
    "thumbnailWidth": 83
   }
  },
  {
   "kind": "customsearch#result",
   "title": "Arcadas Convencoes & Eventos - Campinas, Sao Paulo - Local Service ...",
   "htmlTitle": "Arcadas Convencoes &amp; Eventos - Campinas, Sao Paulo - Local Service ...",
   "link": "https://lookaside.fbsbx.com/lookaside/crawler/media/?media_id=1514523448657849",
   "displayLink": "www.facebook.com",
   "snippet": "Arcadas Convencoes & Eventos - Campinas, Sao Paulo - Local Service ...",
   "htmlSnippet": "Arcadas Convencoes &amp; Eventos - Campinas, Sao Paulo - Local Service ...",
   "mime": "image/",
   "image": {
    "contextLink": "https://www.facebook.com/pages/Arcadas-Convencoes-Eventos/154340681999242",
    "height": 720,
    "width": 960,
    "byteSize": 67400,
    "thumbnailLink": "https://encrypted-tbn0.gstatic.com/images?q=tbn:ANd9GcQrCjvpG04rSeMTbwio4pPHhPzWheO_YpE1aIQySqJ9TTbjDu_z9lXPUSw",
    "thumbnailHeight": 111,
    "thumbnailWidth": 148
   }
  },
  {
   "kind": "customsearch#result",
   "title": "Prefeitura de Abadia de Goiás ::",
   "htmlTitle": "Prefeitura de Abadia de Goiás ::",
   "link": "http://www.abadiadegoias.go.gov.br/FotoNoticia/100/100.jpg",
   "displayLink": "www.abadiadegoias.go.gov.br",
   "snippet": "Prefeitura de Abadia de Goiás ::",
   "htmlSnippet": "Prefeitura de Abadia de Goiás ::",
   "mime": "image/jpeg",
   "image": {
    "contextLink": "http://www.abadiadegoias.go.gov.br/MostraNoticia.asp?CodNoticia=100",
    "height": 222,
    "width": 172,
    "byteSize": 12021,
    "thumbnailLink": "https://encrypted-tbn0.gstatic.com/images?q=tbn:ANd9GcSz7PJrJxn1MfDtQ8O2zCSEhvcjkIyshZP5YK12QqTXEvkMo4Y9THiFvI0",
    "thumbnailHeight": 107,
    "thumbnailWidth": 83
   }
  },
  {
   "kind": "customsearch#result",
   "title": "Arcadas Convencoes & Eventos - Campinas, Sao Paulo - Local Service ...",
   "htmlTitle": "Arcadas Convencoes &amp; Eventos - Campinas, Sao Paulo - Local Service ...",
   "link": "https://lookaside.fbsbx.com/lookaside/crawler/media/?media_id=663764787067057",
   "displayLink": "www.facebook.com",
   "snippet": "Arcadas Convencoes & Eventos - Campinas, Sao Paulo - Local Service ...",
   "htmlSnippet": "Arcadas Convencoes &amp; Eventos - Campinas, Sao Paulo - Local Service ...",
   "mime": "image/",
   "image": {
    "contextLink": "https://www.facebook.com/pages/Arcadas-Convencoes-Eventos/154340681999242",
    "height": 455,
    "width": 455,
    "byteSize": 14923,
    "thumbnailLink": "https://encrypted-tbn0.gstatic.com/images?q=tbn:ANd9GcQwo6a4lxf80mtElbMOloxK_zngHSR1CrPkq_YxEVNnv_Z7bLdRYXAbu1V7",
    "thumbnailHeight": 128,
    "thumbnailWidth": 128
   }
  },
  {
   "kind": "customsearch#result",
   "title": "CLASSIFICAÇÃO GERAL 1- CARGO: AGENTE COMUNITÁRIO DE SAÚDE 2 ...",
   "htmlTitle": "CLASSIFICAÇÃO GERAL 1- CARGO: AGENTE COMUNITÁRIO DE SAÚDE 2 ...",
   "link": "x-raw-image:///f64422b2ec6b86eaa1011b49f800fcc63d8f3882ec0d3755a9970533a7ab98e6",
   "displayLink": "www.abadiadegoias.go.gov.br",
   "snippet": "CLASSIFICAÇÃO GERAL 1- CARGO: AGENTE COMUNITÁRIO DE SAÚDE 2 ...",
   "htmlSnippet": "CLASSIFICAÇÃO GERAL 1- CARGO: AGENTE COMUNITÁRIO DE SAÚDE 2 ...",
   "mime": "image/",
   "image": {
    "contextLink": "http://www.abadiadegoias.go.gov.br/Documentos/CLASSIFICA%C7%C3O%20GERAL%20%20DO%20RESULTADO%20DE%20ABADIA%20DE%20GO%CDAS-2014.pdf",
    "height": 199,
    "width": 735,
    "byteSize": 104989,
    "thumbnailLink": "https://encrypted-tbn0.gstatic.com/images?q=tbn:ANd9GcTP9IAQ2dHSzt7pzCNABU6XGtrjYOq5_tklojPdXMwVBO7q8p8xV9YssSA",
    "thumbnailHeight": 38,
    "thumbnailWidth": 141
   }
  },
  {
   "kind": "customsearch#result",
   "title": "TC:/21946/2801936.doc 1 TRIBUNAL DE CONTAS DO ESTADO DE SANTA ...",
   "htmlTitle": "TC:/21946/2801936.doc 1 TRIBUNAL DE CONTAS DO ESTADO DE SANTA ...",
   "link": "x-raw-image:///93735811feede2b1717996e6124a8141263f6b04820e926355cf12f8b8ee2534",
   "displayLink": "consulta.tce.sc.gov.br",
   "snippet": "TC:/21946/2801936.doc 1 TRIBUNAL DE CONTAS DO ESTADO DE SANTA ...",
   "htmlSnippet": "TC:/21946/2801936.doc 1 TRIBUNAL DE CONTAS DO ESTADO DE SANTA ...",
   "mime": "image/",
   "image": {
    "contextLink": "http://consulta.tce.sc.gov.br/relatoriosdecisao/relatoriotecnico/2801936.PDF",
    "height": 244,
    "width": 147,
    "byteSize": 1944,
    "thumbnailLink": "https://encrypted-tbn0.gstatic.com/images?q=tbn:ANd9GcTN5Vmy6eRqMYQx2AFmvqaNAe0P7IkA1Ksk2rm4lHl9tgJwJZ3cGRKNmgA",
    "thumbnailHeight": 110,
    "thumbnailWidth": 66
   }
  }
 ]
}
