{
 "kind": "customsearch#search",
 "url": {
  "type": "application/json",
  "template": "https://www.googleapis.com/customsearch/v1?q={searchTerms}&num={count?}&start={startIndex?}&lr={language?}&safe={safe?}&cx={cx?}&sort={sort?}&filter={filter?}&gl={gl?}&cr={cr?}&googlehost={googleHost?}&c2coff={disableCnTwTranslation?}&hq={hq?}&hl={hl?}&siteSearch={siteSearch?}&siteSearchFilter={siteSearchFilter?}&exactTerms={exactTerms?}&excludeTerms={excludeTerms?}&linkSite={linkSite?}&orTerms={orTerms?}&relatedSite={relatedSite?}&dateRestrict={dateRestrict?}&lowRange={lowRange?}&highRange={highRange?}&searchType={searchType}&fileType={fileType?}&rights={rights?}&imgSize={imgSize?}&imgType={imgType?}&imgColorType={imgColorType?}&imgDominantColor={imgDominantColor?}&alt=json"
 },
 "queries": {
  "request": [
   {
    "title": "Google Custom Search - \"FABIO BARBOSA GOMES\"",
    "totalResults": "1750",
    "searchTerms": "\"FABIO BARBOSA GOMES\"",
    "count": 10,
    "startIndex": 1,
    "inputEncoding": "utf8",
    "outputEncoding": "utf8",
    "safe": "off",
    "cx": "014097292584411445814:sh5uhwve2ei",
    "searchType": "image"
   }
  ],
  "nextPage": [
   {
    "title": "Google Custom Search - \"FABIO BARBOSA GOMES\"",
    "totalResults": "1750",
    "searchTerms": "\"FABIO BARBOSA GOMES\"",
    "count": 10,
    "startIndex": 11,
    "inputEncoding": "utf8",
    "outputEncoding": "utf8",
    "safe": "off",
    "cx": "014097292584411445814:sh5uhwve2ei",
    "searchType": "image"
   }
  ]
 },
 "context": {
  "title": "Eleitos"
 },
 "searchInformation": {
  "searchTime": 0.133935,
  "formattedSearchTime": "0.13",
  "totalResults": "1750",
  "formattedTotalResults": "1,750"
 },
 "items": [
  {
   "kind": "customsearch#result",
   "title": "Câmara Municipal de Alexânia-GO",
   "htmlTitle": "Câmara Municipal de Alexânia-GO",
   "link": "https://www.camaraalexania.go.gov.br/portalImages?id=14",
   "displayLink": "www.camaraalexania.go.gov.br",
   "snippet": "Câmara Municipal de Alexânia-GO",
   "htmlSnippet": "Câmara Municipal de Alexânia-GO",
   "mime": "image/",
   "image": {
    "contextLink": "https://www.camaraalexania.go.gov.br/paginas/legislativo/vereadores/exibir?id=4",
    "height": 386,
    "width": 330,
    "byteSize": 44391,
    "thumbnailLink": "https://encrypted-tbn0.gstatic.com/images?q=tbn:ANd9GcQRz1Gg379rIsjzPCDsc0r8moLvx2BEkfooThowF-oYZUlCSLEDtRqaoG8",
    "thumbnailHeight": 123,
    "thumbnailWidth": 105
   }
  },
  {
   "kind": "customsearch#result",
   "title": "Felipee O Sheik - Posts | Facebook",
   "htmlTitle": "Felipee O Sheik - Posts | Facebook",
   "link": "https://lookaside.fbsbx.com/lookaside/crawler/media/?media_id=322321237881631",
   "displayLink": "www.facebook.com",
   "snippet": "Felipee O Sheik - Posts | Facebook",
   "htmlSnippet": "Felipee O Sheik - Posts | Facebook",
   "mime": "image/",
   "image": {
    "contextLink": "https://www.facebook.com/FelipeeOSheik/posts",
    "height": 367,
    "width": 367,
    "byteSize": 36132,
    "thumbnailLink": "https://encrypted-tbn0.gstatic.com/images?q=tbn:ANd9GcQqEg8shEjxjdrrlqSIxqqNDlSyvqrGfNO1cc67ejzZc0CHM-G1SLE24Q",
    "thumbnailHeight": 122,
    "thumbnailWidth": 122
   }
  },
  {
   "kind": "customsearch#result",
   "title": "Untitled",
   "htmlTitle": "Untitled",
   "link": "x-raw-image:///20ef241f945f36154c9c7ab9fd350e22be2cc61dfd5a72f642fac82fb2a5f5d8",
   "displayLink": "www.camaraalexania.go.gov.br",
   "snippet": "Untitled",
   "htmlSnippet": "Untitled",
   "mime": "image/",
   "image": {
    "contextLink": "https://www.camaraalexania.go.gov.br/DownloadServlet?id=md9tw4xuo8am86el1hyv63gfdqta2pvi",
    "height": 3437,
    "width": 2480,
    "byteSize": 2739397,
    "thumbnailLink": "https://encrypted-tbn0.gstatic.com/images?q=tbn:ANd9GcSfBC7RHdsSzY_AQPR60s6F0dXRfoEALhy4W2ilWNnHmAAgDtYlY2IJpcLg",
    "thumbnailHeight": 150,
    "thumbnailWidth": 108
   }
  },
  {
   "kind": "customsearch#result",
   "title": "Câmara Municipal de Alexânia-GO",
   "htmlTitle": "Câmara Municipal de Alexânia-GO",
   "link": "https://camaraalexania.go.gov.br/imagens_temp/parlamentar_MTQxNTIwMzU3MzY3NTU3.jpg",
   "displayLink": "www.camaraalexania.go.gov.br",
   "snippet": "Câmara Municipal de Alexânia-GO",
   "htmlSnippet": "Câmara Municipal de Alexânia-GO",
   "mime": "image/jpeg",
   "image": {
    "contextLink": "https://www.camaraalexania.go.gov.br/paginas/legislativo/vereadores/exibir?id=4",
    "height": 386,
    "width": 330,
    "byteSize": 30273,
    "thumbnailLink": "https://encrypted-tbn0.gstatic.com/images?q=tbn:ANd9GcRp-cXPzhVm39tkL5VDaCEZwJdxaiM-kiAGW66xZxAn_PhLEHqzfzTp7w",
    "thumbnailHeight": 123,
    "thumbnailWidth": 105
   }
  },
  {
   "kind": "customsearch#result",
   "title": "Notícias - Prefeitura Municipal de Alexania",
   "htmlTitle": "Notícias - Prefeitura Municipal de Alexania",
   "link": "https://www.alexania.go.gov.br/images/noticias/WhatsApp_Image_2019-08-01_at_121203.jpeg",
   "displayLink": "www.alexania.go.gov.br",
   "snippet": "Notícias - Prefeitura Municipal de Alexania",
   "htmlSnippet": "Notícias - Prefeitura Municipal de Alexania",
   "mime": "image/jpeg",
   "image": {
    "contextLink": "https://www.alexania.go.gov.br/noticias",
    "height": 960,
    "width": 1280,
    "byteSize": 132127,
    "thumbnailLink": "https://encrypted-tbn0.gstatic.com/images?q=tbn:ANd9GcRjT_YpetiPtlx7p8ZLDAuIltdMAoAMvnZX_GOLKvIbakOFqCco-m4EEDU",
    "thumbnailHeight": 113,
    "thumbnailWidth": 150
   }
  },
  {
   "kind": "customsearch#result",
   "title": "Untitled",
   "htmlTitle": "Untitled",
   "link": "x-raw-image:///56f1e4547adb89eb387c5c3e65270324b96c0d7b957cad08e82a3810c05ac8b4",
   "displayLink": "www.camaraalexania.go.gov.br",
   "snippet": "Untitled",
   "htmlSnippet": "Untitled",
   "mime": "image/",
   "image": {
    "contextLink": "https://www.camaraalexania.go.gov.br/DownloadServlet?id=7wiisr91c3d2qsjqw88wo1lihloe55e3",
    "height": 3437,
    "width": 2480,
    "byteSize": 5894428,
    "thumbnailLink": "https://encrypted-tbn0.gstatic.com/images?q=tbn:ANd9GcQoH8smcHWDCemIGNZmxqkr0MYTKnhb8vtJvlxACsP8YRC7q21M9Dqp9L_n",
    "thumbnailHeight": 150,
    "thumbnailWidth": 108
   }
  },
  {
   "kind": "customsearch#result",
   "title": "Notícias - Prefeitura Municipal de Alexania",
   "htmlTitle": "Notícias - Prefeitura Municipal de Alexania",
   "link": "https://www.alexania.go.gov.br/images/copas_futebol/final_copa_society/67230433_3042323192475070_550248450931818496.jpg",
   "displayLink": "www.alexania.go.gov.br",
   "snippet": "Notícias - Prefeitura Municipal de Alexania",
   "htmlSnippet": "Notícias - Prefeitura Municipal de Alexania",
   "mime": "image/jpeg",
   "image": {
    "contextLink": "https://www.alexania.go.gov.br/noticias",
    "height": 1080,
    "width": 1440,
    "byteSize": 338016,
    "thumbnailLink": "https://encrypted-tbn0.gstatic.com/images?q=tbn:ANd9GcTlVAy_OWK1_M6xjfrrL5VPPh3HOVRxrURM9YubCNJs_88AcIUKLbbXVh4",
    "thumbnailHeight": 113,
    "thumbnailWidth": 150
   }
  },
  {
   "kind": "customsearch#result",
   "title": "Virginia Abraao Hoffmann Lu AbraãoGabriel Moyses Alfredo Ortiz ...",
   "htmlTitle": "Virginia Abraao Hoffmann Lu AbraãoGabriel Moyses Alfredo Ortiz ...",
   "link": "https://lookaside.fbsbx.com/lookaside/crawler/media/?media_id=720849221339787",
   "displayLink": "m.facebook.com",
   "snippet": "Virginia Abraao Hoffmann Lu AbraãoGabriel Moyses Alfredo Ortiz ...",
   "htmlSnippet": "Virginia Abraao Hoffmann Lu AbraãoGabriel Moyses Alfredo Ortiz ...",
   "mime": "image/",
   "image": {
    "contextLink": "https://m.facebook.com/cfavaleoficial/posts/1080500045374701",
    "height": 960,
    "width": 745,
    "byteSize": 250970,
    "thumbnailLink": "https://encrypted-tbn0.gstatic.com/images?q=tbn:ANd9GcRBevCK6CMiznpYCBYokESe1atNh8HDWtVh3Pe0D8XCraFxefW8mg9w8nJM",
    "thumbnailHeight": 148,
    "thumbnailWidth": 115
   }
  },
  {
   "kind": "customsearch#result",
   "title": "Notícias - Prefeitura Municipal de Alexania",
   "htmlTitle": "Notícias - Prefeitura Municipal de Alexania",
   "link": "https://www.alexania.go.gov.br/images/noticias/reforma_hma_andamento/WhatsApp_Image_2019-07-23_at_0928321.jpeg",
   "displayLink": "www.alexania.go.gov.br",
   "snippet": "Notícias - Prefeitura Municipal de Alexania",
   "htmlSnippet": "Notícias - Prefeitura Municipal de Alexania",
   "mime": "image/jpeg",
   "image": {
    "contextLink": "https://www.alexania.go.gov.br/noticias",
    "height": 960,
    "width": 1280,
    "byteSize": 271148,
    "thumbnailLink": "https://encrypted-tbn0.gstatic.com/images?q=tbn:ANd9GcQvZsZ6k0Iub2iWC6bU5t3_B2Kknz046O84kDAYqUYt1WQaoWX6IuJ7HdU",
    "thumbnailHeight": 113,
    "thumbnailWidth": 150
   }
  },
  {
   "kind": "customsearch#result",
   "title": "Untitled",
   "htmlTitle": "Untitled",
   "link": "x-raw-image:///490972c4bd9e6d25f5c68cdfbaa90d4568a5f9b689283f02c1d262e7ff2f23c7",
   "displayLink": "www.camaraalexania.go.gov.br",
   "snippet": "Untitled",
   "htmlSnippet": "Untitled",
   "mime": "image/",
   "image": {
    "contextLink": "https://www.camaraalexania.go.gov.br/DownloadServlet?id=7wiisr91c3d2qsjqw88wo1lihloe55e3",
    "height": 3437,
    "width": 2480,
    "byteSize": 7625991,
    "thumbnailLink": "https://encrypted-tbn0.gstatic.com/images?q=tbn:ANd9GcTTP0ZViM8F6IfZIAh6av5xyUCMlOUpzDiGV1DzQlf7IA7LeXqZtxnQXuk",
    "thumbnailHeight": 150,
    "thumbnailWidth": 108
   }
  }
 ]
}
