{
 "kind": "customsearch#search",
 "url": {
  "type": "application/json",
  "template": "https://www.googleapis.com/customsearch/v1?q={searchTerms}&num={count?}&start={startIndex?}&lr={language?}&safe={safe?}&cx={cx?}&sort={sort?}&filter={filter?}&gl={gl?}&cr={cr?}&googlehost={googleHost?}&c2coff={disableCnTwTranslation?}&hq={hq?}&hl={hl?}&siteSearch={siteSearch?}&siteSearchFilter={siteSearchFilter?}&exactTerms={exactTerms?}&excludeTerms={excludeTerms?}&linkSite={linkSite?}&orTerms={orTerms?}&relatedSite={relatedSite?}&dateRestrict={dateRestrict?}&lowRange={lowRange?}&highRange={highRange?}&searchType={searchType}&fileType={fileType?}&rights={rights?}&imgSize={imgSize?}&imgType={imgType?}&imgColorType={imgColorType?}&imgDominantColor={imgDominantColor?}&alt=json"
 },
 "queries": {
  "request": [
   {
    "title": "Google Custom Search - \"FLÁVIO IMIDIO DA SILVA\"",
    "totalResults": "256",
    "searchTerms": "\"FLÁVIO IMIDIO DA SILVA\"",
    "count": 10,
    "startIndex": 1,
    "inputEncoding": "utf8",
    "outputEncoding": "utf8",
    "safe": "off",
    "cx": "014097292584411445814:sh5uhwve2ei",
    "searchType": "image"
   }
  ],
  "nextPage": [
   {
    "title": "Google Custom Search - \"FLÁVIO IMIDIO DA SILVA\"",
    "totalResults": "256",
    "searchTerms": "\"FLÁVIO IMIDIO DA SILVA\"",
    "count": 10,
    "startIndex": 11,
    "inputEncoding": "utf8",
    "outputEncoding": "utf8",
    "safe": "off",
    "cx": "014097292584411445814:sh5uhwve2ei",
    "searchType": "image"
   }
  ]
 },
 "context": {
  "title": "Eleitos"
 },
 "searchInformation": {
  "searchTime": 0.137175,
  "formattedSearchTime": "0.14",
  "totalResults": "256",
  "formattedTotalResults": "256"
 },
 "items": [
  {
   "kind": "customsearch#result",
   "title": "Flávio Imidio da Silva - Câmara Municipal de Água Limpa",
   "htmlTitle": "\u003cb\u003eFlávio Imidio da Silva\u003c/b\u003e - Câmara Municipal de Água Limpa",
   "link": "http://www.camaraagualimpa.go.gov.br/res/midias/img/b273f1573121b4a47fa83afb45eb7322.png?x=0&y=0&w=998&h=997.6798143851508",
   "displayLink": "www.camaraagualimpa.go.gov.br",
   "snippet": "Flávio Imidio da Silva - Câmara Municipal de Água Limpa",
   "htmlSnippet": "\u003cb\u003eFlávio Imidio da Silva\u003c/b\u003e - Câmara Municipal de Água Limpa",
   "mime": "image/png",
   "image": {
    "contextLink": "http://www.camaraagualimpa.go.gov.br/pagina/institucional/173-flavio-imidio--da-silva",
    "height": 997,
    "width": 998,
    "byteSize": 818870,
    "thumbnailLink": "https://encrypted-tbn0.gstatic.com/images?q=tbn:ANd9GcTCMQwTQmuktk5zwp9-8dVS32nTjYbkfccBbRpIFqTdC3BpEisf_Rwmgn0p",
    "thumbnailHeight": 149,
    "thumbnailWidth": 149
   }
  },
  {
   "kind": "customsearch#result",
   "title": "title | Gazeta do Povo",
   "htmlTitle": "title | Gazeta do Povo",
   "link": "https://gazetadopovo-candidatos-2016.s3.amazonaws.com/fotos/santinhos/go/agua-limpa/santinho-vereador-flavio-sapinho-45111-agua-limpa-go.jpg",
   "displayLink": "especiais.gazetadopovo.com.br",
   "snippet": "title | Gazeta do Povo",
   "htmlSnippet": "title | Gazeta do Povo",
   "mime": "image/jpeg",
   "image": {
    "contextLink": "https://especiais.gazetadopovo.com.br/eleicoes/2016/agua-limpa-go/vereador/flavio-sapinho-45111/",
    "height": 339,
    "width": 646,
    "byteSize": 18196,
    "thumbnailLink": "https://encrypted-tbn0.gstatic.com/images?q=tbn:ANd9GcTUmld5G3GpPpTuuDN-sBHShznrdrbIDGU0Dh_QYJ3RnCa9fm19DKY33Dwj",
    "thumbnailHeight": 72,
    "thumbnailWidth": 137
   }
  },
  {
   "kind": "customsearch#result",
   "title": "Flávio Imidio da Silva - Câmara Municipal de Água Limpa",
   "htmlTitle": "\u003cb\u003eFlávio Imidio da Silva\u003c/b\u003e - Câmara Municipal de Água Limpa",
   "link": "http://www.camaraagualimpa.go.gov.br/res/midias/img/b273f1573121b4a47fa83afb45eb7322.png?x=0&y=0&w=998&h=997.6798143851508&mw=170&mh=170",
   "displayLink": "www.camaraagualimpa.go.gov.br",
   "snippet": "Flávio Imidio da Silva - Câmara Municipal de Água Limpa",
   "htmlSnippet": "\u003cb\u003eFlávio Imidio da Silva\u003c/b\u003e - Câmara Municipal de Água Limpa",
   "mime": "image/png",
   "image": {
    "contextLink": "http://www.camaraagualimpa.go.gov.br/pagina/institucional/173-flavio-imidio--da-silva",
    "height": 170,
    "width": 170,
    "byteSize": 31529,
    "thumbnailLink": "https://encrypted-tbn0.gstatic.com/images?q=tbn:ANd9GcRszc9LhvxfPpXDuRCAs9SyUtkOnxUtJSe2zmep90sbBujm_bXnbhMjEJ4",
    "thumbnailHeight": 99,
    "thumbnailWidth": 99
   }
  },
  {
   "kind": "customsearch#result",
   "title": "title | Gazeta do Povo",
   "htmlTitle": "title | Gazeta do Povo",
   "link": "https://gazetadopovo-candidatos-2016.s3.amazonaws.com/fotos/go/agua-limpa/flavio-sapinho-45111.jpg",
   "displayLink": "especiais.gazetadopovo.com.br",
   "snippet": "title | Gazeta do Povo",
   "htmlSnippet": "title | Gazeta do Povo",
   "mime": "image/jpeg",
   "image": {
    "contextLink": "https://especiais.gazetadopovo.com.br/eleicoes/2016/agua-limpa-go/vereador/flavio-sapinho-45111/",
    "height": 225,
    "width": 161,
    "byteSize": 3701,
    "thumbnailLink": "https://encrypted-tbn0.gstatic.com/images?q=tbn:ANd9GcSAy9lsMAhoVdYdYtcTk2qCkx4A-pRsqG-Y6BYEo3IizmLit0qCD5NlvA",
    "thumbnailHeight": 108,
    "thumbnailWidth": 77
   }
  },
  {
   "kind": "customsearch#result",
   "title": "Câmara Municipal de Água Limpa",
   "htmlTitle": "Câmara Municipal de Água Limpa",
   "link": "http://camaraagualimpa.go.gov.br/res/midias/img/8f95ae951c355015b3088b390413077a.jpeg?x=0&y=75.70422535211267&w=1000&h=520.8333333333334&mw=720&mh=375",
   "displayLink": "camaraagualimpa.go.gov.br",
   "snippet": "Câmara Municipal de Água Limpa",
   "htmlSnippet": "Câmara Municipal de Água Limpa",
   "mime": "image/jpeg",
   "image": {
    "contextLink": "http://camaraagualimpa.go.gov.br/",
    "height": 750,
    "width": 1000,
    "byteSize": 81904,
    "thumbnailLink": "https://encrypted-tbn0.gstatic.com/images?q=tbn:ANd9GcS5ZAUPhxn8lXq-At4gUkKlmngEYQri5AuxvQSLfc_2PATpdPM-Pj69sHGP",
    "thumbnailHeight": 112,
    "thumbnailWidth": 149
   }
  },
  {
   "kind": "customsearch#result",
   "title": "Calendário das Sessões 2° Semestre 2019 - Câmara Municipal de Água ...",
   "htmlTitle": "Calendário das Sessões 2° Semestre 2019 - Câmara Municipal de Água ...",
   "link": "https://www.agualimpa.go.leg.br/res/midias/img/b273f1573121b4a47fa83afb45eb7322.png?x=0&y=0&w=998&h=997.6798143851508",
   "displayLink": "www.agualimpa.go.leg.br",
   "snippet": "Calendário das Sessões 2° Semestre 2019 - Câmara Municipal de Água ...",
   "htmlSnippet": "Calendário das Sessões 2° Semestre 2019 - Câmara Municipal de Água ...",
   "mime": "image/png",
   "image": {
    "contextLink": "https://www.agualimpa.go.leg.br/noticia/7-calendario-das-sessoes-2-semestre-2019",
    "height": 997,
    "width": 998,
    "byteSize": 818891,
    "thumbnailLink": "https://encrypted-tbn0.gstatic.com/images?q=tbn:ANd9GcTPpBdJJnCGkwj_gEwtkBpR0U2nc9KYGCvcK7g51fq5_XbqFVeCqPFAM0LbHA",
    "thumbnailHeight": 149,
    "thumbnailWidth": 149
   }
  },
  {
   "kind": "customsearch#result",
   "title": "Rogério de Oliveira Silva - Câmara Municipal de Água Limpa",
   "htmlTitle": "Rogério de Oliveira Silva - Câmara Municipal de Água Limpa",
   "link": "http://www.camaraagualimpa.go.gov.br/res/midias/img/a009e36ecb5097b2b1f0a4ef22804bef.jpg?x=0&y=0&w=715&h=1000",
   "displayLink": "www.camaraagualimpa.go.gov.br",
   "snippet": "Rogério de Oliveira Silva - Câmara Municipal de Água Limpa",
   "htmlSnippet": "Rogério de Oliveira Silva - Câmara Municipal de Água Limpa",
   "mime": "image/jpeg",
   "image": {
    "contextLink": "http://www.camaraagualimpa.go.gov.br/pagina/institucional/174-rogerio-de-oliveira-silva",
    "height": 1000,
    "width": 715,
    "byteSize": 39220,
    "thumbnailLink": "https://encrypted-tbn0.gstatic.com/images?q=tbn:ANd9GcSmsFJT6aiVeE_XviBgXy0gwoGoMyq4CB3HInknPe3AsZUs9jCYIqPWc09l",
    "thumbnailHeight": 149,
    "thumbnailWidth": 107
   }
  },
  {
   "kind": "customsearch#result",
   "title": "1 LISTA DE INSCRIÇÕES HOMOLOGADAS CURSO SEMINÁRIO SOBRE ...",
   "htmlTitle": "1 LISTA DE INSCRIÇÕES HOMOLOGADAS CURSO SEMINÁRIO SOBRE ...",
   "link": "x-raw-image:///a1a78294a6b5d56326fc55a42569db974639ab5939234a80a473e6b619084f34",
   "displayLink": "www.tcm.go.gov.br",
   "snippet": "1 LISTA DE INSCRIÇÕES HOMOLOGADAS CURSO SEMINÁRIO SOBRE ...",
   "htmlSnippet": "1 LISTA DE INSCRIÇÕES HOMOLOGADAS CURSO SEMINÁRIO SOBRE ...",
   "mime": "image/",
   "image": {
    "contextLink": "https://www.tcm.go.gov.br/explorer/repositorio/escola/Escola%202016/4,5,6regiao.pdf",
    "height": 224,
    "width": 483,
    "byteSize": 57639,
    "thumbnailLink": "https://encrypted-tbn0.gstatic.com/images?q=tbn:ANd9GcTtbHemts9NjOvTyLwelr5gJ8nB-knqW1W7IVqWJCW8ZnnjDONB_jfJ3pY",
    "thumbnailHeight": 60,
    "thumbnailWidth": 129
   }
  },
  {
   "kind": "customsearch#result",
   "title": "Câmara Municipal de Água Limpa",
   "htmlTitle": "Câmara Municipal de Água Limpa",
   "link": "http://camaraagualimpa.go.gov.br/res/midias/img/ae56014a937ab904e2c6982df8b34e7a.jpg?x=0&y=0&w=1000&h=750&mw=220&mh=130",
   "displayLink": "camaraagualimpa.go.gov.br",
   "snippet": "Câmara Municipal de Água Limpa",
   "htmlSnippet": "Câmara Municipal de Água Limpa",
   "mime": "image/jpeg",
   "image": {
    "contextLink": "http://camaraagualimpa.go.gov.br/",
    "height": 130,
    "width": 220,
    "byteSize": 7264,
    "thumbnailLink": "https://encrypted-tbn0.gstatic.com/images?q=tbn:ANd9GcRaePQoY1Gy0v1zi6H6uyOECnT7myVGxHG-YXHbH2_OZh2qntc-gVTt0FI",
    "thumbnailHeight": 63,
    "thumbnailWidth": 107
   }
  },
  {
   "kind": "customsearch#result",
   "title": "Câmara Municipal de Água Limpa",
   "htmlTitle": "Câmara Municipal de Água Limpa",
   "link": "http://camaraagualimpa.go.gov.br/res/midias/img/09c4e061bcf03b5934c1d2dd6060a074.jpg?x=0&y=0&w=1000&h=750&mw=220&mh=130",
   "displayLink": "camaraagualimpa.go.gov.br",
   "snippet": "Câmara Municipal de Água Limpa",
   "htmlSnippet": "Câmara Municipal de Água Limpa",
   "mime": "image/jpeg",
   "image": {
    "contextLink": "http://camaraagualimpa.go.gov.br/",
    "height": 130,
    "width": 220,
    "byteSize": 7450,
    "thumbnailLink": "https://encrypted-tbn0.gstatic.com/images?q=tbn:ANd9GcSJi_nu4T9GDjvUpQ-sYCacptropFwPQacMTJCmsh1u21lbNjsAjuZC2A",
    "thumbnailHeight": 63,
    "thumbnailWidth": 107
   }
  }
 ]
}
