{
 "kind": "customsearch#search",
 "url": {
  "type": "application/json",
  "template": "https://www.googleapis.com/customsearch/v1?q={searchTerms}&num={count?}&start={startIndex?}&lr={language?}&safe={safe?}&cx={cx?}&sort={sort?}&filter={filter?}&gl={gl?}&cr={cr?}&googlehost={googleHost?}&c2coff={disableCnTwTranslation?}&hq={hq?}&hl={hl?}&siteSearch={siteSearch?}&siteSearchFilter={siteSearchFilter?}&exactTerms={exactTerms?}&excludeTerms={excludeTerms?}&linkSite={linkSite?}&orTerms={orTerms?}&relatedSite={relatedSite?}&dateRestrict={dateRestrict?}&lowRange={lowRange?}&highRange={highRange?}&searchType={searchType}&fileType={fileType?}&rights={rights?}&imgSize={imgSize?}&imgType={imgType?}&imgColorType={imgColorType?}&imgDominantColor={imgDominantColor?}&alt=json"
 },
 "queries": {
  "request": [
   {
    "title": "Google Custom Search - \"GIOVANNE CARNEIRO MACHADO LISBOA\"",
    "totalResults": "36",
    "searchTerms": "\"GIOVANNE CARNEIRO MACHADO LISBOA\"",
    "count": 10,
    "startIndex": 1,
    "inputEncoding": "utf8",
    "outputEncoding": "utf8",
    "safe": "off",
    "cx": "014097292584411445814:sh5uhwve2ei",
    "searchType": "image"
   }
  ],
  "nextPage": [
   {
    "title": "Google Custom Search - \"GIOVANNE CARNEIRO MACHADO LISBOA\"",
    "totalResults": "36",
    "searchTerms": "\"GIOVANNE CARNEIRO MACHADO LISBOA\"",
    "count": 10,
    "startIndex": 11,
    "inputEncoding": "utf8",
    "outputEncoding": "utf8",
    "safe": "off",
    "cx": "014097292584411445814:sh5uhwve2ei",
    "searchType": "image"
   }
  ]
 },
 "context": {
  "title": "Eleitos"
 },
 "searchInformation": {
  "searchTime": 0.113259,
  "formattedSearchTime": "0.11",
  "totalResults": "36",
  "formattedTotalResults": "36"
 },
 "spelling": {
  "correctedQuery": "\"GIOVANNI CARNEIRO MACHADO LISBOA\"",
  "htmlCorrectedQuery": "&quot;\u003cb\u003e\u003ci\u003eGIOVANNI\u003c/i\u003e\u003c/b\u003e CARNEIRO MACHADO LISBOA&quot;"
 },
 "items": [
  {
   "kind": "customsearch#result",
   "title": "Giovanne Machado 55131 PSD (Vereador) Águas Lindas de Goiás - Guia ...",
   "htmlTitle": "Giovanne Machado 55131 PSD (Vereador) Águas Lindas de Goiás - Guia ...",
   "link": "https://gazetadopovo-candidatos-2016.s3.amazonaws.com/fotos/go/aguas-lindas-de-goias/giovanne-machado-55131.jpg",
   "displayLink": "especiais.gazetadopovo.com.br",
   "snippet": "Giovanne Machado 55131 PSD (Vereador) Águas Lindas de Goiás - Guia ...",
   "htmlSnippet": "Giovanne Machado 55131 PSD (Vereador) Águas Lindas de Goiás - Guia ...",
   "mime": "image/jpeg",
   "image": {
    "contextLink": "https://especiais.gazetadopovo.com.br/eleicoes/2016/aguas-lindas-de-goias-go/vereador/giovanne-machado-55131/",
    "height": 225,
    "width": 161,
    "byteSize": 3736,
    "thumbnailLink": "https://encrypted-tbn0.gstatic.com/images?q=tbn:ANd9GcS_XpL-h7W3WXszw7S7xVbaSfL8Y8_fLKxpMOsDOO7zTKw9vGB8_QcK9Ik",
    "thumbnailHeight": 108,
    "thumbnailWidth": 77
   }
  },
  {
   "kind": "customsearch#result",
   "title": "Amor Por Águas Lindas - Publicações | Facebook",
   "htmlTitle": "Amor Por Águas Lindas - Publicações | Facebook",
   "link": "https://lookaside.fbsbx.com/lookaside/crawler/media/?media_id=877549225698373",
   "displayLink": "pt-br.facebook.com",
   "snippet": "Amor Por Águas Lindas - Publicações | Facebook",
   "htmlSnippet": "Amor Por Águas Lindas - Publicações | Facebook",
   "mime": "image/",
   "image": {
    "contextLink": "https://pt-br.facebook.com/Amor-Por-%C3%81guas-Lindas-877549225698373/posts/",
    "height": 959,
    "width": 960,
    "byteSize": 253347,
    "thumbnailLink": "https://encrypted-tbn0.gstatic.com/images?q=tbn:ANd9GcSFiHMIHijlcbFHXwfdSfjzqsb6ISEtIepH63NEy5PRHxVcQ3Xb1OH2w8B2bw",
    "thumbnailHeight": 148,
    "thumbnailWidth": 148
   }
  },
  {
   "kind": "customsearch#result",
   "title": "Giovanne Machado 55131 PSD (Vereador) Águas Lindas de Goiás - Guia ...",
   "htmlTitle": "Giovanne Machado 55131 PSD (Vereador) Águas Lindas de Goiás - Guia ...",
   "link": "https://gazetadopovo-candidatos-2016.s3.amazonaws.com/fotos/go/aguas-lindas-de-goias/irene-da-saude-55658.jpg",
   "displayLink": "especiais.gazetadopovo.com.br",
   "snippet": "Giovanne Machado 55131 PSD (Vereador) Águas Lindas de Goiás - Guia ...",
   "htmlSnippet": "Giovanne Machado 55131 PSD (Vereador) Águas Lindas de Goiás - Guia ...",
   "mime": "image/jpeg",
   "image": {
    "contextLink": "https://especiais.gazetadopovo.com.br/eleicoes/2016/aguas-lindas-de-goias-go/vereador/giovanne-machado-55131/",
    "height": 225,
    "width": 161,
    "byteSize": 10265,
    "thumbnailLink": "https://encrypted-tbn0.gstatic.com/images?q=tbn:ANd9GcRCtMy9l71GEogzH43Bk629h4p8d-NSBTv2F_5EmUxOGHqbQhJKhmbXLg",
    "thumbnailHeight": 108,
    "thumbnailWidth": 77
   }
  },
  {
   "kind": "customsearch#result",
   "title": "MUNICÍPIO DE ÁGUAS LINDAS DE GOIÁS ESTADO DE GOIAS",
   "htmlTitle": "MUNICÍPIO DE ÁGUAS LINDAS DE GOIÁS ESTADO DE GOIAS",
   "link": "x-raw-image:///6c58033b8d6f45f09a9890f9b1a8e8227933fa41d4ee91d3209fe2123427cf85",
   "displayLink": "aguaslindasdegoias.go.gov.br",
   "snippet": "MUNICÍPIO DE ÁGUAS LINDAS DE GOIÁS ESTADO DE GOIAS",
   "htmlSnippet": "MUNICÍPIO DE ÁGUAS LINDAS DE GOIÁS ESTADO DE GOIAS",
   "mime": "image/",
   "image": {
    "contextLink": "http://aguaslindasdegoias.go.gov.br/wp-content/uploads/2019/04/ANEXO-17.pdf",
    "height": 1064,
    "width": 1788,
    "byteSize": 178850,
    "thumbnailLink": "https://encrypted-tbn0.gstatic.com/images?q=tbn:ANd9GcSR36l5Knjd-urGP5t1K-Ho5Og0ke85EUjoxxQCNhBNvig5QgcvDpbk-B8",
    "thumbnailHeight": 89,
    "thumbnailWidth": 150
   }
  },
  {
   "kind": "customsearch#result",
   "title": "Giovanne Machado 55131 PSD (Vereador) Águas Lindas de Goiás - Guia ...",
   "htmlTitle": "Giovanne Machado 55131 PSD (Vereador) Águas Lindas de Goiás - Guia ...",
   "link": "https://gazetadopovo-candidatos-2016.s3.amazonaws.com/fotos/go/aguas-lindas-de-goias/kim-da-distribuidora-55888.jpg",
   "displayLink": "especiais.gazetadopovo.com.br",
   "snippet": "Giovanne Machado 55131 PSD (Vereador) Águas Lindas de Goiás - Guia ...",
   "htmlSnippet": "Giovanne Machado 55131 PSD (Vereador) Águas Lindas de Goiás - Guia ...",
   "mime": "image/jpeg",
   "image": {
    "contextLink": "https://especiais.gazetadopovo.com.br/eleicoes/2016/aguas-lindas-de-goias-go/vereador/giovanne-machado-55131/",
    "height": 225,
    "width": 161,
    "byteSize": 5172,
    "thumbnailLink": "https://encrypted-tbn0.gstatic.com/images?q=tbn:ANd9GcQdtT5-kf-WqiT0e7tVVyRefmo53oHnKHRZT58YF1DPiq0fQ7axfr5lXg",
    "thumbnailHeight": 108,
    "thumbnailWidth": 77
   }
  },
  {
   "kind": "customsearch#result",
   "title": "MUNICÍPIO DE ÁGUAS LINDAS DE GOIÁS ESTADO DE GOIAS",
   "htmlTitle": "MUNICÍPIO DE ÁGUAS LINDAS DE GOIÁS ESTADO DE GOIAS",
   "link": "x-raw-image:///5040c23f6b5f23f1a24e4a3ffaa8e9f5143860ddbdb964dc70e3b835d4d369ad",
   "displayLink": "aguaslindasdegoias.go.gov.br",
   "snippet": "MUNICÍPIO DE ÁGUAS LINDAS DE GOIÁS ESTADO DE GOIAS",
   "htmlSnippet": "MUNICÍPIO DE ÁGUAS LINDAS DE GOIÁS ESTADO DE GOIAS",
   "mime": "image/",
   "image": {
    "contextLink": "http://aguaslindasdegoias.go.gov.br/wp-content/uploads/2019/04/ANEXO-17.pdf",
    "height": 1314,
    "width": 2090,
    "byteSize": 12230,
    "thumbnailLink": "https://encrypted-tbn0.gstatic.com/images?q=tbn:ANd9GcQGjcc0HCXZRAJbljp9ymi85-BjHnOiCc_dOrQ-qPjuTQlznzsrxi0RrfJK",
    "thumbnailHeight": 94,
    "thumbnailWidth": 150
   }
  },
  {
   "kind": "customsearch#result",
   "title": "Giovanne Machado 55131 PSD (Vereador) Águas Lindas de Goiás - Guia ...",
   "htmlTitle": "Giovanne Machado 55131 PSD (Vereador) Águas Lindas de Goiás - Guia ...",
   "link": "https://gazetadopovo-candidatos-2016.s3.amazonaws.com/fotos/go/aguas-lindas-de-goias/angelina-dorneles-55659.jpg",
   "displayLink": "especiais.gazetadopovo.com.br",
   "snippet": "Giovanne Machado 55131 PSD (Vereador) Águas Lindas de Goiás - Guia ...",
   "htmlSnippet": "Giovanne Machado 55131 PSD (Vereador) Águas Lindas de Goiás - Guia ...",
   "mime": "image/jpeg",
   "image": {
    "contextLink": "https://especiais.gazetadopovo.com.br/eleicoes/2016/aguas-lindas-de-goias-go/vereador/giovanne-machado-55131/",
    "height": 225,
    "width": 161,
    "byteSize": 7862,
    "thumbnailLink": "https://encrypted-tbn0.gstatic.com/images?q=tbn:ANd9GcSe5onLtq_gHomBH3rItFfB_YcVIA0IXbHD65rMh4JN_jcDzy-9mIqHbUs",
    "thumbnailHeight": 108,
    "thumbnailWidth": 77
   }
  },
  {
   "kind": "customsearch#result",
   "title": "MUNICÍPIO DE ÁGUAS LINDAS DE GOIÁS ESTADO DE GOIAS",
   "htmlTitle": "MUNICÍPIO DE ÁGUAS LINDAS DE GOIÁS ESTADO DE GOIAS",
   "link": "x-raw-image:///77922018e99ceb007751b721e61bc14c15f6ae9a358d8cbd991950187bf23128",
   "displayLink": "aguaslindasdegoias.go.gov.br",
   "snippet": "MUNICÍPIO DE ÁGUAS LINDAS DE GOIÁS ESTADO DE GOIAS",
   "htmlSnippet": "MUNICÍPIO DE ÁGUAS LINDAS DE GOIÁS ESTADO DE GOIAS",
   "mime": "image/",
   "image": {
    "contextLink": "http://aguaslindasdegoias.go.gov.br/wp-content/uploads/2018/04/ANEXO-17.pdf",
    "height": 1096,
    "width": 1737,
    "byteSize": 171909,
    "thumbnailLink": "https://encrypted-tbn0.gstatic.com/images?q=tbn:ANd9GcR4CJ-Asxs1BCaOx9BmZRvORA2i6pvMVbAtOt8NhKNLFlgra_QWdrfZdw8",
    "thumbnailHeight": 95,
    "thumbnailWidth": 150
   }
  },
  {
   "kind": "customsearch#result",
   "title": "Giovanne Machado 55131 PSD (Vereador) Águas Lindas de Goiás - Guia ...",
   "htmlTitle": "Giovanne Machado 55131 PSD (Vereador) Águas Lindas de Goiás - Guia ...",
   "link": "https://gazetadopovo-candidatos-2016.s3.amazonaws.com/fotos/go/aguas-lindas-de-goias/melquiades-castro-55010.jpg",
   "displayLink": "especiais.gazetadopovo.com.br",
   "snippet": "Giovanne Machado 55131 PSD (Vereador) Águas Lindas de Goiás - Guia ...",
   "htmlSnippet": "Giovanne Machado 55131 PSD (Vereador) Águas Lindas de Goiás - Guia ...",
   "mime": "image/jpeg",
   "image": {
    "contextLink": "https://especiais.gazetadopovo.com.br/eleicoes/2016/aguas-lindas-de-goias-go/vereador/giovanne-machado-55131/",
    "height": 225,
    "width": 161,
    "byteSize": 4554,
    "thumbnailLink": "https://encrypted-tbn0.gstatic.com/images?q=tbn:ANd9GcSFfWZyNOFvv8hnI6pI9_9FmvNonXJzrn82lls5mf9TxYlyTMA67XSXxA",
    "thumbnailHeight": 108,
    "thumbnailWidth": 77
   }
  },
  {
   "kind": "customsearch#result",
   "title": "Amor Por Águas Lindas - Publicações | Facebook",
   "htmlTitle": "Amor Por Águas Lindas - Publicações | Facebook",
   "link": "https://lookaside.fbsbx.com/lookaside/crawler/media/?media_id=1923454987774453",
   "displayLink": "pt-br.facebook.com",
   "snippet": "Amor Por Águas Lindas - Publicações | Facebook",
   "htmlSnippet": "Amor Por Águas Lindas - Publicações | Facebook",
   "mime": "image/",
   "image": {
    "contextLink": "https://pt-br.facebook.com/Amor-Por-%C3%81guas-Lindas-877549225698373/posts/",
    "height": 480,
    "width": 480,
    "byteSize": 43832,
    "thumbnailLink": "https://encrypted-tbn0.gstatic.com/images?q=tbn:ANd9GcQeGqqNYWNrjEMGqd33Qr8bESPiC1n98_yUoHYORn6aN1oYeGAou1gC1ZmCbw",
    "thumbnailHeight": 129,
    "thumbnailWidth": 129
   }
  }
 ]
}
