{
 "kind": "customsearch#search",
 "url": {
  "type": "application/json",
  "template": "https://www.googleapis.com/customsearch/v1?q={searchTerms}&num={count?}&start={startIndex?}&lr={language?}&safe={safe?}&cx={cx?}&sort={sort?}&filter={filter?}&gl={gl?}&cr={cr?}&googlehost={googleHost?}&c2coff={disableCnTwTranslation?}&hq={hq?}&hl={hl?}&siteSearch={siteSearch?}&siteSearchFilter={siteSearchFilter?}&exactTerms={exactTerms?}&excludeTerms={excludeTerms?}&linkSite={linkSite?}&orTerms={orTerms?}&relatedSite={relatedSite?}&dateRestrict={dateRestrict?}&lowRange={lowRange?}&highRange={highRange?}&searchType={searchType}&fileType={fileType?}&rights={rights?}&imgSize={imgSize?}&imgType={imgType?}&imgColorType={imgColorType?}&imgDominantColor={imgDominantColor?}&alt=json"
 },
 "queries": {
  "request": [
   {
    "title": "Google Custom Search - \"HUDNAL RODRIGUES BARBOSA\"",
    "totalResults": "139",
    "searchTerms": "\"HUDNAL RODRIGUES BARBOSA\"",
    "count": 10,
    "startIndex": 1,
    "inputEncoding": "utf8",
    "outputEncoding": "utf8",
    "safe": "off",
    "cx": "014097292584411445814:sh5uhwve2ei",
    "searchType": "image"
   }
  ],
  "nextPage": [
   {
    "title": "Google Custom Search - \"HUDNAL RODRIGUES BARBOSA\"",
    "totalResults": "139",
    "searchTerms": "\"HUDNAL RODRIGUES BARBOSA\"",
    "count": 10,
    "startIndex": 11,
    "inputEncoding": "utf8",
    "outputEncoding": "utf8",
    "safe": "off",
    "cx": "014097292584411445814:sh5uhwve2ei",
    "searchType": "image"
   }
  ]
 },
 "context": {
  "title": "Eleitos"
 },
 "searchInformation": {
  "searchTime": 0.109015,
  "formattedSearchTime": "0.11",
  "totalResults": "139",
  "formattedTotalResults": "139"
 },
 "spelling": {
  "correctedQuery": "\"HUDNALL RODRIGUES BARBOSA\"",
  "htmlCorrectedQuery": "&quot;\u003cb\u003e\u003ci\u003eHUDNALL\u003c/i\u003e\u003c/b\u003e RODRIGUES BARBOSA&quot;"
 },
 "items": [
  {
   "kind": "customsearch#result",
   "title": "Hudnal Rodrigues Barbosa - Câmara Municipal de Água Limpa",
   "htmlTitle": "\u003cb\u003eHudnal Rodrigues Barbosa\u003c/b\u003e - Câmara Municipal de Água Limpa",
   "link": "http://www.camaraagualimpa.go.gov.br/res/midias/img/57161292454686b25c1c82617126e0af.jpg?x=0&y=0&w=715&h=1000",
   "displayLink": "www.camaraagualimpa.go.gov.br",
   "snippet": "Hudnal Rodrigues Barbosa - Câmara Municipal de Água Limpa",
   "htmlSnippet": "\u003cb\u003eHudnal Rodrigues Barbosa\u003c/b\u003e - Câmara Municipal de Água Limpa",
   "mime": "image/jpeg",
   "image": {
    "contextLink": "http://www.camaraagualimpa.go.gov.br/pagina/institucional/127-hudnal-rodrigues-barbosa",
    "height": 1000,
    "width": 715,
    "byteSize": 69894,
    "thumbnailLink": "https://encrypted-tbn0.gstatic.com/images?q=tbn:ANd9GcSfKcavnqtmkQ76WkHWUZmTIXrKz_Ad7ZyUC0fiIw9SkrGdwe2lrM6zM6c",
    "thumbnailHeight": 149,
    "thumbnailWidth": 107
   }
  },
  {
   "kind": "customsearch#result",
   "title": "Untitled",
   "htmlTitle": "Untitled",
   "link": "x-raw-image:///c41fcd49434a2b27b568a15461b5b1405b405e89cd518aed2b0bf5891f5c4d48",
   "displayLink": "apps.tre-go.gov.br",
   "snippet": "Untitled",
   "htmlSnippet": "Untitled",
   "mime": "image/",
   "image": {
    "contextLink": "http://apps.tre-go.gov.br/mural-eletronico/doc/dec_monocratica_31373",
    "height": 3392,
    "width": 2560,
    "byteSize": 1961534,
    "thumbnailLink": "https://encrypted-tbn0.gstatic.com/images?q=tbn:ANd9GcTaVbBcXroB-T3rj6ABd_SFwqfAvFVGqgfbR6KsAsHQ6vMMnRkZs171CM3v",
    "thumbnailHeight": 150,
    "thumbnailWidth": 113
   }
  },
  {
   "kind": "customsearch#result",
   "title": "Hudnal Rodrigues Barbosa - Câmara Municipal de Água Limpa",
   "htmlTitle": "\u003cb\u003eHudnal Rodrigues Barbosa\u003c/b\u003e - Câmara Municipal de Água Limpa",
   "link": "http://www.camaraagualimpa.go.gov.br/res/midias/img/b273f1573121b4a47fa83afb45eb7322.png?x=0&y=0&w=998&h=997.6798143851508",
   "displayLink": "www.camaraagualimpa.go.gov.br",
   "snippet": "Hudnal Rodrigues Barbosa - Câmara Municipal de Água Limpa",
   "htmlSnippet": "\u003cb\u003eHudnal Rodrigues Barbosa\u003c/b\u003e - Câmara Municipal de Água Limpa",
   "mime": "image/png",
   "image": {
    "contextLink": "http://www.camaraagualimpa.go.gov.br/pagina/institucional/169-hudnal-rodrigues-barbosa",
    "height": 997,
    "width": 998,
    "byteSize": 818870,
    "thumbnailLink": "https://encrypted-tbn0.gstatic.com/images?q=tbn:ANd9GcTCMQwTQmuktk5zwp9-8dVS32nTjYbkfccBbRpIFqTdC3BpEisf_Rwmgn0p",
    "thumbnailHeight": 149,
    "thumbnailWidth": 149
   }
  },
  {
   "kind": "customsearch#result",
   "title": "title | Gazeta do Povo",
   "htmlTitle": "title | Gazeta do Povo",
   "link": "https://gazetadopovo-candidatos-2016.s3.amazonaws.com/fotos/santinhos/go/agua-limpa/santinho-vereador-caroco-11111-agua-limpa-go.jpg",
   "displayLink": "especiais.gazetadopovo.com.br",
   "snippet": "title | Gazeta do Povo",
   "htmlSnippet": "title | Gazeta do Povo",
   "mime": "image/jpeg",
   "image": {
    "contextLink": "https://especiais.gazetadopovo.com.br/eleicoes/2016/agua-limpa-go/vereador/caroco-11111/",
    "height": 339,
    "width": 646,
    "byteSize": 18232,
    "thumbnailLink": "https://encrypted-tbn0.gstatic.com/images?q=tbn:ANd9GcRSxgQcICFU0fipurnAU_e76VnqRvVnOt8C7CgSKrIYkghd5p8F_xlqdzk",
    "thumbnailHeight": 72,
    "thumbnailWidth": 137
   }
  },
  {
   "kind": "customsearch#result",
   "title": "Hudnal Rodrigues Barbosa - Câmara Municipal de Água Limpa",
   "htmlTitle": "\u003cb\u003eHudnal Rodrigues Barbosa\u003c/b\u003e - Câmara Municipal de Água Limpa",
   "link": "http://www.camaraagualimpa.go.gov.br/res/midias/img/b273f1573121b4a47fa83afb45eb7322.png?x=0&y=0&w=998&h=997.6798143851508&mw=170&mh=170",
   "displayLink": "www.camaraagualimpa.go.gov.br",
   "snippet": "Hudnal Rodrigues Barbosa - Câmara Municipal de Água Limpa",
   "htmlSnippet": "\u003cb\u003eHudnal Rodrigues Barbosa\u003c/b\u003e - Câmara Municipal de Água Limpa",
   "mime": "image/png",
   "image": {
    "contextLink": "http://www.camaraagualimpa.go.gov.br/pagina/institucional/169-hudnal-rodrigues-barbosa",
    "height": 170,
    "width": 170,
    "byteSize": 31529,
    "thumbnailLink": "https://encrypted-tbn0.gstatic.com/images?q=tbn:ANd9GcRszc9LhvxfPpXDuRCAs9SyUtkOnxUtJSe2zmep90sbBujm_bXnbhMjEJ4",
    "thumbnailHeight": 99,
    "thumbnailWidth": 99
   }
  },
  {
   "kind": "customsearch#result",
   "title": "Calendário das Sessões 2° Semestre 2019 - Câmara Municipal de Água ...",
   "htmlTitle": "Calendário das Sessões 2° Semestre 2019 - Câmara Municipal de Água ...",
   "link": "https://www.agualimpa.go.leg.br/res/midias/img/b273f1573121b4a47fa83afb45eb7322.png?x=0&y=0&w=998&h=997.6798143851508",
   "displayLink": "www.agualimpa.go.leg.br",
   "snippet": "Calendário das Sessões 2° Semestre 2019 - Câmara Municipal de Água ...",
   "htmlSnippet": "Calendário das Sessões 2° Semestre 2019 - Câmara Municipal de Água ...",
   "mime": "image/png",
   "image": {
    "contextLink": "https://www.agualimpa.go.leg.br/noticia/7-calendario-das-sessoes-2-semestre-2019",
    "height": 997,
    "width": 998,
    "byteSize": 818891,
    "thumbnailLink": "https://encrypted-tbn0.gstatic.com/images?q=tbn:ANd9GcTPpBdJJnCGkwj_gEwtkBpR0U2nc9KYGCvcK7g51fq5_XbqFVeCqPFAM0LbHA",
    "thumbnailHeight": 149,
    "thumbnailWidth": 149
   }
  },
  {
   "kind": "customsearch#result",
   "title": "title | Gazeta do Povo",
   "htmlTitle": "title | Gazeta do Povo",
   "link": "https://gazetadopovo-candidatos-2016.s3.amazonaws.com/fotos/go/agua-limpa/caroco-11111.jpg",
   "displayLink": "especiais.gazetadopovo.com.br",
   "snippet": "title | Gazeta do Povo",
   "htmlSnippet": "title | Gazeta do Povo",
   "mime": "image/jpeg",
   "image": {
    "contextLink": "https://especiais.gazetadopovo.com.br/eleicoes/2016/agua-limpa-go/vereador/caroco-11111/",
    "height": 225,
    "width": 161,
    "byteSize": 5250,
    "thumbnailLink": "https://encrypted-tbn0.gstatic.com/images?q=tbn:ANd9GcSP593cTyj84FbqqZu7QLe6LwAvjIji2kVQTSFO8EWZGfv3ntr6zrgBYH8",
    "thumbnailHeight": 108,
    "thumbnailWidth": 77
   }
  },
  {
   "kind": "customsearch#result",
   "title": "Rogério de Oliveira Silva - Câmara Municipal de Água Limpa",
   "htmlTitle": "Rogério de Oliveira Silva - Câmara Municipal de Água Limpa",
   "link": "http://www.camaraagualimpa.go.gov.br/res/midias/img/a009e36ecb5097b2b1f0a4ef22804bef.jpg?x=0&y=0&w=715&h=1000",
   "displayLink": "www.camaraagualimpa.go.gov.br",
   "snippet": "Rogério de Oliveira Silva - Câmara Municipal de Água Limpa",
   "htmlSnippet": "Rogério de Oliveira Silva - Câmara Municipal de Água Limpa",
   "mime": "image/jpeg",
   "image": {
    "contextLink": "http://www.camaraagualimpa.go.gov.br/pagina/institucional/174-rogerio-de-oliveira-silva",
    "height": 1000,
    "width": 715,
    "byteSize": 39220,
    "thumbnailLink": "https://encrypted-tbn0.gstatic.com/images?q=tbn:ANd9GcSmsFJT6aiVeE_XviBgXy0gwoGoMyq4CB3HInknPe3AsZUs9jCYIqPWc09l",
    "thumbnailHeight": 149,
    "thumbnailWidth": 107
   }
  },
  {
   "kind": "customsearch#result",
   "title": "title | Gazeta do Povo",
   "htmlTitle": "title | Gazeta do Povo",
   "link": "https://gazetadopovo-candidatos-2016.s3.amazonaws.com/fotos/go/agua-limpa/celia-do-prado-11128.jpg",
   "displayLink": "especiais.gazetadopovo.com.br",
   "snippet": "title | Gazeta do Povo",
   "htmlSnippet": "title | Gazeta do Povo",
   "mime": "image/jpeg",
   "image": {
    "contextLink": "https://especiais.gazetadopovo.com.br/eleicoes/2016/agua-limpa-go/vereador/caroco-11111/",
    "height": 225,
    "width": 161,
    "byteSize": 3463,
    "thumbnailLink": "https://encrypted-tbn0.gstatic.com/images?q=tbn:ANd9GcTbocl1eL_h9CU1xtOQPtXoMo9pnOWOS9eVp6Bda5fpZMFB-n426bRwaQ",
    "thumbnailHeight": 108,
    "thumbnailWidth": 77
   }
  },
  {
   "kind": "customsearch#result",
   "title": "Untitled",
   "htmlTitle": "Untitled",
   "link": "x-raw-image:///880ca039b0bf816fcfb0b48d2f725a5caa1c84ff8adf3125a949bd292535671d",
   "displayLink": "apps.tre-go.gov.br",
   "snippet": "Untitled",
   "htmlSnippet": "Untitled",
   "mime": "image/",
   "image": {
    "contextLink": "http://apps.tre-go.gov.br/mural-eletronico/doc/dec_monocratica_31373",
    "height": 3392,
    "width": 2560,
    "byteSize": 1993202,
    "thumbnailLink": "https://encrypted-tbn0.gstatic.com/images?q=tbn:ANd9GcQtX-dcQuFQSU1Ks435xlBpU-U0-z6m-Axhdh7D2vvhb2qlGJNKvgBDdPr4",
    "thumbnailHeight": 150,
    "thumbnailWidth": 113
   }
  }
 ]
}
