{
 "kind": "customsearch#search",
 "url": {
  "type": "application/json",
  "template": "https://www.googleapis.com/customsearch/v1?q={searchTerms}&num={count?}&start={startIndex?}&lr={language?}&safe={safe?}&cx={cx?}&sort={sort?}&filter={filter?}&gl={gl?}&cr={cr?}&googlehost={googleHost?}&c2coff={disableCnTwTranslation?}&hq={hq?}&hl={hl?}&siteSearch={siteSearch?}&siteSearchFilter={siteSearchFilter?}&exactTerms={exactTerms?}&excludeTerms={excludeTerms?}&linkSite={linkSite?}&orTerms={orTerms?}&relatedSite={relatedSite?}&dateRestrict={dateRestrict?}&lowRange={lowRange?}&highRange={highRange?}&searchType={searchType}&fileType={fileType?}&rights={rights?}&imgSize={imgSize?}&imgType={imgType?}&imgColorType={imgColorType?}&imgDominantColor={imgDominantColor?}&alt=json"
 },
 "queries": {
  "request": [
   {
    "title": "Google Custom Search - \"ILVANEY PEREIRA DA SILVA\"",
    "totalResults": "4",
    "searchTerms": "\"ILVANEY PEREIRA DA SILVA\"",
    "count": 4,
    "startIndex": 1,
    "inputEncoding": "utf8",
    "outputEncoding": "utf8",
    "safe": "off",
    "cx": "014097292584411445814:sh5uhwve2ei",
    "searchType": "image"
   }
  ]
 },
 "context": {
  "title": "Eleitos"
 },
 "searchInformation": {
  "searchTime": 0.258344,
  "formattedSearchTime": "0.26",
  "totalResults": "4",
  "formattedTotalResults": "4"
 },
 "items": [
  {
   "kind": "customsearch#result",
   "title": "title | Gazeta do Povo",
   "htmlTitle": "title | Gazeta do Povo",
   "link": "https://gazetadopovo-candidatos-2016.s3.amazonaws.com/fotos/go/abadiania/vaney-da-ceramica-55455.jpg",
   "displayLink": "especiais.gazetadopovo.com.br",
   "snippet": "title | Gazeta do Povo",
   "htmlSnippet": "title | Gazeta do Povo",
   "mime": "image/jpeg",
   "image": {
    "contextLink": "https://especiais.gazetadopovo.com.br/eleicoes/2016/abadiania-go/vereador/vaney-da-ceramica-55455/",
    "height": 225,
    "width": 161,
    "byteSize": 5861,
    "thumbnailLink": "https://encrypted-tbn0.gstatic.com/images?q=tbn:ANd9GcQgvJd6MzbNnH2A9F-Q5SPOBwwpIotKmjvJ4sB7rSFGMct2VyV12J3KAKU",
    "thumbnailHeight": 108,
    "thumbnailWidth": 77
   }
  },
  {
   "kind": "customsearch#result",
   "title": "title | Gazeta do Povo",
   "htmlTitle": "title | Gazeta do Povo",
   "link": "https://gazetadopovo-candidatos-2016.s3.amazonaws.com/fotos/go/abadiania/carlinho-rabelo-55123.jpg",
   "displayLink": "especiais.gazetadopovo.com.br",
   "snippet": "title | Gazeta do Povo",
   "htmlSnippet": "title | Gazeta do Povo",
   "mime": "image/jpeg",
   "image": {
    "contextLink": "https://especiais.gazetadopovo.com.br/eleicoes/2016/abadiania-go/vereador/vaney-da-ceramica-55455/",
    "height": 225,
    "width": 161,
    "byteSize": 4012,
    "thumbnailLink": "https://encrypted-tbn0.gstatic.com/images?q=tbn:ANd9GcSfK3zofKUTse28K41Q7kqu9msQfxKpQ9e80GjW5xQxXE51X9ZJQW2mPQ",
    "thumbnailHeight": 108,
    "thumbnailWidth": 77
   }
  },
  {
   "kind": "customsearch#result",
   "title": "title | Gazeta do Povo",
   "htmlTitle": "title | Gazeta do Povo",
   "link": "https://gazetadopovo-candidatos-2016.s3.amazonaws.com/fotos/go/abadiania/farley-55888.jpg",
   "displayLink": "especiais.gazetadopovo.com.br",
   "snippet": "title | Gazeta do Povo",
   "htmlSnippet": "title | Gazeta do Povo",
   "mime": "image/jpeg",
   "image": {
    "contextLink": "https://especiais.gazetadopovo.com.br/eleicoes/2016/abadiania-go/vereador/vaney-da-ceramica-55455/",
    "height": 225,
    "width": 161,
    "byteSize": 3906,
    "thumbnailLink": "https://encrypted-tbn0.gstatic.com/images?q=tbn:ANd9GcTtMMvdvQN8a3oq7sPN7xEsVDmDjTq31T0MY3hjzg_j6KtdmgUV-dpFZRI",
    "thumbnailHeight": 108,
    "thumbnailWidth": 77
   }
  },
  {
   "kind": "customsearch#result",
   "title": "title | Gazeta do Povo",
   "htmlTitle": "title | Gazeta do Povo",
   "link": "https://gazetadopovo-candidatos-2016.s3.amazonaws.com/fotos/go/abadiania/vando-lanche-55333.jpg",
   "displayLink": "especiais.gazetadopovo.com.br",
   "snippet": "title | Gazeta do Povo",
   "htmlSnippet": "title | Gazeta do Povo",
   "mime": "image/jpeg",
   "image": {
    "contextLink": "https://especiais.gazetadopovo.com.br/eleicoes/2016/abadiania-go/vereador/vaney-da-ceramica-55455/",
    "height": 225,
    "width": 161,
    "byteSize": 4122,
    "thumbnailLink": "https://encrypted-tbn0.gstatic.com/images?q=tbn:ANd9GcTZnz_ukvgMLXwI-SeG8Tm6O9w8wMTzQmcdBsiHP90ow2llSpmaIzawNA",
    "thumbnailHeight": 108,
    "thumbnailWidth": 77
   }
  }
 ]
}
