{
 "kind": "customsearch#search",
 "url": {
  "type": "application/json",
  "template": "https://www.googleapis.com/customsearch/v1?q={searchTerms}&num={count?}&start={startIndex?}&lr={language?}&safe={safe?}&cx={cx?}&sort={sort?}&filter={filter?}&gl={gl?}&cr={cr?}&googlehost={googleHost?}&c2coff={disableCnTwTranslation?}&hq={hq?}&hl={hl?}&siteSearch={siteSearch?}&siteSearchFilter={siteSearchFilter?}&exactTerms={exactTerms?}&excludeTerms={excludeTerms?}&linkSite={linkSite?}&orTerms={orTerms?}&relatedSite={relatedSite?}&dateRestrict={dateRestrict?}&lowRange={lowRange?}&highRange={highRange?}&searchType={searchType}&fileType={fileType?}&rights={rights?}&imgSize={imgSize?}&imgType={imgType?}&imgColorType={imgColorType?}&imgDominantColor={imgDominantColor?}&alt=json"
 },
 "queries": {
  "request": [
   {
    "title": "Google Custom Search - \"JACO RODRIGUES DE LIMA\"",
    "totalResults": "285",
    "searchTerms": "\"JACO RODRIGUES DE LIMA\"",
    "count": 10,
    "startIndex": 1,
    "inputEncoding": "utf8",
    "outputEncoding": "utf8",
    "safe": "off",
    "cx": "014097292584411445814:sh5uhwve2ei",
    "searchType": "image"
   }
  ],
  "nextPage": [
   {
    "title": "Google Custom Search - \"JACO RODRIGUES DE LIMA\"",
    "totalResults": "285",
    "searchTerms": "\"JACO RODRIGUES DE LIMA\"",
    "count": 10,
    "startIndex": 11,
    "inputEncoding": "utf8",
    "outputEncoding": "utf8",
    "safe": "off",
    "cx": "014097292584411445814:sh5uhwve2ei",
    "searchType": "image"
   }
  ]
 },
 "context": {
  "title": "Eleitos"
 },
 "searchInformation": {
  "searchTime": 0.324584,
  "formattedSearchTime": "0.32",
  "totalResults": "285",
  "formattedTotalResults": "285"
 },
 "items": [
  {
   "kind": "customsearch#result",
   "title": "Jaco do Esperança 36333 PTC (Vereador) Águas Lindas de Goiás ...",
   "htmlTitle": "Jaco do Esperança 36333 PTC (Vereador) Águas Lindas de Goiás ...",
   "link": "https://gazetadopovo-candidatos-2016.s3.amazonaws.com/fotos/santinhos/go/aguas-lindas-de-goias/santinho-vereador-jaco-do-esperanca-36333-aguas-lindas-de-goias-go.jpg",
   "displayLink": "especiais.gazetadopovo.com.br",
   "snippet": "Jaco do Esperança 36333 PTC (Vereador) Águas Lindas de Goiás ...",
   "htmlSnippet": "Jaco do Esperança 36333 PTC (Vereador) Águas Lindas de Goiás ...",
   "mime": "image/jpeg",
   "image": {
    "contextLink": "https://especiais.gazetadopovo.com.br/eleicoes/2016/aguas-lindas-de-goias-go/vereador/jaco-do-esperanca-36333/",
    "height": 339,
    "width": 646,
    "byteSize": 19869,
    "thumbnailLink": "https://encrypted-tbn0.gstatic.com/images?q=tbn:ANd9GcSAmL3B73xtGJifIfoOjXnc3RGCoLGDYC-fdRQPaVqjQMfNsgyJIc45FF1R",
    "thumbnailHeight": 72,
    "thumbnailWidth": 137
   }
  },
  {
   "kind": "customsearch#result",
   "title": "Amor Por Águas Lindas - Publicações | Facebook",
   "htmlTitle": "Amor Por Águas Lindas - Publicações | Facebook",
   "link": "https://lookaside.fbsbx.com/lookaside/crawler/media/?media_id=877549225698373",
   "displayLink": "pt-br.facebook.com",
   "snippet": "Amor Por Águas Lindas - Publicações | Facebook",
   "htmlSnippet": "Amor Por Águas Lindas - Publicações | Facebook",
   "mime": "image/",
   "image": {
    "contextLink": "https://pt-br.facebook.com/Amor-Por-%C3%81guas-Lindas-877549225698373/posts/",
    "height": 959,
    "width": 960,
    "byteSize": 253347,
    "thumbnailLink": "https://encrypted-tbn0.gstatic.com/images?q=tbn:ANd9GcSFiHMIHijlcbFHXwfdSfjzqsb6ISEtIepH63NEy5PRHxVcQ3Xb1OH2w8B2bw",
    "thumbnailHeight": 148,
    "thumbnailWidth": 148
   }
  },
  {
   "kind": "customsearch#result",
   "title": "Jaco do Esperança 36333 PTC (Vereador) Águas Lindas de Goiás ...",
   "htmlTitle": "Jaco do Esperança 36333 PTC (Vereador) Águas Lindas de Goiás ...",
   "link": "https://gazetadopovo-candidatos-2016.s3.amazonaws.com/fotos/go/aguas-lindas-de-goias/jaco-do-esperanca-36333.jpg",
   "displayLink": "especiais.gazetadopovo.com.br",
   "snippet": "Jaco do Esperança 36333 PTC (Vereador) Águas Lindas de Goiás ...",
   "htmlSnippet": "Jaco do Esperança 36333 PTC (Vereador) Águas Lindas de Goiás ...",
   "mime": "image/jpeg",
   "image": {
    "contextLink": "https://especiais.gazetadopovo.com.br/eleicoes/2016/aguas-lindas-de-goias-go/vereador/jaco-do-esperanca-36333/",
    "height": 225,
    "width": 161,
    "byteSize": 3916,
    "thumbnailLink": "https://encrypted-tbn0.gstatic.com/images?q=tbn:ANd9GcS88u2WSRVAsolXAWnFDgMAFR8P6GVT6NXfWXiBrZE0eA-EKW4ZjoiLZGw",
    "thumbnailHeight": 108,
    "thumbnailWidth": 77
   }
  },
  {
   "kind": "customsearch#result",
   "title": "Amor Por Águas Lindas - Publicações | Facebook",
   "htmlTitle": "Amor Por Águas Lindas - Publicações | Facebook",
   "link": "https://lookaside.fbsbx.com/lookaside/crawler/media/?media_id=1923454987774453",
   "displayLink": "pt-br.facebook.com",
   "snippet": "Amor Por Águas Lindas - Publicações | Facebook",
   "htmlSnippet": "Amor Por Águas Lindas - Publicações | Facebook",
   "mime": "image/",
   "image": {
    "contextLink": "https://pt-br.facebook.com/Amor-Por-%C3%81guas-Lindas-877549225698373/posts/",
    "height": 480,
    "width": 480,
    "byteSize": 43832,
    "thumbnailLink": "https://encrypted-tbn0.gstatic.com/images?q=tbn:ANd9GcQeGqqNYWNrjEMGqd33Qr8bESPiC1n98_yUoHYORn6aN1oYeGAou1gC1ZmCbw",
    "thumbnailHeight": 129,
    "thumbnailWidth": 129
   }
  },
  {
   "kind": "customsearch#result",
   "title": "Jaco do Esperança 36333 PTC (Vereador) Águas Lindas de Goiás ...",
   "htmlTitle": "Jaco do Esperança 36333 PTC (Vereador) Águas Lindas de Goiás ...",
   "link": "https://gazetadopovo-candidatos-2016.s3.amazonaws.com/fotos/go/aguas-lindas-de-goias/adair-ribeiro-36222.jpg",
   "displayLink": "especiais.gazetadopovo.com.br",
   "snippet": "Jaco do Esperança 36333 PTC (Vereador) Águas Lindas de Goiás ...",
   "htmlSnippet": "Jaco do Esperança 36333 PTC (Vereador) Águas Lindas de Goiás ...",
   "mime": "image/jpeg",
   "image": {
    "contextLink": "https://especiais.gazetadopovo.com.br/eleicoes/2016/aguas-lindas-de-goias-go/vereador/jaco-do-esperanca-36333/",
    "height": 225,
    "width": 161,
    "byteSize": 4273,
    "thumbnailLink": "https://encrypted-tbn0.gstatic.com/images?q=tbn:ANd9GcQ_92n-xibtGBXtQ6O077IDFEW4WNzb5tSXViboZKMLtprlMdwTedByYbg",
    "thumbnailHeight": 108,
    "thumbnailWidth": 77
   }
  },
  {
   "kind": "customsearch#result",
   "title": "Jaco do Esperança 36333 PTC (Vereador) Águas Lindas de Goiás ...",
   "htmlTitle": "Jaco do Esperança 36333 PTC (Vereador) Águas Lindas de Goiás ...",
   "link": "https://gazetadopovo-candidatos-2016.s3.amazonaws.com/fotos/go/aguas-lindas-de-goias/edigar-eneas-36000.jpg",
   "displayLink": "especiais.gazetadopovo.com.br",
   "snippet": "Jaco do Esperança 36333 PTC (Vereador) Águas Lindas de Goiás ...",
   "htmlSnippet": "Jaco do Esperança 36333 PTC (Vereador) Águas Lindas de Goiás ...",
   "mime": "image/jpeg",
   "image": {
    "contextLink": "https://especiais.gazetadopovo.com.br/eleicoes/2016/aguas-lindas-de-goias-go/vereador/jaco-do-esperanca-36333/",
    "height": 225,
    "width": 161,
    "byteSize": 5883,
    "thumbnailLink": "https://encrypted-tbn0.gstatic.com/images?q=tbn:ANd9GcQOEGe7VTqtI0cHWhuRQaN1yleXZhNUlXgL9WiXJ5tmIMXmwNrLIWsF3O4",
    "thumbnailHeight": 108,
    "thumbnailWidth": 77
   }
  },
  {
   "kind": "customsearch#result",
   "title": "Jaco do Esperança 36333 PTC (Vereador) Águas Lindas de Goiás ...",
   "htmlTitle": "Jaco do Esperança 36333 PTC (Vereador) Águas Lindas de Goiás ...",
   "link": "https://gazetadopovo-candidatos-2016.s3.amazonaws.com/fotos/go/aguas-lindas-de-goias/espedito-do-alterosa-36234.jpg",
   "displayLink": "especiais.gazetadopovo.com.br",
   "snippet": "Jaco do Esperança 36333 PTC (Vereador) Águas Lindas de Goiás ...",
   "htmlSnippet": "Jaco do Esperança 36333 PTC (Vereador) Águas Lindas de Goiás ...",
   "mime": "image/jpeg",
   "image": {
    "contextLink": "https://especiais.gazetadopovo.com.br/eleicoes/2016/aguas-lindas-de-goias-go/vereador/jaco-do-esperanca-36333/",
    "height": 225,
    "width": 161,
    "byteSize": 5377,
    "thumbnailLink": "https://encrypted-tbn0.gstatic.com/images?q=tbn:ANd9GcRLXb5OYQ0cmCe1qsiNwkMPQSEmVr3mzRzvgaB3-REzXpxcfuni3Hixjg",
    "thumbnailHeight": 108,
    "thumbnailWidth": 77
   }
  },
  {
   "kind": "customsearch#result",
   "title": "Jaco do Esperança 36333 PTC (Vereador) Águas Lindas de Goiás ...",
   "htmlTitle": "Jaco do Esperança 36333 PTC (Vereador) Águas Lindas de Goiás ...",
   "link": "https://gazetadopovo-candidatos-2016.s3.amazonaws.com/fotos/go/aguas-lindas-de-goias/professor-denilson-36006.jpg",
   "displayLink": "especiais.gazetadopovo.com.br",
   "snippet": "Jaco do Esperança 36333 PTC (Vereador) Águas Lindas de Goiás ...",
   "htmlSnippet": "Jaco do Esperança 36333 PTC (Vereador) Águas Lindas de Goiás ...",
   "mime": "image/jpeg",
   "image": {
    "contextLink": "https://especiais.gazetadopovo.com.br/eleicoes/2016/aguas-lindas-de-goias-go/vereador/jaco-do-esperanca-36333/",
    "height": 225,
    "width": 161,
    "byteSize": 4007,
    "thumbnailLink": "https://encrypted-tbn0.gstatic.com/images?q=tbn:ANd9GcSe2CG2D0J5NL2LcUJv6QMTjQzDy0GiH_lVIbQHosufUTkvWLMBD-THRw",
    "thumbnailHeight": 108,
    "thumbnailWidth": 77
   }
  },
  {
   "kind": "customsearch#result",
   "title": "Jaco do Esperança 36333 PTC (Vereador) Águas Lindas de Goiás ...",
   "htmlTitle": "Jaco do Esperança 36333 PTC (Vereador) Águas Lindas de Goiás ...",
   "link": "https://gazetadopovo-candidatos-2016.s3.amazonaws.com/fotos/go/aguas-lindas-de-goias/lizoel-bezerra-36456.jpg",
   "displayLink": "especiais.gazetadopovo.com.br",
   "snippet": "Jaco do Esperança 36333 PTC (Vereador) Águas Lindas de Goiás ...",
   "htmlSnippet": "Jaco do Esperança 36333 PTC (Vereador) Águas Lindas de Goiás ...",
   "mime": "image/jpeg",
   "image": {
    "contextLink": "https://especiais.gazetadopovo.com.br/eleicoes/2016/aguas-lindas-de-goias-go/vereador/jaco-do-esperanca-36333/",
    "height": 225,
    "width": 161,
    "byteSize": 4693,
    "thumbnailLink": "https://encrypted-tbn0.gstatic.com/images?q=tbn:ANd9GcS_YFpILqW0cfgIrmKir17VaBc8PGIyNbww-T1eLEkJVmsB6LYoIoCf0vQ",
    "thumbnailHeight": 108,
    "thumbnailWidth": 77
   }
  },
  {
   "kind": "customsearch#result",
   "title": "Jaco do Esperança 36333 PTC (Vereador) Águas Lindas de Goiás ...",
   "htmlTitle": "Jaco do Esperança 36333 PTC (Vereador) Águas Lindas de Goiás ...",
   "link": "https://gazetadopovo-candidatos-2016.s3.amazonaws.com/fotos/go/aguas-lindas-de-goias/professora-fausta-36011.jpg",
   "displayLink": "especiais.gazetadopovo.com.br",
   "snippet": "Jaco do Esperança 36333 PTC (Vereador) Águas Lindas de Goiás ...",
   "htmlSnippet": "Jaco do Esperança 36333 PTC (Vereador) Águas Lindas de Goiás ...",
   "mime": "image/jpeg",
   "image": {
    "contextLink": "https://especiais.gazetadopovo.com.br/eleicoes/2016/aguas-lindas-de-goias-go/vereador/jaco-do-esperanca-36333/",
    "height": 225,
    "width": 161,
    "byteSize": 6141,
    "thumbnailLink": "https://encrypted-tbn0.gstatic.com/images?q=tbn:ANd9GcQg4fLXAKocE1Wnplsb_Rae_P8LmsbB6lAETCeAVfJ41LtNm-ifCCFgbEs",
    "thumbnailHeight": 108,
    "thumbnailWidth": 77
   }
  }
 ]
}
