{
 "kind": "customsearch#search",
 "url": {
  "type": "application/json",
  "template": "https://www.googleapis.com/customsearch/v1?q={searchTerms}&num={count?}&start={startIndex?}&lr={language?}&safe={safe?}&cx={cx?}&sort={sort?}&filter={filter?}&gl={gl?}&cr={cr?}&googlehost={googleHost?}&c2coff={disableCnTwTranslation?}&hq={hq?}&hl={hl?}&siteSearch={siteSearch?}&siteSearchFilter={siteSearchFilter?}&exactTerms={exactTerms?}&excludeTerms={excludeTerms?}&linkSite={linkSite?}&orTerms={orTerms?}&relatedSite={relatedSite?}&dateRestrict={dateRestrict?}&lowRange={lowRange?}&highRange={highRange?}&searchType={searchType}&fileType={fileType?}&rights={rights?}&imgSize={imgSize?}&imgType={imgType?}&imgColorType={imgColorType?}&imgDominantColor={imgDominantColor?}&alt=json"
 },
 "queries": {
  "request": [
   {
    "title": "Google Custom Search - \"JOAQUIM DOS REIS PEREIRA\"",
    "totalResults": "2200",
    "searchTerms": "\"JOAQUIM DOS REIS PEREIRA\"",
    "count": 10,
    "startIndex": 1,
    "inputEncoding": "utf8",
    "outputEncoding": "utf8",
    "safe": "off",
    "cx": "014097292584411445814:sh5uhwve2ei",
    "searchType": "image"
   }
  ],
  "nextPage": [
   {
    "title": "Google Custom Search - \"JOAQUIM DOS REIS PEREIRA\"",
    "totalResults": "2200",
    "searchTerms": "\"JOAQUIM DOS REIS PEREIRA\"",
    "count": 10,
    "startIndex": 11,
    "inputEncoding": "utf8",
    "outputEncoding": "utf8",
    "safe": "off",
    "cx": "014097292584411445814:sh5uhwve2ei",
    "searchType": "image"
   }
  ]
 },
 "context": {
  "title": "Eleitos"
 },
 "searchInformation": {
  "searchTime": 0.254517,
  "formattedSearchTime": "0.25",
  "totalResults": "2200",
  "formattedTotalResults": "2,200"
 },
 "items": [
  {
   "kind": "customsearch#result",
   "title": "Joaquim dos Reis 11 PP (Prefeito) Adelândia - Guia Eleições 2016",
   "htmlTitle": "Joaquim dos Reis 11 PP (Prefeito) Adelândia - Guia Eleições 2016",
   "link": "https://gazetadopovo-candidatos-2016.s3.amazonaws.com/fotos/santinhos/go/adelandia/santinho-prefeito-joaquim-dos-reis-11-adelandia-go.jpg",
   "displayLink": "especiais.gazetadopovo.com.br",
   "snippet": "Joaquim dos Reis 11 PP (Prefeito) Adelândia - Guia Eleições 2016",
   "htmlSnippet": "Joaquim dos Reis 11 PP (Prefeito) Adelândia - Guia Eleições 2016",
   "mime": "image/jpeg",
   "image": {
    "contextLink": "https://especiais.gazetadopovo.com.br/eleicoes/2016/adelandia-go/prefeito/joaquim-dos-reis-11/",
    "height": 339,
    "width": 646,
    "byteSize": 17148,
    "thumbnailLink": "https://encrypted-tbn0.gstatic.com/images?q=tbn:ANd9GcRpMW9aUdALYJeMwyII8dx6O_Q3TUfOPShz_C0A8QD5sCOuEWPaOocuBCFg",
    "thumbnailHeight": 72,
    "thumbnailWidth": 137
   }
  },
  {
   "kind": "customsearch#result",
   "title": "Prefeitura Municipal de Adelândia ::..",
   "htmlTitle": "Prefeitura Municipal de Adelândia ::..",
   "link": "http://adelandia.go.gov.br/painel/editor/kcfinder/upload/images/1%283%29.jpg",
   "displayLink": "adelandia.go.gov.br",
   "snippet": "Prefeitura Municipal de Adelândia ::..",
   "htmlSnippet": "Prefeitura Municipal de Adelândia ::..",
   "mime": "image/jpeg",
   "image": {
    "contextLink": "http://adelandia.go.gov.br/prefeito/",
    "height": 339,
    "width": 265,
    "byteSize": 56234,
    "thumbnailLink": "https://encrypted-tbn0.gstatic.com/images?q=tbn:ANd9GcT9EPhR-ZfWMq2IiDrD37NFaHzYIjz6kcQQ8ZioLPe_h7TaIA3JESkNsAk",
    "thumbnailHeight": 119,
    "thumbnailWidth": 93
   }
  },
  {
   "kind": "customsearch#result",
   "title": "Joaquim dos Reis 11 PP (Prefeito) Adelândia - Guia Eleições 2016",
   "htmlTitle": "Joaquim dos Reis 11 PP (Prefeito) Adelândia - Guia Eleições 2016",
   "link": "https://gazetadopovo-candidatos-2016.s3.amazonaws.com/fotos/go/adelandia/joaquim-dos-reis-11.jpg",
   "displayLink": "especiais.gazetadopovo.com.br",
   "snippet": "Joaquim dos Reis 11 PP (Prefeito) Adelândia - Guia Eleições 2016",
   "htmlSnippet": "Joaquim dos Reis 11 PP (Prefeito) Adelândia - Guia Eleições 2016",
   "mime": "image/jpeg",
   "image": {
    "contextLink": "https://especiais.gazetadopovo.com.br/eleicoes/2016/adelandia-go/prefeito/joaquim-dos-reis-11/",
    "height": 225,
    "width": 161,
    "byteSize": 3901,
    "thumbnailLink": "https://encrypted-tbn0.gstatic.com/images?q=tbn:ANd9GcRY9qMXWMk1_WrqKs3WcViG37Tj5wn6luONnyjtoL38nKaANaVtDmaCZA",
    "thumbnailHeight": 108,
    "thumbnailWidth": 77
   }
  },
  {
   "kind": "customsearch#result",
   "title": "Untitled",
   "htmlTitle": "Untitled",
   "link": "x-raw-image:///dd5a06e656b33f4b7b74c6fce143fbf62e2d2ee1024c6fb2991152c3e218f4b4",
   "displayLink": "adelandia.go.gov.br",
   "snippet": "Untitled",
   "htmlSnippet": "Untitled",
   "mime": "image/",
   "image": {
    "contextLink": "http://adelandia.go.gov.br/uploads/transparencia/3/cb0587e1e44bdae96d846e88876f16d1.pdf",
    "height": 3438,
    "width": 2410,
    "byteSize": 955262,
    "thumbnailLink": "https://encrypted-tbn0.gstatic.com/images?q=tbn:ANd9GcSpGhT8VkKaajxfTZ3NdZ3qJ3JtEWqusJFRw4VuJVmoZlgf9o-94GEGGGzn",
    "thumbnailHeight": 150,
    "thumbnailWidth": 105
   }
  },
  {
   "kind": "customsearch#result",
   "title": "Portal Goiás - Deputados afirmam que atitude do governador deve ...",
   "htmlTitle": "Portal Goiás - Deputados afirmam que atitude do governador deve ...",
   "link": "http://www.goias.gov.br/images/uploads/2017/02/Jes%C3%BApolis.jpg",
   "displayLink": "www.goias.gov.br",
   "snippet": "Portal Goiás - Deputados afirmam que atitude do governador deve ...",
   "htmlSnippet": "Portal Goiás - Deputados afirmam que atitude do governador deve ...",
   "mime": "image/jpeg",
   "image": {
    "contextLink": "http://www.goias.gov.br/noticias/24912-deputados-afirmam-que-atitude-do-governador-deve-ser-copiada-no-resto-do-pais.html",
    "height": 3648,
    "width": 5473,
    "byteSize": 1047701,
    "thumbnailLink": "https://encrypted-tbn0.gstatic.com/images?q=tbn:ANd9GcR2WGJLg2a6MToDnA9ZabUjpBtynct39T-_SMBdAJvkSywWYloGARjWHyg",
    "thumbnailHeight": 100,
    "thumbnailWidth": 150
   }
  },
  {
   "kind": "customsearch#result",
   "title": "Untitled",
   "htmlTitle": "Untitled",
   "link": "x-raw-image:///59040e2fbf6cdae2ec55ce685902875e715b29c17bd4242f39b2b5c53eaf549a",
   "displayLink": "adelandia.go.gov.br",
   "snippet": "Untitled",
   "htmlSnippet": "Untitled",
   "mime": "image/",
   "image": {
    "contextLink": "http://adelandia.go.gov.br/uploads/transparencia/3/3ac322e1d390fea0dd1b87833838c1a1.pdf",
    "height": 3438,
    "width": 2410,
    "byteSize": 4554111,
    "thumbnailLink": "https://encrypted-tbn0.gstatic.com/images?q=tbn:ANd9GcQ7wPbkUJqMKVgpp1ktyIPM--Cr-eZb6jzLPQVJGaZSDuGLbY1kyhZvJHM",
    "thumbnailHeight": 150,
    "thumbnailWidth": 105
   }
  },
  {
   "kind": "customsearch#result",
   "title": "Prefeitura Municipal de Adelândia ::..",
   "htmlTitle": "Prefeitura Municipal de Adelândia ::..",
   "link": "http://adelandia.go.gov.br/uploads/slides/ac0c67535002d87557d57d3a718d9c04.jpg",
   "displayLink": "adelandia.go.gov.br",
   "snippet": "Prefeitura Municipal de Adelândia ::..",
   "htmlSnippet": "Prefeitura Municipal de Adelândia ::..",
   "mime": "image/jpeg",
   "image": {
    "contextLink": "http://adelandia.go.gov.br/prefeito/",
    "height": 410,
    "width": 1440,
    "byteSize": 497485,
    "thumbnailLink": "https://encrypted-tbn0.gstatic.com/images?q=tbn:ANd9GcS2E1LY5FzF9prDZa-_VpkIA4a7XWgVDwvPjXcSl9ttD87tMjf9fr6CuURs",
    "thumbnailHeight": 43,
    "thumbnailWidth": 150
   }
  },
  {
   "kind": "customsearch#result",
   "title": "Untitled",
   "htmlTitle": "Untitled",
   "link": "x-raw-image:///910ca4451a749ac8f97b0d413ebebebe71e8e63c5cba170ed8375eaea02e9197",
   "displayLink": "adelandia.go.gov.br",
   "snippet": "Untitled",
   "htmlSnippet": "Untitled",
   "mime": "image/",
   "image": {
    "contextLink": "http://adelandia.go.gov.br/uploads/transparencia/3/3ac322e1d390fea0dd1b87833838c1a1.pdf",
    "height": 3438,
    "width": 2410,
    "byteSize": 1138321,
    "thumbnailLink": "https://encrypted-tbn0.gstatic.com/images?q=tbn:ANd9GcSZQ_N2IWhO7Oaxu6NOId3_QUGPkcOIXIajMUycmj1gTkleSpBbyiPdYXkV",
    "thumbnailHeight": 150,
    "thumbnailWidth": 105
   }
  },
  {
   "kind": "customsearch#result",
   "title": "Joaquim dos Reis 11 PP (Prefeito) Adelândia - Guia Eleições 2016",
   "htmlTitle": "Joaquim dos Reis 11 PP (Prefeito) Adelândia - Guia Eleições 2016",
   "link": "https://gazetadopovo-candidatos-2016.s3.amazonaws.com/fotos/go/adelandia/kerla-11258.jpg",
   "displayLink": "especiais.gazetadopovo.com.br",
   "snippet": "Joaquim dos Reis 11 PP (Prefeito) Adelândia - Guia Eleições 2016",
   "htmlSnippet": "Joaquim dos Reis 11 PP (Prefeito) Adelândia - Guia Eleições 2016",
   "mime": "image/jpeg",
   "image": {
    "contextLink": "https://especiais.gazetadopovo.com.br/eleicoes/2016/adelandia-go/prefeito/joaquim-dos-reis-11/",
    "height": 225,
    "width": 161,
    "byteSize": 4610,
    "thumbnailLink": "https://encrypted-tbn0.gstatic.com/images?q=tbn:ANd9GcQUk7rc0G09kKBRLvb24YgQmJT_LqFxZtbU0-6ZZe_9r0MKw9RbZY_Oegk",
    "thumbnailHeight": 108,
    "thumbnailWidth": 77
   }
  },
  {
   "kind": "customsearch#result",
   "title": "Untitled",
   "htmlTitle": "Untitled",
   "link": "x-raw-image:///046ca010fa2540ba9b060b04f5be369e3ba294a5e80647ade206ac0fbaca6288",
   "displayLink": "adelandia.go.gov.br",
   "snippet": "Untitled",
   "htmlSnippet": "Untitled",
   "mime": "image/",
   "image": {
    "contextLink": "http://adelandia.go.gov.br/uploads/transparencia/3/21b69cc3ce06f6730b51f0f577c1a9e9.pdf",
    "height": 3438,
    "width": 2410,
    "byteSize": 1439629,
    "thumbnailLink": "https://encrypted-tbn0.gstatic.com/images?q=tbn:ANd9GcSUveovv7fQ3SEbOvdgGQfY1lqNBcErW2p8JAvUmk3lgswH2IKsgZCep_PH",
    "thumbnailHeight": 150,
    "thumbnailWidth": 105
   }
  }
 ]
}
