{
 "kind": "customsearch#search",
 "url": {
  "type": "application/json",
  "template": "https://www.googleapis.com/customsearch/v1?q={searchTerms}&num={count?}&start={startIndex?}&lr={language?}&safe={safe?}&cx={cx?}&sort={sort?}&filter={filter?}&gl={gl?}&cr={cr?}&googlehost={googleHost?}&c2coff={disableCnTwTranslation?}&hq={hq?}&hl={hl?}&siteSearch={siteSearch?}&siteSearchFilter={siteSearchFilter?}&exactTerms={exactTerms?}&excludeTerms={excludeTerms?}&linkSite={linkSite?}&orTerms={orTerms?}&relatedSite={relatedSite?}&dateRestrict={dateRestrict?}&lowRange={lowRange?}&highRange={highRange?}&searchType={searchType}&fileType={fileType?}&rights={rights?}&imgSize={imgSize?}&imgType={imgType?}&imgColorType={imgColorType?}&imgDominantColor={imgDominantColor?}&alt=json"
 },
 "queries": {
  "request": [
   {
    "title": "Google Custom Search - \"JORGE DOS SANTOS AMARO\"",
    "totalResults": "1640",
    "searchTerms": "\"JORGE DOS SANTOS AMARO\"",
    "count": 10,
    "startIndex": 1,
    "inputEncoding": "utf8",
    "outputEncoding": "utf8",
    "safe": "off",
    "cx": "014097292584411445814:sh5uhwve2ei",
    "searchType": "image"
   }
  ],
  "nextPage": [
   {
    "title": "Google Custom Search - \"JORGE DOS SANTOS AMARO\"",
    "totalResults": "1640",
    "searchTerms": "\"JORGE DOS SANTOS AMARO\"",
    "count": 10,
    "startIndex": 11,
    "inputEncoding": "utf8",
    "outputEncoding": "utf8",
    "safe": "off",
    "cx": "014097292584411445814:sh5uhwve2ei",
    "searchType": "image"
   }
  ]
 },
 "context": {
  "title": "Eleitos"
 },
 "searchInformation": {
  "searchTime": 0.154025,
  "formattedSearchTime": "0.15",
  "totalResults": "1640",
  "formattedTotalResults": "1,640"
 },
 "items": [
  {
   "kind": "customsearch#result",
   "title": "Jorge Amaro 10456 PRB (Vereador) Águas Lindas de Goiás - Guia ...",
   "htmlTitle": "Jorge Amaro 10456 PRB (Vereador) Águas Lindas de Goiás - Guia ...",
   "link": "https://gazetadopovo-candidatos-2016.s3.amazonaws.com/fotos/santinhos/go/aguas-lindas-de-goias/santinho-vereador-jorge-amaro-10456-aguas-lindas-de-goias-go.jpg",
   "displayLink": "especiais.gazetadopovo.com.br",
   "snippet": "Jorge Amaro 10456 PRB (Vereador) Águas Lindas de Goiás - Guia ...",
   "htmlSnippet": "Jorge Amaro 10456 PRB (Vereador) Águas Lindas de Goiás - Guia ...",
   "mime": "image/jpeg",
   "image": {
    "contextLink": "https://especiais.gazetadopovo.com.br/eleicoes/2016/aguas-lindas-de-goias-go/vereador/jorge-amaro-10456/",
    "height": 339,
    "width": 646,
    "byteSize": 18476,
    "thumbnailLink": "https://encrypted-tbn0.gstatic.com/images?q=tbn:ANd9GcQYgCqfMWKEmIvur_QllNN1rZpsNLjLQ5f4oMItnjwx90tWpZC9Av4ZtrI",
    "thumbnailHeight": 72,
    "thumbnailWidth": 137
   }
  },
  {
   "kind": "customsearch#result",
   "title": "PROGRESSÃO VERTICAL PARA TÉCNICO DE LIMPEZA E SERVIÇOS URBANOS ...",
   "htmlTitle": "PROGRESSÃO VERTICAL PARA TÉCNICO DE LIMPEZA E SERVIÇOS URBANOS ...",
   "link": "x-raw-image:///edd33962cc9d7bb3ef2efe312815522bff548200e2f6ed66db13679e64a7e5cf",
   "displayLink": "www.rio.rj.gov.br",
   "snippet": "PROGRESSÃO VERTICAL PARA TÉCNICO DE LIMPEZA E SERVIÇOS URBANOS ...",
   "htmlSnippet": "PROGRESSÃO VERTICAL PARA TÉCNICO DE LIMPEZA E SERVIÇOS URBANOS ...",
   "mime": "image/",
   "image": {
    "contextLink": "http://www.rio.rj.gov.br/documents/91370/1017211/PV2017-Convoca-TLSU.pdf?version=1.0",
    "height": 154,
    "width": 1283,
    "byteSize": 152061,
    "thumbnailLink": "https://encrypted-tbn0.gstatic.com/images?q=tbn:ANd9GcSX-F6RukKT8_Qg7yS7pm_r2nLguVM6dzaW9PR5-Oh8GH01xYqj0I2McDM",
    "thumbnailHeight": 18,
    "thumbnailWidth": 150
   }
  },
  {
   "kind": "customsearch#result",
   "title": "Jorge Amaro 10456 PRB (Vereador) Águas Lindas de Goiás - Guia ...",
   "htmlTitle": "Jorge Amaro 10456 PRB (Vereador) Águas Lindas de Goiás - Guia ...",
   "link": "https://gazetadopovo-candidatos-2016.s3.amazonaws.com/fotos/go/aguas-lindas-de-goias/jorge-amaro-10456.jpg",
   "displayLink": "especiais.gazetadopovo.com.br",
   "snippet": "Jorge Amaro 10456 PRB (Vereador) Águas Lindas de Goiás - Guia ...",
   "htmlSnippet": "Jorge Amaro 10456 PRB (Vereador) Águas Lindas de Goiás - Guia ...",
   "mime": "image/jpeg",
   "image": {
    "contextLink": "https://especiais.gazetadopovo.com.br/eleicoes/2016/aguas-lindas-de-goias-go/vereador/jorge-amaro-10456/",
    "height": 225,
    "width": 161,
    "byteSize": 4140,
    "thumbnailLink": "https://encrypted-tbn0.gstatic.com/images?q=tbn:ANd9GcTsSEndDl0kWapR9D2Gd6JTbIIKEHNokqiRRWqXWbK3EGCwEhN6kFTyIA",
    "thumbnailHeight": 108,
    "thumbnailWidth": 77
   }
  },
  {
   "kind": "customsearch#result",
   "title": "Amor Por Águas Lindas - Publicações | Facebook",
   "htmlTitle": "Amor Por Águas Lindas - Publicações | Facebook",
   "link": "https://lookaside.fbsbx.com/lookaside/crawler/media/?media_id=877549225698373",
   "displayLink": "pt-br.facebook.com",
   "snippet": "Amor Por Águas Lindas - Publicações | Facebook",
   "htmlSnippet": "Amor Por Águas Lindas - Publicações | Facebook",
   "mime": "image/",
   "image": {
    "contextLink": "https://pt-br.facebook.com/Amor-Por-%C3%81guas-Lindas-877549225698373/posts/",
    "height": 959,
    "width": 960,
    "byteSize": 253347,
    "thumbnailLink": "https://encrypted-tbn0.gstatic.com/images?q=tbn:ANd9GcSFiHMIHijlcbFHXwfdSfjzqsb6ISEtIepH63NEy5PRHxVcQ3Xb1OH2w8B2bw",
    "thumbnailHeight": 148,
    "thumbnailWidth": 148
   }
  },
  {
   "kind": "customsearch#result",
   "title": "Jorge Amaro 10456 PRB (Vereador) Águas Lindas de Goiás - Guia ...",
   "htmlTitle": "Jorge Amaro 10456 PRB (Vereador) Águas Lindas de Goiás - Guia ...",
   "link": "https://gazetadopovo-candidatos-2016.s3.amazonaws.com/fotos/go/aguas-lindas-de-goias/enfermeira-sueli-10101.jpg",
   "displayLink": "especiais.gazetadopovo.com.br",
   "snippet": "Jorge Amaro 10456 PRB (Vereador) Águas Lindas de Goiás - Guia ...",
   "htmlSnippet": "Jorge Amaro 10456 PRB (Vereador) Águas Lindas de Goiás - Guia ...",
   "mime": "image/jpeg",
   "image": {
    "contextLink": "https://especiais.gazetadopovo.com.br/eleicoes/2016/aguas-lindas-de-goias-go/vereador/jorge-amaro-10456/",
    "height": 225,
    "width": 161,
    "byteSize": 5464,
    "thumbnailLink": "https://encrypted-tbn0.gstatic.com/images?q=tbn:ANd9GcR4_hRBklcbU3nN1wUFV0bDneC-75J23bAwdwMEDmwFAgM3R75UKHiPic4",
    "thumbnailHeight": 108,
    "thumbnailWidth": 77
   }
  },
  {
   "kind": "customsearch#result",
   "title": "Amor Por Águas Lindas - Publicações | Facebook",
   "htmlTitle": "Amor Por Águas Lindas - Publicações | Facebook",
   "link": "https://lookaside.fbsbx.com/lookaside/crawler/media/?media_id=1923454987774453",
   "displayLink": "pt-br.facebook.com",
   "snippet": "Amor Por Águas Lindas - Publicações | Facebook",
   "htmlSnippet": "Amor Por Águas Lindas - Publicações | Facebook",
   "mime": "image/",
   "image": {
    "contextLink": "https://pt-br.facebook.com/Amor-Por-%C3%81guas-Lindas-877549225698373/posts/",
    "height": 480,
    "width": 480,
    "byteSize": 43832,
    "thumbnailLink": "https://encrypted-tbn0.gstatic.com/images?q=tbn:ANd9GcQeGqqNYWNrjEMGqd33Qr8bESPiC1n98_yUoHYORn6aN1oYeGAou1gC1ZmCbw",
    "thumbnailHeight": 129,
    "thumbnailWidth": 129
   }
  },
  {
   "kind": "customsearch#result",
   "title": "Jorge Amaro 10456 PRB (Vereador) Águas Lindas de Goiás - Guia ...",
   "htmlTitle": "Jorge Amaro 10456 PRB (Vereador) Águas Lindas de Goiás - Guia ...",
   "link": "https://gazetadopovo-candidatos-2016.s3.amazonaws.com/fotos/go/aguas-lindas-de-goias/agda-10157.jpg",
   "displayLink": "especiais.gazetadopovo.com.br",
   "snippet": "Jorge Amaro 10456 PRB (Vereador) Águas Lindas de Goiás - Guia ...",
   "htmlSnippet": "Jorge Amaro 10456 PRB (Vereador) Águas Lindas de Goiás - Guia ...",
   "mime": "image/jpeg",
   "image": {
    "contextLink": "https://especiais.gazetadopovo.com.br/eleicoes/2016/aguas-lindas-de-goias-go/vereador/jorge-amaro-10456/",
    "height": 225,
    "width": 161,
    "byteSize": 6088,
    "thumbnailLink": "https://encrypted-tbn0.gstatic.com/images?q=tbn:ANd9GcRxH9tRDShy1n2wflCh5eFUU323N3XlV6ABR9mcfRGD3w9bDkkEaqZSMw",
    "thumbnailHeight": 108,
    "thumbnailWidth": 77
   }
  },
  {
   "kind": "customsearch#result",
   "title": "Jorge Amaro 10456 PRB (Vereador) Águas Lindas de Goiás - Guia ...",
   "htmlTitle": "Jorge Amaro 10456 PRB (Vereador) Águas Lindas de Goiás - Guia ...",
   "link": "https://gazetadopovo-candidatos-2016.s3.amazonaws.com/fotos/go/aguas-lindas-de-goias/irma-selma-10277.jpg",
   "displayLink": "especiais.gazetadopovo.com.br",
   "snippet": "Jorge Amaro 10456 PRB (Vereador) Águas Lindas de Goiás - Guia ...",
   "htmlSnippet": "Jorge Amaro 10456 PRB (Vereador) Águas Lindas de Goiás - Guia ...",
   "mime": "image/jpeg",
   "image": {
    "contextLink": "https://especiais.gazetadopovo.com.br/eleicoes/2016/aguas-lindas-de-goias-go/vereador/jorge-amaro-10456/",
    "height": 225,
    "width": 161,
    "byteSize": 4348,
    "thumbnailLink": "https://encrypted-tbn0.gstatic.com/images?q=tbn:ANd9GcSh2WPngW7cqDgJj07HNr-frk1ps8k94JLWY0Z1FP6a28OJEnMm6i6rlKQ",
    "thumbnailHeight": 108,
    "thumbnailWidth": 77
   }
  },
  {
   "kind": "customsearch#result",
   "title": "Jorge Amaro 10456 PRB (Vereador) Águas Lindas de Goiás - Guia ...",
   "htmlTitle": "Jorge Amaro 10456 PRB (Vereador) Águas Lindas de Goiás - Guia ...",
   "link": "https://gazetadopovo-candidatos-2016.s3.amazonaws.com/fotos/go/aguas-lindas-de-goias/andre-cavalcante-10222.jpg",
   "displayLink": "especiais.gazetadopovo.com.br",
   "snippet": "Jorge Amaro 10456 PRB (Vereador) Águas Lindas de Goiás - Guia ...",
   "htmlSnippet": "Jorge Amaro 10456 PRB (Vereador) Águas Lindas de Goiás - Guia ...",
   "mime": "image/jpeg",
   "image": {
    "contextLink": "https://especiais.gazetadopovo.com.br/eleicoes/2016/aguas-lindas-de-goias-go/vereador/jorge-amaro-10456/",
    "height": 225,
    "width": 161,
    "byteSize": 4476,
    "thumbnailLink": "https://encrypted-tbn0.gstatic.com/images?q=tbn:ANd9GcSLzRgz_EKBvZDML5djwmQlrMKcNGgHjMmHuODvhKg9dDNmIyntwOpo968",
    "thumbnailHeight": 108,
    "thumbnailWidth": 77
   }
  },
  {
   "kind": "customsearch#result",
   "title": "Jorge Amaro 10456 PRB (Vereador) Águas Lindas de Goiás - Guia ...",
   "htmlTitle": "Jorge Amaro 10456 PRB (Vereador) Águas Lindas de Goiás - Guia ...",
   "link": "https://gazetadopovo-candidatos-2016.s3.amazonaws.com/fotos/go/aguas-lindas-de-goias/pastor-jo-do-supletivo-10001.jpg",
   "displayLink": "especiais.gazetadopovo.com.br",
   "snippet": "Jorge Amaro 10456 PRB (Vereador) Águas Lindas de Goiás - Guia ...",
   "htmlSnippet": "Jorge Amaro 10456 PRB (Vereador) Águas Lindas de Goiás - Guia ...",
   "mime": "image/jpeg",
   "image": {
    "contextLink": "https://especiais.gazetadopovo.com.br/eleicoes/2016/aguas-lindas-de-goias-go/vereador/jorge-amaro-10456/",
    "height": 225,
    "width": 161,
    "byteSize": 5073,
    "thumbnailLink": "https://encrypted-tbn0.gstatic.com/images?q=tbn:ANd9GcTd6PSvL2is7ppgh9Vno6oiZeH4Qks4AJpCIRSi9KUkRFpvuUPV49OXJD8",
    "thumbnailHeight": 108,
    "thumbnailWidth": 77
   }
  }
 ]
}
