{
 "kind": "customsearch#search",
 "url": {
  "type": "application/json",
  "template": "https://www.googleapis.com/customsearch/v1?q={searchTerms}&num={count?}&start={startIndex?}&lr={language?}&safe={safe?}&cx={cx?}&sort={sort?}&filter={filter?}&gl={gl?}&cr={cr?}&googlehost={googleHost?}&c2coff={disableCnTwTranslation?}&hq={hq?}&hl={hl?}&siteSearch={siteSearch?}&siteSearchFilter={siteSearchFilter?}&exactTerms={exactTerms?}&excludeTerms={excludeTerms?}&linkSite={linkSite?}&orTerms={orTerms?}&relatedSite={relatedSite?}&dateRestrict={dateRestrict?}&lowRange={lowRange?}&highRange={highRange?}&searchType={searchType}&fileType={fileType?}&rights={rights?}&imgSize={imgSize?}&imgType={imgType?}&imgColorType={imgColorType?}&imgDominantColor={imgDominantColor?}&alt=json"
 },
 "queries": {
  "request": [
   {
    "title": "Google Custom Search - \"JOSE APARECIDO ALVES DINIZ\"",
    "totalResults": "2370",
    "searchTerms": "\"JOSE APARECIDO ALVES DINIZ\"",
    "count": 10,
    "startIndex": 1,
    "inputEncoding": "utf8",
    "outputEncoding": "utf8",
    "safe": "off",
    "cx": "014097292584411445814:sh5uhwve2ei",
    "searchType": "image"
   }
  ],
  "nextPage": [
   {
    "title": "Google Custom Search - \"JOSE APARECIDO ALVES DINIZ\"",
    "totalResults": "2370",
    "searchTerms": "\"JOSE APARECIDO ALVES DINIZ\"",
    "count": 10,
    "startIndex": 11,
    "inputEncoding": "utf8",
    "outputEncoding": "utf8",
    "safe": "off",
    "cx": "014097292584411445814:sh5uhwve2ei",
    "searchType": "image"
   }
  ]
 },
 "context": {
  "title": "Eleitos"
 },
 "searchInformation": {
  "searchTime": 0.306607,
  "formattedSearchTime": "0.31",
  "totalResults": "2370",
  "formattedTotalResults": "2,370"
 },
 "items": [
  {
   "kind": "customsearch#result",
   "title": "Ze Diniz 55 PSD (Prefeito) Abadiânia - Guia Eleições 2016",
   "htmlTitle": "Ze Diniz 55 PSD (Prefeito) Abadiânia - Guia Eleições 2016",
   "link": "https://gazetadopovo-candidatos-2016.s3.amazonaws.com/fotos/santinhos/go/abadiania/santinho-prefeito-ze-diniz-55-abadiania-go.jpg",
   "displayLink": "especiais.gazetadopovo.com.br",
   "snippet": "Ze Diniz 55 PSD (Prefeito) Abadiânia - Guia Eleições 2016",
   "htmlSnippet": "Ze Diniz 55 PSD (Prefeito) Abadiânia - Guia Eleições 2016",
   "mime": "image/jpeg",
   "image": {
    "contextLink": "https://especiais.gazetadopovo.com.br/eleicoes/2016/abadiania-go/prefeito/ze-diniz-55/",
    "height": 339,
    "width": 646,
    "byteSize": 17161,
    "thumbnailLink": "https://encrypted-tbn0.gstatic.com/images?q=tbn:ANd9GcRtYF5gpMJ3BJsGbNt0P1ULyfaFTwshf2sflghbpXRqwXbTklelO19CUZI",
    "thumbnailHeight": 72,
    "thumbnailWidth": 137
   }
  },
  {
   "kind": "customsearch#result",
   "title": "Courts decree the arrest of medium João de Deus | Texto em inglês ...",
   "htmlTitle": "Courts decree the arrest of medium João de Deus | Texto em inglês ...",
   "link": "https://s3.amazonaws.com/static-wiseup-blog.gazetadopovo.com.br/wp-content/uploads/2018/12/11142457/000_Mvd6269835-688x400.jpg",
   "displayLink": "www.gazetadopovo.com.br",
   "snippet": "Courts decree the arrest of medium João de Deus | Texto em inglês ...",
   "htmlSnippet": "Courts decree the arrest of medium João de Deus | Texto em inglês ...",
   "mime": "image/jpeg",
   "image": {
    "contextLink": "https://www.gazetadopovo.com.br/wiseup-news/courts-decree-the-arrest-of-medium-joao-de-deus/",
    "height": 400,
    "width": 688,
    "byteSize": 39937,
    "thumbnailLink": "https://encrypted-tbn0.gstatic.com/images?q=tbn:ANd9GcTYn3UhRB-2x596-NmFUtnDtcxofx1CylTkgcnuhoWiy0O697CJ0Bvx4QQ",
    "thumbnailHeight": 81,
    "thumbnailWidth": 139
   }
  },
  {
   "kind": "customsearch#result",
   "title": "Ze Diniz 55 PSD (Prefeito) Abadiânia - Guia Eleições 2016",
   "htmlTitle": "Ze Diniz 55 PSD (Prefeito) Abadiânia - Guia Eleições 2016",
   "link": "https://gazetadopovo-candidatos-2016.s3.amazonaws.com/fotos/go/abadiania/ze-diniz-55.jpg",
   "displayLink": "especiais.gazetadopovo.com.br",
   "snippet": "Ze Diniz 55 PSD (Prefeito) Abadiânia - Guia Eleições 2016",
   "htmlSnippet": "Ze Diniz 55 PSD (Prefeito) Abadiânia - Guia Eleições 2016",
   "mime": "image/jpeg",
   "image": {
    "contextLink": "https://especiais.gazetadopovo.com.br/eleicoes/2016/abadiania-go/prefeito/ze-diniz-55/",
    "height": 225,
    "width": 161,
    "byteSize": 4863,
    "thumbnailLink": "https://encrypted-tbn0.gstatic.com/images?q=tbn:ANd9GcRv72QJOxUc22JK3-C9KxYRtFlJv5uv4gN5Eu8rSi9uBvONO7ZyBDXRvM4",
    "thumbnailHeight": 108,
    "thumbnailWidth": 77
   }
  },
  {
   "kind": "customsearch#result",
   "title": "SUDECO",
   "htmlTitle": "SUDECO",
   "link": "http://www.sudeco.gov.br/documents/20182/23254/Foto+de+dentro.JPG/1362beda-1ab4-4308-ac2f-290f24e5983f?t=1500408745450",
   "displayLink": "www.sudeco.gov.br",
   "snippet": "SUDECO",
   "htmlSnippet": "SUDECO",
   "mime": "image/",
   "image": {
    "contextLink": "http://www.sudeco.gov.br/noticias-home/-/asset_publisher/zcoQBHd6z5SQ/content/sudeco-garante-portas-abertas-para-prefeitos-na-ride-e-amab?inheritRedirect=false",
    "height": 519,
    "width": 778,
    "byteSize": 152152,
    "thumbnailLink": "https://encrypted-tbn0.gstatic.com/images?q=tbn:ANd9GcT-UxS3aClWyzFI8kGwcyUdqdECjO51rwNceJhcoa7ryCpn51CXV7-Yml8",
    "thumbnailHeight": 95,
    "thumbnailWidth": 142
   }
  },
  {
   "kind": "customsearch#result",
   "title": "Ze Diniz 55 PSD (Prefeito) Abadiânia - Guia Eleições 2016",
   "htmlTitle": "Ze Diniz 55 PSD (Prefeito) Abadiânia - Guia Eleições 2016",
   "link": "https://gazetadopovo-candidatos-2016.s3.amazonaws.com/fotos/go/abadiania/jose-nilton-do-acougue-55555.jpg",
   "displayLink": "especiais.gazetadopovo.com.br",
   "snippet": "Ze Diniz 55 PSD (Prefeito) Abadiânia - Guia Eleições 2016",
   "htmlSnippet": "Ze Diniz 55 PSD (Prefeito) Abadiânia - Guia Eleições 2016",
   "mime": "image/jpeg",
   "image": {
    "contextLink": "https://especiais.gazetadopovo.com.br/eleicoes/2016/abadiania-go/prefeito/ze-diniz-55/",
    "height": 225,
    "width": 161,
    "byteSize": 4478,
    "thumbnailLink": "https://encrypted-tbn0.gstatic.com/images?q=tbn:ANd9GcS4yfBpzeTbHPt5wNfAKc6riGXH5T2J0CRXsiPQ-qHWjCmjzBz3XAzoMQ",
    "thumbnailHeight": 108,
    "thumbnailWidth": 77
   }
  },
  {
   "kind": "customsearch#result",
   "title": "Courts decree the arrest of medium João de Deus | Texto em inglês ...",
   "htmlTitle": "Courts decree the arrest of medium João de Deus | Texto em inglês ...",
   "link": "https://s3.amazonaws.com/static-wiseup-blog.gazetadopovo.com.br/wp-content/uploads/2018/12/11142457/000_Mvd6269835.jpg",
   "displayLink": "www.gazetadopovo.com.br",
   "snippet": "Courts decree the arrest of medium João de Deus | Texto em inglês ...",
   "htmlSnippet": "Courts decree the arrest of medium João de Deus | Texto em inglês ...",
   "mime": "image/jpeg",
   "image": {
    "contextLink": "https://www.gazetadopovo.com.br/wiseup-news/courts-decree-the-arrest-of-medium-joao-de-deus/",
    "height": 684,
    "width": 1024,
    "byteSize": 133537,
    "thumbnailLink": "https://encrypted-tbn0.gstatic.com/images?q=tbn:ANd9GcTlFfo2d3E1nNlq87HqbDFKZRhFah7ijo-02mFUK3Vi_BHlTzS54GCoqwY",
    "thumbnailHeight": 100,
    "thumbnailWidth": 150
   }
  },
  {
   "kind": "customsearch#result",
   "title": "Ze Diniz 55 PSD (Prefeito) Abadiânia - Guia Eleições 2016",
   "htmlTitle": "Ze Diniz 55 PSD (Prefeito) Abadiânia - Guia Eleições 2016",
   "link": "https://gazetadopovo-candidatos-2016.s3.amazonaws.com/fotos/go/abadiania/carlinho-rabelo-55123.jpg",
   "displayLink": "especiais.gazetadopovo.com.br",
   "snippet": "Ze Diniz 55 PSD (Prefeito) Abadiânia - Guia Eleições 2016",
   "htmlSnippet": "Ze Diniz 55 PSD (Prefeito) Abadiânia - Guia Eleições 2016",
   "mime": "image/jpeg",
   "image": {
    "contextLink": "https://especiais.gazetadopovo.com.br/eleicoes/2016/abadiania-go/prefeito/ze-diniz-55/",
    "height": 225,
    "width": 161,
    "byteSize": 4012,
    "thumbnailLink": "https://encrypted-tbn0.gstatic.com/images?q=tbn:ANd9GcSfK3zofKUTse28K41Q7kqu9msQfxKpQ9e80GjW5xQxXE51X9ZJQW2mPQ",
    "thumbnailHeight": 108,
    "thumbnailWidth": 77
   }
  },
  {
   "kind": "customsearch#result",
   "title": "Conselhos Tutelares - Assembleia Legislativa do Estado de Goiás",
   "htmlTitle": "Conselhos Tutelares - Assembleia Legislativa do Estado de Goiás",
   "link": "https://portal.al.go.leg.br/imagens/miniatura/d/32031/a/646868/w/1024/h/648/",
   "displayLink": "portal.al.go.leg.br",
   "snippet": "Conselhos Tutelares - Assembleia Legislativa do Estado de Goiás",
   "htmlSnippet": "Conselhos Tutelares - Assembleia Legislativa do Estado de Goiás",
   "mime": "image/",
   "image": {
    "contextLink": "https://portal.al.go.leg.br/noticias/ver/id/157886/tipo/especial/conselhos+tutelares+",
    "height": 648,
    "width": 1024,
    "byteSize": 82915,
    "thumbnailLink": "https://encrypted-tbn0.gstatic.com/images?q=tbn:ANd9GcQ_FYV5pbDIcGVKfVMu53VqDhP7criGWgb5x2e6dqCsGk4gOz9hiugD4zs",
    "thumbnailHeight": 95,
    "thumbnailWidth": 150
   }
  },
  {
   "kind": "customsearch#result",
   "title": "Ze Diniz 55 PSD (Prefeito) Abadiânia - Guia Eleições 2016",
   "htmlTitle": "Ze Diniz 55 PSD (Prefeito) Abadiânia - Guia Eleições 2016",
   "link": "https://gazetadopovo-candidatos-2016.s3.amazonaws.com/fotos/go/abadiania/debora-goncalves-55111.jpg",
   "displayLink": "especiais.gazetadopovo.com.br",
   "snippet": "Ze Diniz 55 PSD (Prefeito) Abadiânia - Guia Eleições 2016",
   "htmlSnippet": "Ze Diniz 55 PSD (Prefeito) Abadiânia - Guia Eleições 2016",
   "mime": "image/jpeg",
   "image": {
    "contextLink": "https://especiais.gazetadopovo.com.br/eleicoes/2016/abadiania-go/prefeito/ze-diniz-55/",
    "height": 225,
    "width": 161,
    "byteSize": 4426,
    "thumbnailLink": "https://encrypted-tbn0.gstatic.com/images?q=tbn:ANd9GcQqHghLjgGEj0rEwB17GLWG2TZwFIzNDihf2e2AxyET0FT_hKGHRwed3A",
    "thumbnailHeight": 108,
    "thumbnailWidth": 77
   }
  },
  {
   "kind": "customsearch#result",
   "title": "PODER LEGISLATIVO",
   "htmlTitle": "PODER LEGISLATIVO",
   "link": "x-raw-image:///09e02477928cda1e587b7b407d46e03bb109606d5cfc68df2a582763bb4e8c15",
   "displayLink": "www.abadiania.go.leg.br",
   "snippet": "PODER LEGISLATIVO",
   "htmlSnippet": "PODER LEGISLATIVO",
   "mime": "image/",
   "image": {
    "contextLink": "http://www.abadiania.go.leg.br/processo-legislativo/trabalho-legislativo-2017/pautas-ordinarias/fevereiro/pauta-3a-sessao",
    "height": 334,
    "width": 333,
    "byteSize": 157545,
    "thumbnailLink": "https://encrypted-tbn0.gstatic.com/images?q=tbn:ANd9GcRbOHP_RHblhEf1ffG31olaL6PiazrZt1yGzQ7NBsFIDjQhx7yylpZj1g",
    "thumbnailHeight": 119,
    "thumbnailWidth": 119
   }
  }
 ]
}
