{
 "kind": "customsearch#search",
 "url": {
  "type": "application/json",
  "template": "https://www.googleapis.com/customsearch/v1?q={searchTerms}&num={count?}&start={startIndex?}&lr={language?}&safe={safe?}&cx={cx?}&sort={sort?}&filter={filter?}&gl={gl?}&cr={cr?}&googlehost={googleHost?}&c2coff={disableCnTwTranslation?}&hq={hq?}&hl={hl?}&siteSearch={siteSearch?}&siteSearchFilter={siteSearchFilter?}&exactTerms={exactTerms?}&excludeTerms={excludeTerms?}&linkSite={linkSite?}&orTerms={orTerms?}&relatedSite={relatedSite?}&dateRestrict={dateRestrict?}&lowRange={lowRange?}&highRange={highRange?}&searchType={searchType}&fileType={fileType?}&rights={rights?}&imgSize={imgSize?}&imgType={imgType?}&imgColorType={imgColorType?}&imgDominantColor={imgDominantColor?}&alt=json"
 },
 "queries": {
  "request": [
   {
    "title": "Google Custom Search - \"JOSE MOREIRA DA SILVA\"",
    "totalResults": "54000",
    "searchTerms": "\"JOSE MOREIRA DA SILVA\"",
    "count": 10,
    "startIndex": 1,
    "inputEncoding": "utf8",
    "outputEncoding": "utf8",
    "safe": "off",
    "cx": "014097292584411445814:sh5uhwve2ei",
    "searchType": "image"
   }
  ],
  "nextPage": [
   {
    "title": "Google Custom Search - \"JOSE MOREIRA DA SILVA\"",
    "totalResults": "54000",
    "searchTerms": "\"JOSE MOREIRA DA SILVA\"",
    "count": 10,
    "startIndex": 11,
    "inputEncoding": "utf8",
    "outputEncoding": "utf8",
    "safe": "off",
    "cx": "014097292584411445814:sh5uhwve2ei",
    "searchType": "image"
   }
  ]
 },
 "context": {
  "title": "Eleitos"
 },
 "searchInformation": {
  "searchTime": 0.326325,
  "formattedSearchTime": "0.33",
  "totalResults": "54000",
  "formattedTotalResults": "54,000"
 },
 "items": [
  {
   "kind": "customsearch#result",
   "title": "José Moreira da Silva | SMEd – Secretaria de Município da Educação",
   "htmlTitle": "\u003cb\u003eJosé Moreira da Silva\u003c/b\u003e | SMEd – Secretaria de Município da Educação",
   "link": "http://www.riogrande.rs.gov.br/smed/wp-content/uploads/2012/06/ARL-07-jose_moreira_da_silva.jpg",
   "displayLink": "www.riogrande.rs.gov.br",
   "snippet": "José Moreira da Silva | SMEd – Secretaria de Município da Educação",
   "htmlSnippet": "\u003cb\u003eJosé Moreira da Silva\u003c/b\u003e | SMEd – Secretaria de Município da Educação",
   "mime": "image/jpeg",
   "image": {
    "contextLink": "http://www.riogrande.rs.gov.br/smed/?page_id=4368",
    "height": 682,
    "width": 643,
    "byteSize": 27937,
    "thumbnailLink": "https://encrypted-tbn0.gstatic.com/images?q=tbn:ANd9GcT7wwr7u4beHMapz1oLg487XdDgy4ca6SPh3TtzZd1UK7GdDG8giidmdjmU",
    "thumbnailHeight": 139,
    "thumbnailWidth": 131
   }
  },
  {
   "kind": "customsearch#result",
   "title": "Maria Jose Moreira Da Silva Moreira - Home | Facebook",
   "htmlTitle": "Maria \u003cb\u003eJose Moreira Da Silva\u003c/b\u003e Moreira - Home | Facebook",
   "link": "https://lookaside.fbsbx.com/lookaside/crawler/media/?media_id=195149754421492",
   "displayLink": "www.facebook.com",
   "snippet": "Maria Jose Moreira Da Silva Moreira - Home | Facebook",
   "htmlSnippet": "Maria \u003cb\u003eJose Moreira Da Silva\u003c/b\u003e Moreira - Home | Facebook",
   "mime": "image/",
   "image": {
    "contextLink": "https://www.facebook.com/pages/category/Artist/Maria-Jose-Moreira-Da-Silva-Moreira-195149754421492/",
    "height": 720,
    "width": 720,
    "byteSize": 112625,
    "thumbnailLink": "https://encrypted-tbn0.gstatic.com/images?q=tbn:ANd9GcSXhiCXgQ6Egs7KmsY2WnA3WZjwm6RiqEHqDaLUhFTb6dXphFOLoD5WtppRWQ",
    "thumbnailHeight": 140,
    "thumbnailWidth": 140
   }
  },
  {
   "kind": "customsearch#result",
   "title": "www.cachoeiro.es.gov.br - /iptu/enderecooficial/ELPIDIO VOLPINI/",
   "htmlTitle": "www.cachoeiro.es.gov.br - /iptu/enderecooficial/ELPIDIO VOLPINI/",
   "link": "http://www.cachoeiro.es.gov.br/iptu/enderecooficial/ELPIDIO%20VOLPINI/JOSE%20MOREIRA%20DA%20SILVA.bmp",
   "displayLink": "www.cachoeiro.es.gov.br",
   "snippet": "www.cachoeiro.es.gov.br - /iptu/enderecooficial/ELPIDIO VOLPINI/",
   "htmlSnippet": "www.cachoeiro.es.gov.br - /iptu/enderecooficial/ELPIDIO VOLPINI/",
   "mime": "image/bmp",
   "image": {
    "contextLink": "http://www.cachoeiro.es.gov.br/iptu/enderecooficial/ELPIDIO%20VOLPINI/",
    "height": 668,
    "width": 1225,
    "byteSize": 2455622,
    "thumbnailLink": "https://encrypted-tbn0.gstatic.com/images?q=tbn:ANd9GcTuuyGbAYYvgKmKKAx3QkrbHGeJegEDSAleFFdLMsHTKuAttXc5C8a5W6Q",
    "thumbnailHeight": 82,
    "thumbnailWidth": 150
   }
  },
  {
   "kind": "customsearch#result",
   "title": "José Moreira da Silva - Home | Facebook",
   "htmlTitle": "\u003cb\u003eJosé Moreira da Silva\u003c/b\u003e - Home | Facebook",
   "link": "https://lookaside.fbsbx.com/lookaside/crawler/media/?media_id=361555447930169",
   "displayLink": "www.facebook.com",
   "snippet": "José Moreira da Silva - Home | Facebook",
   "htmlSnippet": "\u003cb\u003eJosé Moreira da Silva\u003c/b\u003e - Home | Facebook",
   "mime": "image/",
   "image": {
    "contextLink": "https://www.facebook.com/vidaeversosmoreirinha",
    "height": 797,
    "width": 797,
    "byteSize": 118892,
    "thumbnailLink": "https://encrypted-tbn0.gstatic.com/images?q=tbn:ANd9GcRJ8li6qTPp4nzY0_oCsp3xsjifMXfDb4XdQ9Bh4sNs0wCj6GpZD4S56Bwu",
    "thumbnailHeight": 143,
    "thumbnailWidth": 143
   }
  },
  {
   "kind": "customsearch#result",
   "title": "www.cachoeiro.es.gov.br - /iptu/enderecooficial/ELPIDIO VOLPINI/",
   "htmlTitle": "www.cachoeiro.es.gov.br - /iptu/enderecooficial/ELPIDIO VOLPINI/",
   "link": "http://www.cachoeiro.es.gov.br/iptu/enderecooficial/ELPIDIO%20VOLPINI/EUCLIDES%20BAPTISTA%20GOMES.bmp",
   "displayLink": "www.cachoeiro.es.gov.br",
   "snippet": "www.cachoeiro.es.gov.br - /iptu/enderecooficial/ELPIDIO VOLPINI/",
   "htmlSnippet": "www.cachoeiro.es.gov.br - /iptu/enderecooficial/ELPIDIO VOLPINI/",
   "mime": "image/bmp",
   "image": {
    "contextLink": "http://www.cachoeiro.es.gov.br/iptu/enderecooficial/ELPIDIO%20VOLPINI/",
    "height": 668,
    "width": 1225,
    "byteSize": 2455622,
    "thumbnailLink": "https://encrypted-tbn0.gstatic.com/images?q=tbn:ANd9GcStpmSTC4ob5bKnKE-2TUrCbWrJp4u6iG7oOJBJZ_dRDUTD4pwB9tZzoMdH",
    "thumbnailHeight": 82,
    "thumbnailWidth": 150
   }
  },
  {
   "kind": "customsearch#result",
   "title": "José Moreira da Silva - Home | Facebook",
   "htmlTitle": "\u003cb\u003eJosé Moreira da Silva\u003c/b\u003e - Home | Facebook",
   "link": "https://lookaside.fbsbx.com/lookaside/crawler/media/?media_id=375065343245846",
   "displayLink": "www.facebook.com",
   "snippet": "José Moreira da Silva - Home | Facebook",
   "htmlSnippet": "\u003cb\u003eJosé Moreira da Silva\u003c/b\u003e - Home | Facebook",
   "mime": "image/",
   "image": {
    "contextLink": "https://www.facebook.com/vidaeversosmoreirinha",
    "height": 800,
    "width": 800,
    "byteSize": 44158,
    "thumbnailLink": "https://encrypted-tbn0.gstatic.com/images?q=tbn:ANd9GcRj2dhz55azdjyS-Myh31h0hFgH1cE_Pe8AmzpSPiD9N-uAzXWxr_k-4kHh",
    "thumbnailHeight": 143,
    "thumbnailWidth": 143
   }
  },
  {
   "kind": "customsearch#result",
   "title": "www.cachoeiro.es.gov.br - /iptu/enderecooficial/ELPIDIO VOLPINI/",
   "htmlTitle": "www.cachoeiro.es.gov.br - /iptu/enderecooficial/ELPIDIO VOLPINI/",
   "link": "http://www.cachoeiro.es.gov.br/iptu/enderecooficial/ELPIDIO%20VOLPINI/JOSE%20AMARAL%2002.bmp",
   "displayLink": "www.cachoeiro.es.gov.br",
   "snippet": "www.cachoeiro.es.gov.br - /iptu/enderecooficial/ELPIDIO VOLPINI/",
   "htmlSnippet": "www.cachoeiro.es.gov.br - /iptu/enderecooficial/ELPIDIO VOLPINI/",
   "mime": "image/bmp",
   "image": {
    "contextLink": "http://www.cachoeiro.es.gov.br/iptu/enderecooficial/ELPIDIO%20VOLPINI/",
    "height": 668,
    "width": 1225,
    "byteSize": 2455622,
    "thumbnailLink": "https://encrypted-tbn0.gstatic.com/images?q=tbn:ANd9GcQ08c4EvPAnUegywxzSFQuPQhxm1mrcGd3EAJ6kWPcFxO7PyS4ZrFHhZUr9",
    "thumbnailHeight": 82,
    "thumbnailWidth": 150
   }
  },
  {
   "kind": "customsearch#result",
   "title": "Academia José Moreira da Silva - Porto, Portugal - School | Facebook",
   "htmlTitle": "Academia \u003cb\u003eJosé Moreira da Silva\u003c/b\u003e - Porto, Portugal - School | Facebook",
   "link": "https://lookaside.fbsbx.com/lookaside/crawler/media/?media_id=2023262844597370",
   "displayLink": "www.facebook.com",
   "snippet": "Academia José Moreira da Silva - Porto, Portugal - School | Facebook",
   "htmlSnippet": "Academia \u003cb\u003eJosé Moreira da Silva\u003c/b\u003e - Porto, Portugal - School | Facebook",
   "mime": "image/",
   "image": {
    "contextLink": "https://www.facebook.com/pages/Academia-Jos%C3%A9-Moreira-da-Silva/529611900389147",
    "height": 461,
    "width": 457,
    "byteSize": 44731,
    "thumbnailLink": "https://encrypted-tbn0.gstatic.com/images?q=tbn:ANd9GcR5YZqF0B0u95LjLL_wS8x60kZ1aT_E5qHBs_svKgip82Y6JkH0ubxOMb96",
    "thumbnailHeight": 128,
    "thumbnailWidth": 127
   }
  },
  {
   "kind": "customsearch#result",
   "title": "www.cachoeiro.es.gov.br - /iptu/enderecooficial/ELPIDIO VOLPINI/",
   "htmlTitle": "www.cachoeiro.es.gov.br - /iptu/enderecooficial/ELPIDIO VOLPINI/",
   "link": "http://www.cachoeiro.es.gov.br/iptu/enderecooficial/ELPIDIO%20VOLPINI/MARIA%20DA%20SILVA%20LE%2001.bmp",
   "displayLink": "www.cachoeiro.es.gov.br",
   "snippet": "www.cachoeiro.es.gov.br - /iptu/enderecooficial/ELPIDIO VOLPINI/",
   "htmlSnippet": "www.cachoeiro.es.gov.br - /iptu/enderecooficial/ELPIDIO VOLPINI/",
   "mime": "image/bmp",
   "image": {
    "contextLink": "http://www.cachoeiro.es.gov.br/iptu/enderecooficial/ELPIDIO%20VOLPINI/",
    "height": 668,
    "width": 1225,
    "byteSize": 2455622,
    "thumbnailLink": "https://encrypted-tbn0.gstatic.com/images?q=tbn:ANd9GcRo3k-yFSc1j11yoqnvgeTSuzIwFyvBygC0urseaOHyPWVQJP9tEsPZ6Eo",
    "thumbnailHeight": 82,
    "thumbnailWidth": 150
   }
  },
  {
   "kind": "customsearch#result",
   "title": "José Antonio Moreira da Silva - Home | Facebook",
   "htmlTitle": "José Antonio Moreira da Silva - Home | Facebook",
   "link": "https://lookaside.fbsbx.com/lookaside/crawler/media/?media_id=1879446052305740",
   "displayLink": "www.facebook.com",
   "snippet": "José Antonio Moreira da Silva - Home | Facebook",
   "htmlSnippet": "José Antonio Moreira da Silva - Home | Facebook",
   "mime": "image/",
   "image": {
    "contextLink": "https://www.facebook.com/Jos%C3%A9-Antonio-Moreira-da-Silva-1879446052305740/",
    "height": 597,
    "width": 597,
    "byteSize": 42844,
    "thumbnailLink": "https://encrypted-tbn0.gstatic.com/images?q=tbn:ANd9GcQR3I89NwBoZhfSWfjZj5FjUwXTVQr3xInSAuRoFURMQ9Uv7x9X000cAoL8",
    "thumbnailHeight": 135,
    "thumbnailWidth": 135
   }
  }
 ]
}
