{
 "kind": "customsearch#search",
 "url": {
  "type": "application/json",
  "template": "https://www.googleapis.com/customsearch/v1?q={searchTerms}&num={count?}&start={startIndex?}&lr={language?}&safe={safe?}&cx={cx?}&sort={sort?}&filter={filter?}&gl={gl?}&cr={cr?}&googlehost={googleHost?}&c2coff={disableCnTwTranslation?}&hq={hq?}&hl={hl?}&siteSearch={siteSearch?}&siteSearchFilter={siteSearchFilter?}&exactTerms={exactTerms?}&excludeTerms={excludeTerms?}&linkSite={linkSite?}&orTerms={orTerms?}&relatedSite={relatedSite?}&dateRestrict={dateRestrict?}&lowRange={lowRange?}&highRange={highRange?}&searchType={searchType}&fileType={fileType?}&rights={rights?}&imgSize={imgSize?}&imgType={imgType?}&imgColorType={imgColorType?}&imgDominantColor={imgDominantColor?}&alt=json"
 },
 "queries": {
  "request": [
   {
    "title": "Google Custom Search - \"JOSE ANTONIO DO PRADO\"",
    "totalResults": "60600",
    "searchTerms": "\"JOSE ANTONIO DO PRADO\"",
    "count": 10,
    "startIndex": 1,
    "inputEncoding": "utf8",
    "outputEncoding": "utf8",
    "safe": "off",
    "cx": "014097292584411445814:sh5uhwve2ei",
    "searchType": "image"
   }
  ],
  "nextPage": [
   {
    "title": "Google Custom Search - \"JOSE ANTONIO DO PRADO\"",
    "totalResults": "60600",
    "searchTerms": "\"JOSE ANTONIO DO PRADO\"",
    "count": 10,
    "startIndex": 11,
    "inputEncoding": "utf8",
    "outputEncoding": "utf8",
    "safe": "off",
    "cx": "014097292584411445814:sh5uhwve2ei",
    "searchType": "image"
   }
  ]
 },
 "context": {
  "title": "Eleitos"
 },
 "searchInformation": {
  "searchTime": 0.382233,
  "formattedSearchTime": "0.38",
  "totalResults": "60600",
  "formattedTotalResults": "60,600"
 },
 "items": [
  {
   "kind": "customsearch#result",
   "title": "Clarival do Prado Valladares",
   "htmlTitle": "Clarival do Prado Valladares",
   "link": "http://basilio.fundaj.gov.br/pesquisaescolar/images/stories/valladares.jpg",
   "displayLink": "basilio.fundaj.gov.br",
   "snippet": "Clarival do Prado Valladares",
   "htmlSnippet": "Clarival do Prado Valladares",
   "mime": "image/jpeg",
   "image": {
    "contextLink": "http://basilio.fundaj.gov.br/pesquisaescolar/index.php?option=com_content&view=article&id=788%3Aclarival-do-prado-valladares&catid=38%3Aletra-c&Itemid=1",
    "height": 767,
    "width": 629,
    "byteSize": 188267,
    "thumbnailLink": "https://encrypted-tbn0.gstatic.com/images?q=tbn:ANd9GcR1-d2dZ6TfIiwNsl4H-PawLIibg2b4SKf2w5h4S9xHAC7hBhJQcyO9-gE",
    "thumbnailHeight": 142,
    "thumbnailWidth": 116
   }
  },
  {
   "kind": "customsearch#result",
   "title": "José Antonio do Prado",
   "htmlTitle": "\u003cb\u003eJosé Antonio do Prado\u003c/b\u003e",
   "link": "http://objdigital.bn.br/objdigital2/acervo_digital/div_manuscritos/mss878122/mss878122.jpg",
   "displayLink": "bdlb.bn.gov.br",
   "snippet": "José Antonio do Prado",
   "htmlSnippet": "\u003cb\u003eJosé Antonio do Prado\u003c/b\u003e",
   "mime": "image/jpeg",
   "image": {
    "contextLink": "https://bdlb.bn.gov.br/acervo/handle/123456789/45688",
    "height": 2512,
    "width": 1851,
    "byteSize": 281721,
    "thumbnailLink": "https://encrypted-tbn0.gstatic.com/images?q=tbn:ANd9GcSDVpyjL5U5-thVen6MnAOzJ0QHnppVgF_NNyCxXu1WNPbAhmLNdJVsmWs",
    "thumbnailHeight": 150,
    "thumbnailWidth": 111
   }
  },
  {
   "kind": "customsearch#result",
   "title": "Enigma arts - Home | Facebook",
   "htmlTitle": "Enigma arts - Home | Facebook",
   "link": "https://lookaside.fbsbx.com/lookaside/crawler/media/?media_id=404077909716626",
   "displayLink": "www.facebook.com",
   "snippet": "Enigma arts - Home | Facebook",
   "htmlSnippet": "Enigma arts - Home | Facebook",
   "mime": "image/",
   "image": {
    "contextLink": "https://www.facebook.com/Enigma.arts1/?ref=py_c",
    "height": 899,
    "width": 915,
    "byteSize": 104123,
    "thumbnailLink": "https://encrypted-tbn0.gstatic.com/images?q=tbn:ANd9GcQaKSublxNlJMdBL13qFSyqXGASXDY1yMs7Zc2MN3iyKC2utfW5_qS531acuA",
    "thumbnailHeight": 144,
    "thumbnailWidth": 147
   }
  },
  {
   "kind": "customsearch#result",
   "title": "Untitled",
   "htmlTitle": "Untitled",
   "link": "x-raw-image:///a2828c32acc32060d8c858dfbb02d7621ee1070e83e586ee7d295598a52d8048",
   "displayLink": "salic.cultura.gov.br",
   "snippet": "Untitled",
   "htmlSnippet": "Untitled",
   "mime": "image/",
   "image": {
    "contextLink": "http://salic.cultura.gov.br/verprojetos/abrir?id=1906778",
    "height": 3504,
    "width": 2480,
    "byteSize": 3141318,
    "thumbnailLink": "https://encrypted-tbn0.gstatic.com/images?q=tbn:ANd9GcTnckxwhWQpK6vCOcgmGO2epb1IeCuALB3vsRsTaALBhTBWTpxEn4zQp3o",
    "thumbnailHeight": 150,
    "thumbnailWidth": 106
   }
  },
  {
   "kind": "customsearch#result",
   "title": "Tk santos modas. Fem & mas - Itaquaquecetuba | Facebook",
   "htmlTitle": "Tk santos modas. Fem &amp; mas - Itaquaquecetuba | Facebook",
   "link": "https://lookaside.fbsbx.com/lookaside/crawler/media/?media_id=507736686050400",
   "displayLink": "www.facebook.com",
   "snippet": "Tk santos modas. Fem & mas - Itaquaquecetuba | Facebook",
   "htmlSnippet": "Tk santos modas. Fem &amp; mas - Itaquaquecetuba | Facebook",
   "mime": "image/",
   "image": {
    "contextLink": "https://www.facebook.com/Thiagoks.modas/about/?ref=page_internal",
    "height": 546,
    "width": 960,
    "byteSize": 21592,
    "thumbnailLink": "https://encrypted-tbn0.gstatic.com/images?q=tbn:ANd9GcRMxU_NTdWHNQKrTPGpvo11OUMQSMvML8rMC1tBo3xGfH_9dVMkRnMaiQS-",
    "thumbnailHeight": 84,
    "thumbnailWidth": 148
   }
  },
  {
   "kind": "customsearch#result",
   "title": "Zé Carapô 27900 (DC) Deputado Estadual | Goiás | Eleições 2018",
   "htmlTitle": "Zé Carapô 27900 (DC) Deputado Estadual | Goiás | Eleições 2018",
   "link": "https://cdn-eleicoes.gazetadopovo.com.br/fotos/goias/deputado-estadual/ze-carapo-27900.jpg",
   "displayLink": "especiais.gazetadopovo.com.br",
   "snippet": "Zé Carapô 27900 (DC) Deputado Estadual | Goiás | Eleições 2018",
   "htmlSnippet": "Zé Carapô 27900 (DC) Deputado Estadual | Goiás | Eleições 2018",
   "mime": "image/jpeg",
   "image": {
    "contextLink": "https://especiais.gazetadopovo.com.br/eleicoes/2018/candidatos/go/deputado-estadual/ze-carapo-27900/",
    "height": 225,
    "width": 161,
    "byteSize": 5725,
    "thumbnailLink": "https://encrypted-tbn0.gstatic.com/images?q=tbn:ANd9GcT3TGXK8IjbAdBtf8Ft6yvQigb0Tu3fn-s9B64PhRzG7oihiEuqfqYc4g",
    "thumbnailHeight": 108,
    "thumbnailWidth": 77
   }
  },
  {
   "kind": "customsearch#result",
   "title": "Tk santos modas. Fem & mas - Itaquaquecetuba | Facebook",
   "htmlTitle": "Tk santos modas. Fem &amp; mas - Itaquaquecetuba | Facebook",
   "link": "https://lookaside.fbsbx.com/lookaside/crawler/media/?media_id=484293405061395",
   "displayLink": "www.facebook.com",
   "snippet": "Tk santos modas. Fem & mas - Itaquaquecetuba | Facebook",
   "htmlSnippet": "Tk santos modas. Fem &amp; mas - Itaquaquecetuba | Facebook",
   "mime": "image/",
   "image": {
    "contextLink": "https://www.facebook.com/Thiagoks.modas/about/?ref=page_internal",
    "height": 546,
    "width": 960,
    "byteSize": 24030,
    "thumbnailLink": "https://encrypted-tbn0.gstatic.com/images?q=tbn:ANd9GcR-rj2IOg5WLjaHKv1yJHE_XzemF1t74hQP6B_4ofWBbkJsV9gVjq5aZGM",
    "thumbnailHeight": 84,
    "thumbnailWidth": 148
   }
  },
  {
   "kind": "customsearch#result",
   "title": "CÂMARA MUNICIPAL DE MOREIRA SALES",
   "htmlTitle": "CÂMARA MUNICIPAL DE MOREIRA SALES",
   "link": "https://camaramoreirasales.pr.gov.br/temp/dcc6afe9d9bba2bf30eb3a145b26a096.png",
   "displayLink": "camaramoreirasales.pr.gov.br",
   "snippet": "CÂMARA MUNICIPAL DE MOREIRA SALES",
   "htmlSnippet": "CÂMARA MUNICIPAL DE MOREIRA SALES",
   "mime": "image/png",
   "image": {
    "contextLink": "https://camaramoreirasales.pr.gov.br/index2.php?pag=T1RjPU9EZz1PVFU9T0dFPU9EWT1PR0k9T1RZPU9XST0=&&idver=3&&idleg=1&tpBusca=indicacao",
    "height": 298,
    "width": 198,
    "byteSize": 84264,
    "thumbnailLink": "https://encrypted-tbn0.gstatic.com/images?q=tbn:ANd9GcQlpwRwcnMw6-fxykTVzRBrea_qFbdOa9KY7JDPJkmhdrfOWL18T_mCwKo",
    "thumbnailHeight": 116,
    "thumbnailWidth": 77
   }
  },
  {
   "kind": "customsearch#result",
   "title": "Always Shining's - Home | Facebook",
   "htmlTitle": "Always Shining&#39;s - Home | Facebook",
   "link": "https://lookaside.fbsbx.com/lookaside/crawler/media/?media_id=117479005845094",
   "displayLink": "www.facebook.com",
   "snippet": "Always Shining's - Home | Facebook",
   "htmlSnippet": "Always Shining&#39;s - Home | Facebook",
   "mime": "image/",
   "image": {
    "contextLink": "https://www.facebook.com/pages/category/Clothing-Store/Always-Shinings-117469782512683/",
    "height": 187,
    "width": 743,
    "byteSize": 6772,
    "thumbnailLink": "https://encrypted-tbn0.gstatic.com/images?q=tbn:ANd9GcTa0BjfQCfN7ga4yetNL4iQfqv6fCBrQX3DoUPX6K5Hczq-QOIQXIKgVuzn",
    "thumbnailHeight": 35,
    "thumbnailWidth": 141
   }
  },
  {
   "kind": "customsearch#result",
   "title": "Zé Carapô 27900 (DC) Deputado Estadual | Goiás | Eleições 2018",
   "htmlTitle": "Zé Carapô 27900 (DC) Deputado Estadual | Goiás | Eleições 2018",
   "link": "https://cdn-eleicoes.gazetadopovo.com.br/santinhos/goias/deputado-estadual/santinho-deputado-estadual-ze-carapo-27900-goias.jpg",
   "displayLink": "especiais.gazetadopovo.com.br",
   "snippet": "Zé Carapô 27900 (DC) Deputado Estadual | Goiás | Eleições 2018",
   "htmlSnippet": "Zé Carapô 27900 (DC) Deputado Estadual | Goiás | Eleições 2018",
   "mime": "image/jpeg",
   "image": {
    "contextLink": "https://especiais.gazetadopovo.com.br/eleicoes/2018/candidatos/go/deputado-estadual/ze-carapo-27900/",
    "height": 315,
    "width": 601,
    "byteSize": 29369,
    "thumbnailLink": "https://encrypted-tbn0.gstatic.com/images?q=tbn:ANd9GcQqZFzx1VfXRjBy0iTfXC29hL-IO-cj3dcufNiHPn6EMFh_akpgObHxdRc",
    "thumbnailHeight": 71,
    "thumbnailWidth": 135
   }
  }
 ]
}
