{
 "kind": "customsearch#search",
 "url": {
  "type": "application/json",
  "template": "https://www.googleapis.com/customsearch/v1?q={searchTerms}&num={count?}&start={startIndex?}&lr={language?}&safe={safe?}&cx={cx?}&sort={sort?}&filter={filter?}&gl={gl?}&cr={cr?}&googlehost={googleHost?}&c2coff={disableCnTwTranslation?}&hq={hq?}&hl={hl?}&siteSearch={siteSearch?}&siteSearchFilter={siteSearchFilter?}&exactTerms={exactTerms?}&excludeTerms={excludeTerms?}&linkSite={linkSite?}&orTerms={orTerms?}&relatedSite={relatedSite?}&dateRestrict={dateRestrict?}&lowRange={lowRange?}&highRange={highRange?}&searchType={searchType}&fileType={fileType?}&rights={rights?}&imgSize={imgSize?}&imgType={imgType?}&imgColorType={imgColorType?}&imgDominantColor={imgDominantColor?}&alt=json"
 },
 "queries": {
  "request": [
   {
    "title": "Google Custom Search - \"JOSE GERALDO BARROS DOS SANTOS\"",
    "totalResults": "55",
    "searchTerms": "\"JOSE GERALDO BARROS DOS SANTOS\"",
    "count": 10,
    "startIndex": 1,
    "inputEncoding": "utf8",
    "outputEncoding": "utf8",
    "safe": "off",
    "cx": "014097292584411445814:sh5uhwve2ei",
    "searchType": "image"
   }
  ],
  "nextPage": [
   {
    "title": "Google Custom Search - \"JOSE GERALDO BARROS DOS SANTOS\"",
    "totalResults": "55",
    "searchTerms": "\"JOSE GERALDO BARROS DOS SANTOS\"",
    "count": 10,
    "startIndex": 11,
    "inputEncoding": "utf8",
    "outputEncoding": "utf8",
    "safe": "off",
    "cx": "014097292584411445814:sh5uhwve2ei",
    "searchType": "image"
   }
  ]
 },
 "context": {
  "title": "Eleitos"
 },
 "searchInformation": {
  "searchTime": 0.185576,
  "formattedSearchTime": "0.19",
  "totalResults": "55",
  "formattedTotalResults": "55"
 },
 "items": [
  {
   "kind": "customsearch#result",
   "title": "J Barros 19123 PTN (Vereador) Águas Lindas de Goiás - Guia ...",
   "htmlTitle": "J Barros 19123 PTN (Vereador) Águas Lindas de Goiás - Guia ...",
   "link": "https://gazetadopovo-candidatos-2016.s3.amazonaws.com/fotos/santinhos/go/aguas-lindas-de-goias/santinho-vereador-j-barros-19123-aguas-lindas-de-goias-go.jpg",
   "displayLink": "especiais.gazetadopovo.com.br",
   "snippet": "J Barros 19123 PTN (Vereador) Águas Lindas de Goiás - Guia ...",
   "htmlSnippet": "J Barros 19123 PTN (Vereador) Águas Lindas de Goiás - Guia ...",
   "mime": "image/jpeg",
   "image": {
    "contextLink": "https://especiais.gazetadopovo.com.br/eleicoes/2016/aguas-lindas-de-goias-go/vereador/j-barros-19123/",
    "height": 339,
    "width": 646,
    "byteSize": 19624,
    "thumbnailLink": "https://encrypted-tbn0.gstatic.com/images?q=tbn:ANd9GcTQchH0LF_1TyifwgPYPvsTo1GuOAGTqC9CBgd3SBFMuaJHP_lZuHPCbUo",
    "thumbnailHeight": 72,
    "thumbnailWidth": 137
   }
  },
  {
   "kind": "customsearch#result",
   "title": "MUNICÍPIO DE ÁGUAS LINDAS DE GOIÁS ESTADO DE GOIAS",
   "htmlTitle": "MUNICÍPIO DE ÁGUAS LINDAS DE GOIÁS ESTADO DE GOIAS",
   "link": "x-raw-image:///42eeb013d67e4f7eb15ad6ab7b7178729507daba2e348f9e8e7ed61c469a04d5",
   "displayLink": "aguaslindasdegoias.go.gov.br",
   "snippet": "MUNICÍPIO DE ÁGUAS LINDAS DE GOIÁS ESTADO DE GOIAS",
   "htmlSnippet": "MUNICÍPIO DE ÁGUAS LINDAS DE GOIÁS ESTADO DE GOIAS",
   "mime": "image/",
   "image": {
    "contextLink": "http://aguaslindasdegoias.go.gov.br/wp-content/uploads/2016/04/Anexo-17-4.320-1.pdf",
    "height": 1314,
    "width": 2090,
    "byteSize": 12329,
    "thumbnailLink": "https://encrypted-tbn0.gstatic.com/images?q=tbn:ANd9GcTyPptoaBVrzZGR7SKoRToE5OzN3oaSAab2U-0byxagPSK-qIThAk2dqpVP",
    "thumbnailHeight": 94,
    "thumbnailWidth": 150
   }
  },
  {
   "kind": "customsearch#result",
   "title": "J Barros 19123 PTN (Vereador) Águas Lindas de Goiás - Guia ...",
   "htmlTitle": "J Barros 19123 PTN (Vereador) Águas Lindas de Goiás - Guia ...",
   "link": "https://gazetadopovo-candidatos-2016.s3.amazonaws.com/fotos/go/aguas-lindas-de-goias/j-barros-19123.jpg",
   "displayLink": "especiais.gazetadopovo.com.br",
   "snippet": "J Barros 19123 PTN (Vereador) Águas Lindas de Goiás - Guia ...",
   "htmlSnippet": "J Barros 19123 PTN (Vereador) Águas Lindas de Goiás - Guia ...",
   "mime": "image/jpeg",
   "image": {
    "contextLink": "https://especiais.gazetadopovo.com.br/eleicoes/2016/aguas-lindas-de-goias-go/vereador/j-barros-19123/",
    "height": 225,
    "width": 161,
    "byteSize": 6402,
    "thumbnailLink": "https://encrypted-tbn0.gstatic.com/images?q=tbn:ANd9GcSlD05Hu-E3SZfJiEhQVB6x5YymrnAFZzzkmGTLifFA2WgwlYfdBSeCKQ",
    "thumbnailHeight": 108,
    "thumbnailWidth": 77
   }
  },
  {
   "kind": "customsearch#result",
   "title": "Amor Por Águas Lindas - Publicações | Facebook",
   "htmlTitle": "Amor Por Águas Lindas - Publicações | Facebook",
   "link": "https://lookaside.fbsbx.com/lookaside/crawler/media/?media_id=877549225698373",
   "displayLink": "pt-br.facebook.com",
   "snippet": "Amor Por Águas Lindas - Publicações | Facebook",
   "htmlSnippet": "Amor Por Águas Lindas - Publicações | Facebook",
   "mime": "image/",
   "image": {
    "contextLink": "https://pt-br.facebook.com/Amor-Por-%C3%81guas-Lindas-877549225698373/posts/",
    "height": 959,
    "width": 960,
    "byteSize": 253347,
    "thumbnailLink": "https://encrypted-tbn0.gstatic.com/images?q=tbn:ANd9GcSFiHMIHijlcbFHXwfdSfjzqsb6ISEtIepH63NEy5PRHxVcQ3Xb1OH2w8B2bw",
    "thumbnailHeight": 148,
    "thumbnailWidth": 148
   }
  },
  {
   "kind": "customsearch#result",
   "title": "J Barros 19123 PTN (Vereador) Águas Lindas de Goiás - Guia ...",
   "htmlTitle": "J Barros 19123 PTN (Vereador) Águas Lindas de Goiás - Guia ...",
   "link": "https://gazetadopovo-candidatos-2016.s3.amazonaws.com/fotos/go/aguas-lindas-de-goias/ze-leao-19456.jpg",
   "displayLink": "especiais.gazetadopovo.com.br",
   "snippet": "J Barros 19123 PTN (Vereador) Águas Lindas de Goiás - Guia ...",
   "htmlSnippet": "J Barros 19123 PTN (Vereador) Águas Lindas de Goiás - Guia ...",
   "mime": "image/jpeg",
   "image": {
    "contextLink": "https://especiais.gazetadopovo.com.br/eleicoes/2016/aguas-lindas-de-goias-go/vereador/j-barros-19123/",
    "height": 225,
    "width": 161,
    "byteSize": 6469,
    "thumbnailLink": "https://encrypted-tbn0.gstatic.com/images?q=tbn:ANd9GcRiS-WO3kqc62xjpBf3tlqrQpCCWG6gA84kNrRqIIlas_hisi_R_GQywg",
    "thumbnailHeight": 108,
    "thumbnailWidth": 77
   }
  },
  {
   "kind": "customsearch#result",
   "title": "MUNICÍPIO DE ÁGUAS LINDAS DE GOIÁS ESTADO DE GOIAS",
   "htmlTitle": "MUNICÍPIO DE ÁGUAS LINDAS DE GOIÁS ESTADO DE GOIAS",
   "link": "x-raw-image:///ea083d443d14ce3a26d88e510375dd0d07ca63d08dea1e0d141c25145b9e9531",
   "displayLink": "aguaslindasdegoias.go.gov.br",
   "snippet": "MUNICÍPIO DE ÁGUAS LINDAS DE GOIÁS ESTADO DE GOIAS",
   "htmlSnippet": "MUNICÍPIO DE ÁGUAS LINDAS DE GOIÁS ESTADO DE GOIAS",
   "mime": "image/",
   "image": {
    "contextLink": "http://aguaslindasdegoias.go.gov.br/wp-content/uploads/2016/04/Anexo-17-4.320-1.pdf",
    "height": 1065,
    "width": 1788,
    "byteSize": 162792,
    "thumbnailLink": "https://encrypted-tbn0.gstatic.com/images?q=tbn:ANd9GcT1UWOtx4B2mICrkokBPWgBC5IWH9wMoneIlSYQmFEgg89ZrYTT_U4ZpCc",
    "thumbnailHeight": 89,
    "thumbnailWidth": 150
   }
  },
  {
   "kind": "customsearch#result",
   "title": "J Barros 19123 PTN (Vereador) Águas Lindas de Goiás - Guia ...",
   "htmlTitle": "J Barros 19123 PTN (Vereador) Águas Lindas de Goiás - Guia ...",
   "link": "https://gazetadopovo-candidatos-2016.s3.amazonaws.com/fotos/go/aguas-lindas-de-goias/denedir-dias-19299.jpg",
   "displayLink": "especiais.gazetadopovo.com.br",
   "snippet": "J Barros 19123 PTN (Vereador) Águas Lindas de Goiás - Guia ...",
   "htmlSnippet": "J Barros 19123 PTN (Vereador) Águas Lindas de Goiás - Guia ...",
   "mime": "image/jpeg",
   "image": {
    "contextLink": "https://especiais.gazetadopovo.com.br/eleicoes/2016/aguas-lindas-de-goias-go/vereador/j-barros-19123/",
    "height": 225,
    "width": 161,
    "byteSize": 3539,
    "thumbnailLink": "https://encrypted-tbn0.gstatic.com/images?q=tbn:ANd9GcRVbtNzQi1vsOmEAf_7SWjyWJZYfadZTkonvu0Oqh069C5OCClipAsFaA",
    "thumbnailHeight": 108,
    "thumbnailWidth": 77
   }
  },
  {
   "kind": "customsearch#result",
   "title": "Amor Por Águas Lindas - Publicações | Facebook",
   "htmlTitle": "Amor Por Águas Lindas - Publicações | Facebook",
   "link": "https://lookaside.fbsbx.com/lookaside/crawler/media/?media_id=1923454987774453",
   "displayLink": "pt-br.facebook.com",
   "snippet": "Amor Por Águas Lindas - Publicações | Facebook",
   "htmlSnippet": "Amor Por Águas Lindas - Publicações | Facebook",
   "mime": "image/",
   "image": {
    "contextLink": "https://pt-br.facebook.com/Amor-Por-%C3%81guas-Lindas-877549225698373/posts/",
    "height": 480,
    "width": 480,
    "byteSize": 43832,
    "thumbnailLink": "https://encrypted-tbn0.gstatic.com/images?q=tbn:ANd9GcQeGqqNYWNrjEMGqd33Qr8bESPiC1n98_yUoHYORn6aN1oYeGAou1gC1ZmCbw",
    "thumbnailHeight": 129,
    "thumbnailWidth": 129
   }
  },
  {
   "kind": "customsearch#result",
   "title": "J Barros 19123 PTN (Vereador) Águas Lindas de Goiás - Guia ...",
   "htmlTitle": "J Barros 19123 PTN (Vereador) Águas Lindas de Goiás - Guia ...",
   "link": "https://gazetadopovo-candidatos-2016.s3.amazonaws.com/fotos/go/aguas-lindas-de-goias/felipe-da-millenium-19222.jpg",
   "displayLink": "especiais.gazetadopovo.com.br",
   "snippet": "J Barros 19123 PTN (Vereador) Águas Lindas de Goiás - Guia ...",
   "htmlSnippet": "J Barros 19123 PTN (Vereador) Águas Lindas de Goiás - Guia ...",
   "mime": "image/jpeg",
   "image": {
    "contextLink": "https://especiais.gazetadopovo.com.br/eleicoes/2016/aguas-lindas-de-goias-go/vereador/j-barros-19123/",
    "height": 225,
    "width": 161,
    "byteSize": 4499,
    "thumbnailLink": "https://encrypted-tbn0.gstatic.com/images?q=tbn:ANd9GcQYBMjHy89FwMgeIbyHadV2r5IqlEVEIUJ9kmsYPLjwlk2SQlOQAqJy7A",
    "thumbnailHeight": 108,
    "thumbnailWidth": 77
   }
  },
  {
   "kind": "customsearch#result",
   "title": "J Barros 19123 PTN (Vereador) Águas Lindas de Goiás - Guia ...",
   "htmlTitle": "J Barros 19123 PTN (Vereador) Águas Lindas de Goiás - Guia ...",
   "link": "https://gazetadopovo-candidatos-2016.s3.amazonaws.com/fotos/go/aguas-lindas-de-goias/ivaldao-do-churrascao-19444.jpg",
   "displayLink": "especiais.gazetadopovo.com.br",
   "snippet": "J Barros 19123 PTN (Vereador) Águas Lindas de Goiás - Guia ...",
   "htmlSnippet": "J Barros 19123 PTN (Vereador) Águas Lindas de Goiás - Guia ...",
   "mime": "image/jpeg",
   "image": {
    "contextLink": "https://especiais.gazetadopovo.com.br/eleicoes/2016/aguas-lindas-de-goias-go/vereador/j-barros-19123/",
    "height": 225,
    "width": 161,
    "byteSize": 5526,
    "thumbnailLink": "https://encrypted-tbn0.gstatic.com/images?q=tbn:ANd9GcSwO_sIr4jqoHfer8MY23vFPpGYaWTKG1YCrr7sjUjWgUF1Rmr5YA3M4A",
    "thumbnailHeight": 108,
    "thumbnailWidth": 77
   }
  }
 ]
}
