{
 "kind": "customsearch#search",
 "url": {
  "type": "application/json",
  "template": "https://www.googleapis.com/customsearch/v1?q={searchTerms}&num={count?}&start={startIndex?}&lr={language?}&safe={safe?}&cx={cx?}&sort={sort?}&filter={filter?}&gl={gl?}&cr={cr?}&googlehost={googleHost?}&c2coff={disableCnTwTranslation?}&hq={hq?}&hl={hl?}&siteSearch={siteSearch?}&siteSearchFilter={siteSearchFilter?}&exactTerms={exactTerms?}&excludeTerms={excludeTerms?}&linkSite={linkSite?}&orTerms={orTerms?}&relatedSite={relatedSite?}&dateRestrict={dateRestrict?}&lowRange={lowRange?}&highRange={highRange?}&searchType={searchType}&fileType={fileType?}&rights={rights?}&imgSize={imgSize?}&imgType={imgType?}&imgColorType={imgColorType?}&imgDominantColor={imgDominantColor?}&alt=json"
 },
 "queries": {
  "request": [
   {
    "title": "Google Custom Search - \"JOSENILDO ALVES RABELO\"",
    "totalResults": "176",
    "searchTerms": "\"JOSENILDO ALVES RABELO\"",
    "count": 10,
    "startIndex": 1,
    "inputEncoding": "utf8",
    "outputEncoding": "utf8",
    "safe": "off",
    "cx": "014097292584411445814:sh5uhwve2ei",
    "searchType": "image"
   }
  ],
  "nextPage": [
   {
    "title": "Google Custom Search - \"JOSENILDO ALVES RABELO\"",
    "totalResults": "176",
    "searchTerms": "\"JOSENILDO ALVES RABELO\"",
    "count": 10,
    "startIndex": 11,
    "inputEncoding": "utf8",
    "outputEncoding": "utf8",
    "safe": "off",
    "cx": "014097292584411445814:sh5uhwve2ei",
    "searchType": "image"
   }
  ]
 },
 "context": {
  "title": "Eleitos"
 },
 "searchInformation": {
  "searchTime": 0.086024,
  "formattedSearchTime": "0.09",
  "totalResults": "176",
  "formattedTotalResults": "176"
 },
 "items": [
  {
   "kind": "customsearch#result",
   "title": "Josenildo Alves Rabelo - Câmara Municipal de Água Limpa",
   "htmlTitle": "\u003cb\u003eJosenildo Alves Rabelo\u003c/b\u003e - Câmara Municipal de Água Limpa",
   "link": "http://www.camaraagualimpa.go.gov.br/res/midias/img/b273f1573121b4a47fa83afb45eb7322.png?x=0&y=0&w=998&h=997.6798143851508",
   "displayLink": "www.camaraagualimpa.go.gov.br",
   "snippet": "Josenildo Alves Rabelo - Câmara Municipal de Água Limpa",
   "htmlSnippet": "\u003cb\u003eJosenildo Alves Rabelo\u003c/b\u003e - Câmara Municipal de Água Limpa",
   "mime": "image/png",
   "image": {
    "contextLink": "http://www.camaraagualimpa.go.gov.br/pagina/institucional/168-josenildo-alves-rabelo",
    "height": 997,
    "width": 998,
    "byteSize": 818870,
    "thumbnailLink": "https://encrypted-tbn0.gstatic.com/images?q=tbn:ANd9GcTCMQwTQmuktk5zwp9-8dVS32nTjYbkfccBbRpIFqTdC3BpEisf_Rwmgn0p",
    "thumbnailHeight": 149,
    "thumbnailWidth": 149
   }
  },
  {
   "kind": "customsearch#result",
   "title": "Zenildo 15604 PMDB (Vereador) Água Limpa - Guia Eleições 2016",
   "htmlTitle": "Zenildo 15604 PMDB (Vereador) Água Limpa - Guia Eleições 2016",
   "link": "https://gazetadopovo-candidatos-2016.s3.amazonaws.com/fotos/santinhos/go/agua-limpa/santinho-vereador-zenildo-15604-agua-limpa-go.jpg",
   "displayLink": "especiais.gazetadopovo.com.br",
   "snippet": "Zenildo 15604 PMDB (Vereador) Água Limpa - Guia Eleições 2016",
   "htmlSnippet": "Zenildo 15604 PMDB (Vereador) Água Limpa - Guia Eleições 2016",
   "mime": "image/jpeg",
   "image": {
    "contextLink": "https://especiais.gazetadopovo.com.br/eleicoes/2016/agua-limpa-go/vereador/zenildo-15604/",
    "height": 339,
    "width": 646,
    "byteSize": 17526,
    "thumbnailLink": "https://encrypted-tbn0.gstatic.com/images?q=tbn:ANd9GcROrQHgvYZ8-Ukzxkp4sYI5c9OR1HDhYr7R9vCTfgpdl5Nur1qAm5pc9KA",
    "thumbnailHeight": 72,
    "thumbnailWidth": 137
   }
  },
  {
   "kind": "customsearch#result",
   "title": "Josenildo Alves Rabelo - Câmara Municipal de Água Limpa",
   "htmlTitle": "\u003cb\u003eJosenildo Alves Rabelo\u003c/b\u003e - Câmara Municipal de Água Limpa",
   "link": "http://www.camaraagualimpa.go.gov.br/res/midias/img/b273f1573121b4a47fa83afb45eb7322.png?x=0&y=0&w=998&h=997.6798143851508&mw=170&mh=170",
   "displayLink": "www.camaraagualimpa.go.gov.br",
   "snippet": "Josenildo Alves Rabelo - Câmara Municipal de Água Limpa",
   "htmlSnippet": "\u003cb\u003eJosenildo Alves Rabelo\u003c/b\u003e - Câmara Municipal de Água Limpa",
   "mime": "image/png",
   "image": {
    "contextLink": "http://www.camaraagualimpa.go.gov.br/pagina/institucional/168-josenildo-alves-rabelo",
    "height": 170,
    "width": 170,
    "byteSize": 31529,
    "thumbnailLink": "https://encrypted-tbn0.gstatic.com/images?q=tbn:ANd9GcRszc9LhvxfPpXDuRCAs9SyUtkOnxUtJSe2zmep90sbBujm_bXnbhMjEJ4",
    "thumbnailHeight": 99,
    "thumbnailWidth": 99
   }
  },
  {
   "kind": "customsearch#result",
   "title": "Zenildo 15604 PMDB (Vereador) Água Limpa - Guia Eleições 2016",
   "htmlTitle": "Zenildo 15604 PMDB (Vereador) Água Limpa - Guia Eleições 2016",
   "link": "https://gazetadopovo-candidatos-2016.s3.amazonaws.com/fotos/go/agua-limpa/zenildo-15604.jpg",
   "displayLink": "especiais.gazetadopovo.com.br",
   "snippet": "Zenildo 15604 PMDB (Vereador) Água Limpa - Guia Eleições 2016",
   "htmlSnippet": "Zenildo 15604 PMDB (Vereador) Água Limpa - Guia Eleições 2016",
   "mime": "image/jpeg",
   "image": {
    "contextLink": "https://especiais.gazetadopovo.com.br/eleicoes/2016/agua-limpa-go/vereador/zenildo-15604/",
    "height": 225,
    "width": 161,
    "byteSize": 3625,
    "thumbnailLink": "https://encrypted-tbn0.gstatic.com/images?q=tbn:ANd9GcRetbFIpS12kpYZNjirw80k_w-aX8HkD4n5bed8jSXmNAd64mIw8zHUng",
    "thumbnailHeight": 108,
    "thumbnailWidth": 77
   }
  },
  {
   "kind": "customsearch#result",
   "title": "Câmara Municipal de Água Limpa",
   "htmlTitle": "Câmara Municipal de Água Limpa",
   "link": "http://camaraagualimpa.go.gov.br/res/midias/img/8f95ae951c355015b3088b390413077a.jpeg?x=0&y=75.70422535211267&w=1000&h=520.8333333333334&mw=720&mh=375",
   "displayLink": "camaraagualimpa.go.gov.br",
   "snippet": "Câmara Municipal de Água Limpa",
   "htmlSnippet": "Câmara Municipal de Água Limpa",
   "mime": "image/jpeg",
   "image": {
    "contextLink": "http://camaraagualimpa.go.gov.br/",
    "height": 750,
    "width": 1000,
    "byteSize": 81904,
    "thumbnailLink": "https://encrypted-tbn0.gstatic.com/images?q=tbn:ANd9GcS5ZAUPhxn8lXq-At4gUkKlmngEYQri5AuxvQSLfc_2PATpdPM-Pj69sHGP",
    "thumbnailHeight": 112,
    "thumbnailWidth": 149
   }
  },
  {
   "kind": "customsearch#result",
   "title": "Calendário das Sessões 2° Semestre 2019 - Câmara Municipal de Água ...",
   "htmlTitle": "Calendário das Sessões 2° Semestre 2019 - Câmara Municipal de Água ...",
   "link": "https://www.agualimpa.go.leg.br/res/midias/img/b273f1573121b4a47fa83afb45eb7322.png?x=0&y=0&w=998&h=997.6798143851508",
   "displayLink": "www.agualimpa.go.leg.br",
   "snippet": "Calendário das Sessões 2° Semestre 2019 - Câmara Municipal de Água ...",
   "htmlSnippet": "Calendário das Sessões 2° Semestre 2019 - Câmara Municipal de Água ...",
   "mime": "image/png",
   "image": {
    "contextLink": "https://www.agualimpa.go.leg.br/noticia/7-calendario-das-sessoes-2-semestre-2019",
    "height": 997,
    "width": 998,
    "byteSize": 818891,
    "thumbnailLink": "https://encrypted-tbn0.gstatic.com/images?q=tbn:ANd9GcTPpBdJJnCGkwj_gEwtkBpR0U2nc9KYGCvcK7g51fq5_XbqFVeCqPFAM0LbHA",
    "thumbnailHeight": 149,
    "thumbnailWidth": 149
   }
  },
  {
   "kind": "customsearch#result",
   "title": "Rogério de Oliveira Silva - Câmara Municipal de Água Limpa",
   "htmlTitle": "Rogério de Oliveira Silva - Câmara Municipal de Água Limpa",
   "link": "http://www.camaraagualimpa.go.gov.br/res/midias/img/a009e36ecb5097b2b1f0a4ef22804bef.jpg?x=0&y=0&w=715&h=1000",
   "displayLink": "www.camaraagualimpa.go.gov.br",
   "snippet": "Rogério de Oliveira Silva - Câmara Municipal de Água Limpa",
   "htmlSnippet": "Rogério de Oliveira Silva - Câmara Municipal de Água Limpa",
   "mime": "image/jpeg",
   "image": {
    "contextLink": "http://www.camaraagualimpa.go.gov.br/pagina/institucional/174-rogerio-de-oliveira-silva",
    "height": 1000,
    "width": 715,
    "byteSize": 39220,
    "thumbnailLink": "https://encrypted-tbn0.gstatic.com/images?q=tbn:ANd9GcSmsFJT6aiVeE_XviBgXy0gwoGoMyq4CB3HInknPe3AsZUs9jCYIqPWc09l",
    "thumbnailHeight": 149,
    "thumbnailWidth": 107
   }
  },
  {
   "kind": "customsearch#result",
   "title": "Assembleia realiza sessão em homenagem aos 100 anos de Caldas ...",
   "htmlTitle": "Assembleia realiza sessão em homenagem aos 100 anos de Caldas ...",
   "link": "https://portal.al.go.leg.br/img/logo_alego_padrao_200px.png",
   "displayLink": "portal.al.go.leg.br",
   "snippet": "Assembleia realiza sessão em homenagem aos 100 anos de Caldas ...",
   "htmlSnippet": "Assembleia realiza sessão em homenagem aos 100 anos de Caldas ...",
   "mime": "image/png",
   "image": {
    "contextLink": "https://portal.al.go.leg.br/noticias/ver/id/103563/tipo/gabinete/assembleia+realiza+sessao+em+homenagem+aos+100+anos+de+caldas+novas+as+9+horas",
    "height": 83,
    "width": 245,
    "byteSize": 12492,
    "thumbnailLink": "https://encrypted-tbn0.gstatic.com/images?q=tbn:ANd9GcSBLHehPFyMyi97xCvdoF2iYDsJJlviYldLdHaEO2Aq-XgjrGb-oLWBJA",
    "thumbnailHeight": 37,
    "thumbnailWidth": 110
   }
  },
  {
   "kind": "customsearch#result",
   "title": "Câmara Municipal de Água Limpa",
   "htmlTitle": "Câmara Municipal de Água Limpa",
   "link": "http://camaraagualimpa.go.gov.br/res/midias/img/ae56014a937ab904e2c6982df8b34e7a.jpg?x=0&y=0&w=1000&h=750&mw=220&mh=130",
   "displayLink": "camaraagualimpa.go.gov.br",
   "snippet": "Câmara Municipal de Água Limpa",
   "htmlSnippet": "Câmara Municipal de Água Limpa",
   "mime": "image/jpeg",
   "image": {
    "contextLink": "http://camaraagualimpa.go.gov.br/",
    "height": 130,
    "width": 220,
    "byteSize": 7264,
    "thumbnailLink": "https://encrypted-tbn0.gstatic.com/images?q=tbn:ANd9GcRaePQoY1Gy0v1zi6H6uyOECnT7myVGxHG-YXHbH2_OZh2qntc-gVTt0FI",
    "thumbnailHeight": 63,
    "thumbnailWidth": 107
   }
  },
  {
   "kind": "customsearch#result",
   "title": "Câmara Municipal de Água Limpa",
   "htmlTitle": "Câmara Municipal de Água Limpa",
   "link": "http://camaraagualimpa.go.gov.br/res/midias/img/09c4e061bcf03b5934c1d2dd6060a074.jpg?x=0&y=0&w=1000&h=750&mw=220&mh=130",
   "displayLink": "camaraagualimpa.go.gov.br",
   "snippet": "Câmara Municipal de Água Limpa",
   "htmlSnippet": "Câmara Municipal de Água Limpa",
   "mime": "image/jpeg",
   "image": {
    "contextLink": "http://camaraagualimpa.go.gov.br/",
    "height": 130,
    "width": 220,
    "byteSize": 7450,
    "thumbnailLink": "https://encrypted-tbn0.gstatic.com/images?q=tbn:ANd9GcSJi_nu4T9GDjvUpQ-sYCacptropFwPQacMTJCmsh1u21lbNjsAjuZC2A",
    "thumbnailHeight": 63,
    "thumbnailWidth": 107
   }
  }
 ]
}
