{
 "kind": "customsearch#search",
 "url": {
  "type": "application/json",
  "template": "https://www.googleapis.com/customsearch/v1?q={searchTerms}&num={count?}&start={startIndex?}&lr={language?}&safe={safe?}&cx={cx?}&sort={sort?}&filter={filter?}&gl={gl?}&cr={cr?}&googlehost={googleHost?}&c2coff={disableCnTwTranslation?}&hq={hq?}&hl={hl?}&siteSearch={siteSearch?}&siteSearchFilter={siteSearchFilter?}&exactTerms={exactTerms?}&excludeTerms={excludeTerms?}&linkSite={linkSite?}&orTerms={orTerms?}&relatedSite={relatedSite?}&dateRestrict={dateRestrict?}&lowRange={lowRange?}&highRange={highRange?}&searchType={searchType}&fileType={fileType?}&rights={rights?}&imgSize={imgSize?}&imgType={imgType?}&imgColorType={imgColorType?}&imgDominantColor={imgDominantColor?}&alt=json"
 },
 "queries": {
  "request": [
   {
    "title": "Google Custom Search - \"JOSE BARBOSA DA SILVA\"",
    "totalResults": "99300",
    "searchTerms": "\"JOSE BARBOSA DA SILVA\"",
    "count": 10,
    "startIndex": 1,
    "inputEncoding": "utf8",
    "outputEncoding": "utf8",
    "safe": "off",
    "cx": "014097292584411445814:sh5uhwve2ei",
    "searchType": "image"
   }
  ],
  "nextPage": [
   {
    "title": "Google Custom Search - \"JOSE BARBOSA DA SILVA\"",
    "totalResults": "99300",
    "searchTerms": "\"JOSE BARBOSA DA SILVA\"",
    "count": 10,
    "startIndex": 11,
    "inputEncoding": "utf8",
    "outputEncoding": "utf8",
    "safe": "off",
    "cx": "014097292584411445814:sh5uhwve2ei",
    "searchType": "image"
   }
  ]
 },
 "context": {
  "title": "Eleitos"
 },
 "searchInformation": {
  "searchTime": 0.230721,
  "formattedSearchTime": "0.23",
  "totalResults": "99300",
  "formattedTotalResults": "99,300"
 },
 "items": [
  {
   "kind": "customsearch#result",
   "title": "Pastor José Barbosa da Silva - Home | Facebook",
   "htmlTitle": "Pastor \u003cb\u003eJosé Barbosa da Silva\u003c/b\u003e - Home | Facebook",
   "link": "https://lookaside.fbsbx.com/lookaside/crawler/media/?media_id=130556347139727",
   "displayLink": "www.facebook.com",
   "snippet": "Pastor José Barbosa da Silva - Home | Facebook",
   "htmlSnippet": "Pastor \u003cb\u003eJosé Barbosa da Silva\u003c/b\u003e - Home | Facebook",
   "mime": "image/",
   "image": {
    "contextLink": "https://www.facebook.com/Pr.Barbosa2016",
    "height": 960,
    "width": 637,
    "byteSize": 43025,
    "thumbnailLink": "https://encrypted-tbn0.gstatic.com/images?q=tbn:ANd9GcRvFW5PryyNykfhDDmxMo-CTgnxLtvvG_-DomhgM5_FUKQxUUCpbLuVvFs",
    "thumbnailHeight": 148,
    "thumbnailWidth": 98
   }
  },
  {
   "kind": "customsearch#result",
   "title": "Jose Barbosa 5101 (PATRI) Deputado Federal | Pernambuco | Eleições ...",
   "htmlTitle": "Jose Barbosa 5101 (PATRI) Deputado Federal | Pernambuco | Eleições ...",
   "link": "https://cdn-eleicoes.gazetadopovo.com.br/fotos/pernambuco/deputado-federal/jose-barbosa-5101.jpg",
   "displayLink": "especiais.gazetadopovo.com.br",
   "snippet": "Jose Barbosa 5101 (PATRI) Deputado Federal | Pernambuco | Eleições ...",
   "htmlSnippet": "Jose Barbosa 5101 (PATRI) Deputado Federal | Pernambuco | Eleições ...",
   "mime": "image/jpeg",
   "image": {
    "contextLink": "https://especiais.gazetadopovo.com.br/eleicoes/2018/candidatos/pe/deputado-federal/jose-barbosa-5101/",
    "height": 225,
    "width": 161,
    "byteSize": 4332,
    "thumbnailLink": "https://encrypted-tbn0.gstatic.com/images?q=tbn:ANd9GcQPY3FOy2o0c93phS0Xhfvzl142P7nwUXkGdhLcinhiwg1wB398GUmrKg",
    "thumbnailHeight": 108,
    "thumbnailWidth": 77
   }
  },
  {
   "kind": "customsearch#result",
   "title": "José Barbosa Da Silva Barbosa - Home | Facebook",
   "htmlTitle": "\u003cb\u003eJosé Barbosa Da Silva\u003c/b\u003e Barbosa - Home | Facebook",
   "link": "https://lookaside.fbsbx.com/lookaside/crawler/media/?media_id=194085091187585",
   "displayLink": "www.facebook.com",
   "snippet": "José Barbosa Da Silva Barbosa - Home | Facebook",
   "htmlSnippet": "\u003cb\u003eJosé Barbosa Da Silva\u003c/b\u003e Barbosa - Home | Facebook",
   "mime": "image/",
   "image": {
    "contextLink": "https://www.facebook.com/Jos%C3%A9-Barbosa-Da-Silva-Barbosa-194085091187585/",
    "height": 960,
    "width": 958,
    "byteSize": 72349,
    "thumbnailLink": "https://encrypted-tbn0.gstatic.com/images?q=tbn:ANd9GcQqBXl65rHswM7aywjHbakqA2Jhn8LR_NV5wYh-5jlyNf6szACAoNKn4quoTQ",
    "thumbnailHeight": 148,
    "thumbnailWidth": 148
   }
  },
  {
   "kind": "customsearch#result",
   "title": "Sobral Cultura - Francisco José Barbosa da Silva - Mapa Cultural ...",
   "htmlTitle": "Sobral Cultura - Francisco \u003cb\u003eJosé Barbosa da Silva\u003c/b\u003e - Mapa Cultural ...",
   "link": "http://cultura.sobral.ce.gov.br/files/agent/9744/file/457463/dsc01336-32ede284818099accd6a012f613eb54e.jpg",
   "displayLink": "cultura.sobral.ce.gov.br",
   "snippet": "Sobral Cultura - Francisco José Barbosa da Silva - Mapa Cultural ...",
   "htmlSnippet": "Sobral Cultura - Francisco \u003cb\u003eJosé Barbosa da Silva\u003c/b\u003e - Mapa Cultural ...",
   "mime": "image/jpeg",
   "image": {
    "contextLink": "http://cultura.sobral.ce.gov.br/agente/9744/",
    "height": 240,
    "width": 240,
    "byteSize": 39889,
    "thumbnailLink": "https://encrypted-tbn0.gstatic.com/images?q=tbn:ANd9GcSOAi7Slo4OiASori7BLYdJkaioiktNh27E3-Qf3DPFLcaxmSZ2P1ERVkw",
    "thumbnailHeight": 110,
    "thumbnailWidth": 110
   }
  },
  {
   "kind": "customsearch#result",
   "title": "Jose Barbosa da Silva - Home | Facebook",
   "htmlTitle": "\u003cb\u003eJose Barbosa da Silva\u003c/b\u003e - Home | Facebook",
   "link": "https://lookaside.fbsbx.com/lookaside/crawler/media/?media_id=902340996590604",
   "displayLink": "www.facebook.com",
   "snippet": "Jose Barbosa da Silva - Home | Facebook",
   "htmlSnippet": "\u003cb\u003eJose Barbosa da Silva\u003c/b\u003e - Home | Facebook",
   "mime": "image/",
   "image": {
    "contextLink": "https://www.facebook.com/Jose-Barbosa-da-Silva-902340996590604/",
    "height": 960,
    "width": 960,
    "byteSize": 276260,
    "thumbnailLink": "https://encrypted-tbn0.gstatic.com/images?q=tbn:ANd9GcRhjRyDWoXv7dbPxiA3VNt5j3oa7zZVEQydh4fwKcOpKhI7MZBvHSpUVTJ7jA",
    "thumbnailHeight": 148,
    "thumbnailWidth": 148
   }
  },
  {
   "kind": "customsearch#result",
   "title": "SAPL - Sistema de Apoio ao Processo Legislativo",
   "htmlTitle": "SAPL - Sistema de Apoio ao Processo Legislativo",
   "link": "https://sapl.campomourao.pr.leg.br/media/sapl/public/parlamentar/163/whatsapp_image_2018-05-22_at_16.05.22_6.jpeg.256x256_q85_box-17%2C0%2C820%2C802_crop_detail.jpg",
   "displayLink": "sapl.campomourao.pr.leg.br",
   "snippet": "SAPL - Sistema de Apoio ao Processo Legislativo",
   "htmlSnippet": "SAPL - Sistema de Apoio ao Processo Legislativo",
   "mime": "image/jpeg",
   "image": {
    "contextLink": "https://sapl.campomourao.pr.leg.br/parlamentar/163",
    "height": 256,
    "width": 256,
    "byteSize": 23114,
    "thumbnailLink": "https://encrypted-tbn0.gstatic.com/images?q=tbn:ANd9GcSPnGnYjGlWRPahR6cGwkF5i4h4WWDJci_vCUiraHxixWT3P8nvuaB1tH0",
    "thumbnailHeight": 111,
    "thumbnailWidth": 111
   }
  },
  {
   "kind": "customsearch#result",
   "title": "Jose Barbosa da Silva - About | Facebook",
   "htmlTitle": "\u003cb\u003eJose Barbosa da Silva\u003c/b\u003e - About | Facebook",
   "link": "https://lookaside.fbsbx.com/lookaside/crawler/media/?media_id=426105154413249",
   "displayLink": "www.facebook.com",
   "snippet": "Jose Barbosa da Silva - About | Facebook",
   "htmlSnippet": "\u003cb\u003eJose Barbosa da Silva\u003c/b\u003e - About | Facebook",
   "mime": "image/",
   "image": {
    "contextLink": "https://www.facebook.com/Jose-Barbosa-da-Silva-426105154413249/about/",
    "height": 432,
    "width": 432,
    "byteSize": 39049,
    "thumbnailLink": "https://encrypted-tbn0.gstatic.com/images?q=tbn:ANd9GcSGkxNPNNftS3F00dxs6g9iabcsVUvBZ_kS4_drhzNKlIAIjHPkmYwHyxs",
    "thumbnailHeight": 126,
    "thumbnailWidth": 126
   }
  },
  {
   "kind": "customsearch#result",
   "title": "NOTA DE PESAR – pelo falecimento do servidor José Barbosa da Silva",
   "htmlTitle": "NOTA DE PESAR – pelo falecimento do servidor \u003cb\u003eJosé Barbosa da Silva\u003c/b\u003e",
   "link": "http://jaru.ro.gov.br/wp-content/uploads/2019/02/51041802_2207289082922552_6467035044744527872_n-820x410.jpg",
   "displayLink": "jaru.ro.gov.br",
   "snippet": "NOTA DE PESAR – pelo falecimento do servidor José Barbosa da Silva",
   "htmlSnippet": "NOTA DE PESAR – pelo falecimento do servidor \u003cb\u003eJosé Barbosa da Silva\u003c/b\u003e",
   "mime": "image/jpeg",
   "image": {
    "contextLink": "http://jaru.ro.gov.br/nota-de-pesar-pelo-falecimento-do-servidor-jose-barbosa-da-silva/",
    "height": 410,
    "width": 820,
    "byteSize": 46079,
    "thumbnailLink": "https://encrypted-tbn0.gstatic.com/images?q=tbn:ANd9GcQalWrBIlBu8SRc984DtQgHVxHi8Kh87Ggk1ofUPyKcO3mAOlAfcV-OSBDO",
    "thumbnailHeight": 72,
    "thumbnailWidth": 144
   }
  },
  {
   "kind": "customsearch#result",
   "title": "José Barbosa Da Silva Barbosa - Home | Facebook",
   "htmlTitle": "\u003cb\u003eJosé Barbosa Da Silva\u003c/b\u003e Barbosa - Home | Facebook",
   "link": "https://lookaside.fbsbx.com/lookaside/crawler/media/?media_id=279276645888607",
   "displayLink": "www.facebook.com",
   "snippet": "José Barbosa Da Silva Barbosa - Home | Facebook",
   "htmlSnippet": "\u003cb\u003eJosé Barbosa Da Silva\u003c/b\u003e Barbosa - Home | Facebook",
   "mime": "image/",
   "image": {
    "contextLink": "https://www.facebook.com/Jos%C3%A9-Barbosa-Da-Silva-Barbosa-279276645888607/",
    "height": 644,
    "width": 815,
    "byteSize": 46522,
    "thumbnailLink": "https://encrypted-tbn0.gstatic.com/images?q=tbn:ANd9GcQB2lR3RM28JwmPbp7rFk4_6hPBDyfEs41t_xWghxlcNyDW5JOrTgTxNo4",
    "thumbnailHeight": 114,
    "thumbnailWidth": 144
   }
  },
  {
   "kind": "customsearch#result",
   "title": "Sobral Cultura - Francisco José Barbosa da Silva - Mapa Cultural ...",
   "htmlTitle": "Sobral Cultura - Francisco \u003cb\u003eJosé Barbosa da Silva\u003c/b\u003e - Mapa Cultural ...",
   "link": "https://cultura.sobral.ce.gov.br/files/agent/9744/certificado.jpg",
   "displayLink": "cultura.sobral.ce.gov.br",
   "snippet": "Sobral Cultura - Francisco José Barbosa da Silva - Mapa Cultural ...",
   "htmlSnippet": "Sobral Cultura - Francisco \u003cb\u003eJosé Barbosa da Silva\u003c/b\u003e - Mapa Cultural ...",
   "mime": "image/jpeg",
   "image": {
    "contextLink": "https://cultura.sobral.ce.gov.br/agente/9744/",
    "height": 2338,
    "width": 1700,
    "byteSize": 1056080,
    "thumbnailLink": "https://encrypted-tbn0.gstatic.com/images?q=tbn:ANd9GcRAtBE9nmZDPnuqB2KxQ_-KbUM44OtqBY6vOXjY8RYStr6sP5ZsXfpDT3s",
    "thumbnailHeight": 150,
    "thumbnailWidth": 109
   }
  }
 ]
}
