{
 "kind": "customsearch#search",
 "url": {
  "type": "application/json",
  "template": "https://www.googleapis.com/customsearch/v1?q={searchTerms}&num={count?}&start={startIndex?}&lr={language?}&safe={safe?}&cx={cx?}&sort={sort?}&filter={filter?}&gl={gl?}&cr={cr?}&googlehost={googleHost?}&c2coff={disableCnTwTranslation?}&hq={hq?}&hl={hl?}&siteSearch={siteSearch?}&siteSearchFilter={siteSearchFilter?}&exactTerms={exactTerms?}&excludeTerms={excludeTerms?}&linkSite={linkSite?}&orTerms={orTerms?}&relatedSite={relatedSite?}&dateRestrict={dateRestrict?}&lowRange={lowRange?}&highRange={highRange?}&searchType={searchType}&fileType={fileType?}&rights={rights?}&imgSize={imgSize?}&imgType={imgType?}&imgColorType={imgColorType?}&imgDominantColor={imgDominantColor?}&alt=json"
 },
 "queries": {
  "request": [
   {
    "title": "Google Custom Search - \"JOSE RIBEIRO DE CASTRO\"",
    "totalResults": "102000",
    "searchTerms": "\"JOSE RIBEIRO DE CASTRO\"",
    "count": 10,
    "startIndex": 1,
    "inputEncoding": "utf8",
    "outputEncoding": "utf8",
    "safe": "off",
    "cx": "014097292584411445814:sh5uhwve2ei",
    "searchType": "image"
   }
  ],
  "nextPage": [
   {
    "title": "Google Custom Search - \"JOSE RIBEIRO DE CASTRO\"",
    "totalResults": "102000",
    "searchTerms": "\"JOSE RIBEIRO DE CASTRO\"",
    "count": 10,
    "startIndex": 11,
    "inputEncoding": "utf8",
    "outputEncoding": "utf8",
    "safe": "off",
    "cx": "014097292584411445814:sh5uhwve2ei",
    "searchType": "image"
   }
  ]
 },
 "context": {
  "title": "Eleitos"
 },
 "searchInformation": {
  "searchTime": 0.160154,
  "formattedSearchTime": "0.16",
  "totalResults": "102000",
  "formattedTotalResults": "102,000"
 },
 "items": [
  {
   "kind": "customsearch#result",
   "title": "Câmara Municipal de Alexânia-GO",
   "htmlTitle": "Câmara Municipal de Alexânia-GO",
   "link": "https://www.camaraalexania.go.gov.br/portalImages?id=18",
   "displayLink": "www.camaraalexania.go.gov.br",
   "snippet": "Câmara Municipal de Alexânia-GO",
   "htmlSnippet": "Câmara Municipal de Alexânia-GO",
   "mime": "image/",
   "image": {
    "contextLink": "https://www.camaraalexania.go.gov.br/paginas/legislativo/vereadores/exibir?id=8",
    "height": 386,
    "width": 330,
    "byteSize": 31694,
    "thumbnailLink": "https://encrypted-tbn0.gstatic.com/images?q=tbn:ANd9GcT4livfv50IqXN08-rThjFVtflfWe48VPynRxWlMzX_A7glVHv1EkFEz6M",
    "thumbnailHeight": 123,
    "thumbnailWidth": 105
   }
  },
  {
   "kind": "customsearch#result",
   "title": "Diag 6_2019_3_19_10_0_48_88563",
   "htmlTitle": "Diag 6_2019_3_19_10_0_48_88563",
   "link": "x-raw-image:///536453fef04cd56b648a794610565ac7653ba0a5f531dade93a73a4fbb43927c",
   "displayLink": "www.ibram.df.gov.br",
   "snippet": "Diag 6_2019_3_19_10_0_48_88563",
   "htmlSnippet": "Diag 6_2019_3_19_10_0_48_88563",
   "mime": "image/",
   "image": {
    "contextLink": "http://www.ibram.df.gov.br/wp-content/uploads/2019/05/Diagn%C3%B3sticos-Ambiental-da-APA-de-Cafuringa-Vol.-06.pdf",
    "height": 1754,
    "width": 1239,
    "byteSize": 464178,
    "thumbnailLink": "https://encrypted-tbn0.gstatic.com/images?q=tbn:ANd9GcRNGjjIJvkLpnEDy9FSr4yQgxIUZkMcI5aY7bCKOBhx4Ej-241LlHt_xqo",
    "thumbnailHeight": 150,
    "thumbnailWidth": 106
   }
  },
  {
   "kind": "customsearch#result",
   "title": "Logotipo oficial da tua nova loja 😀... - Rottoo: Tattoo ...",
   "htmlTitle": "Logotipo oficial da tua nova loja 😀... - Rottoo: Tattoo ...",
   "link": "https://lookaside.fbsbx.com/lookaside/crawler/media/?media_id=1442275129211786",
   "displayLink": "pt-pt.facebook.com",
   "snippet": "Logotipo oficial da tua nova loja 😀... - Rottoo: Tattoo ...",
   "htmlSnippet": "Logotipo oficial da tua nova loja 😀... - Rottoo: Tattoo ...",
   "mime": "image/",
   "image": {
    "contextLink": "https://pt-pt.facebook.com/Rottoo.Tattoo.Bodypiercing/posts/1442275165878449:0",
    "height": 960,
    "width": 960,
    "byteSize": 75190,
    "thumbnailLink": "https://encrypted-tbn0.gstatic.com/images?q=tbn:ANd9GcS4L_s2duCIKLeA_XCFS_Qx017gT0HL3njCHIQMrWZGFhN0Dv81tGp9BwPnHQ",
    "thumbnailHeight": 148,
    "thumbnailWidth": 148
   }
  },
  {
   "kind": "customsearch#result",
   "title": "Untitled",
   "htmlTitle": "Untitled",
   "link": "x-raw-image:///965a5bc99b23c949a2e659e41b7aa14470bdb801b40831ab71d4e5b576fd22b2",
   "displayLink": "www.quissama.rj.gov.br",
   "snippet": "Untitled",
   "htmlSnippet": "Untitled",
   "mime": "image/",
   "image": {
    "contextLink": "https://www.quissama.rj.gov.br/arquivos/legislacao/1828_2019_lei-1828.pdf",
    "height": 3404,
    "width": 2409,
    "byteSize": 3591976,
    "thumbnailLink": "https://encrypted-tbn0.gstatic.com/images?q=tbn:ANd9GcTi9nEWPL_WQ1l4Yk-RodiTBXA7Ca4BvmRMECKFqyEsbwnLX15F3oOxN5k",
    "thumbnailHeight": 150,
    "thumbnailWidth": 106
   }
  },
  {
   "kind": "customsearch#result",
   "title": "Estância Balneária de Ilha Comprida - PREFEITURA MUNICIPAL ...",
   "htmlTitle": "Estância Balneária de Ilha Comprida - PREFEITURA MUNICIPAL ...",
   "link": "https://www.ilhacomprida.sp.gov.br/home/media/images/22448389_1478533145556891_1672138106724781632_n(2).jpg",
   "displayLink": "www.ilhacomprida.sp.gov.br",
   "snippet": "Estância Balneária de Ilha Comprida - PREFEITURA MUNICIPAL ...",
   "htmlSnippet": "Estância Balneária de Ilha Comprida - PREFEITURA MUNICIPAL ...",
   "mime": "image/jpeg",
   "image": {
    "contextLink": "https://www.ilhacomprida.sp.gov.br/home/noticia/saude/conheca_os_agentes_de_saude_que_fazem_o_recadastramento_dos_moradores.html",
    "height": 960,
    "width": 869,
    "byteSize": 106805,
    "thumbnailLink": "https://encrypted-tbn0.gstatic.com/images?q=tbn:ANd9GcRKILYMcqx6G57mVca5PvwhNZsTZNyG8ud3CNMdV7qswf_JwbVglqwKaSOV",
    "thumbnailHeight": 148,
    "thumbnailWidth": 134
   }
  },
  {
   "kind": "customsearch#result",
   "title": "Ana Paula Rodriguez - About | Facebook",
   "htmlTitle": "Ana Paula Rodriguez - About | Facebook",
   "link": "https://lookaside.fbsbx.com/lookaside/crawler/media/?media_id=1565820733460509",
   "displayLink": "www.facebook.com",
   "snippet": "Ana Paula Rodriguez - About | Facebook",
   "htmlSnippet": "Ana Paula Rodriguez - About | Facebook",
   "mime": "image/",
   "image": {
    "contextLink": "https://www.facebook.com/aprestetica/about/",
    "height": 960,
    "width": 681,
    "byteSize": 99290,
    "thumbnailLink": "https://encrypted-tbn0.gstatic.com/images?q=tbn:ANd9GcQmvARRz3Ibqi8yK7SZFIRWPO_thrEPeInn2wI-iayv7UenavIXtDP2xCc",
    "thumbnailHeight": 148,
    "thumbnailWidth": 105
   }
  },
  {
   "kind": "customsearch#result",
   "title": "Estância Balneária de Ilha Comprida - PREFEITURA MUNICIPAL ...",
   "htmlTitle": "Estância Balneária de Ilha Comprida - PREFEITURA MUNICIPAL ...",
   "link": "https://www.ilhacomprida.sp.gov.br/home/media/images/22449848_1478534252223447_3600630760307949826_n.jpg",
   "displayLink": "www.ilhacomprida.sp.gov.br",
   "snippet": "Estância Balneária de Ilha Comprida - PREFEITURA MUNICIPAL ...",
   "htmlSnippet": "Estância Balneária de Ilha Comprida - PREFEITURA MUNICIPAL ...",
   "mime": "image/jpeg",
   "image": {
    "contextLink": "https://www.ilhacomprida.sp.gov.br/home/noticia/saude/conheca_os_agentes_de_saude_que_fazem_o_recadastramento_dos_moradores.html",
    "height": 706,
    "width": 806,
    "byteSize": 82727,
    "thumbnailLink": "https://encrypted-tbn0.gstatic.com/images?q=tbn:ANd9GcQTKZFpbuR8ygO-j6gjJTGiZRWfJOLBcA3_L5ZCdLtDc395rQQQPdjPxy5f",
    "thumbnailHeight": 125,
    "thumbnailWidth": 143
   }
  },
  {
   "kind": "customsearch#result",
   "title": "Jose Raimundo Da Conceicao | Jose Rizal Memorial State | Places ...",
   "htmlTitle": "Jose Raimundo Da Conceicao | Jose Rizal Memorial State | Places ...",
   "link": "https://lookaside.fbsbx.com/lookaside/crawler/media/?media_id=475720902458649",
   "displayLink": "www.facebook.com",
   "snippet": "Jose Raimundo Da Conceicao | Jose Rizal Memorial State | Places ...",
   "htmlSnippet": "Jose Raimundo Da Conceicao | Jose Rizal Memorial State | Places ...",
   "mime": "image/",
   "image": {
    "contextLink": "https://www.facebook.com/directory/places/J-1648219-1648647",
    "height": 398,
    "width": 500,
    "byteSize": 15609,
    "thumbnailLink": "https://encrypted-tbn0.gstatic.com/images?q=tbn:ANd9GcSF7otUbOJ5xVjU6iJX85tpkxByYEmlhBNKsIFlJF8yBlEOXWX86vZwk3M",
    "thumbnailHeight": 103,
    "thumbnailWidth": 130
   }
  },
  {
   "kind": "customsearch#result",
   "title": "Estância Balneária de Ilha Comprida - PREFEITURA MUNICIPAL ...",
   "htmlTitle": "Estância Balneária de Ilha Comprida - PREFEITURA MUNICIPAL ...",
   "link": "https://www.ilhacomprida.sp.gov.br/home/media/images/22448567_1478532835556922_2756698708232256608_n.jpg",
   "displayLink": "www.ilhacomprida.sp.gov.br",
   "snippet": "Estância Balneária de Ilha Comprida - PREFEITURA MUNICIPAL ...",
   "htmlSnippet": "Estância Balneária de Ilha Comprida - PREFEITURA MUNICIPAL ...",
   "mime": "image/jpeg",
   "image": {
    "contextLink": "https://www.ilhacomprida.sp.gov.br/home/noticia/saude/conheca_os_agentes_de_saude_que_fazem_o_recadastramento_dos_moradores.html",
    "height": 943,
    "width": 960,
    "byteSize": 98035,
    "thumbnailLink": "https://encrypted-tbn0.gstatic.com/images?q=tbn:ANd9GcQ6B6q9PlsxxutfVe3DOd0oube1dQVDKbuaVHX_dGY0lT0ytlviC9oKWJnavQ",
    "thumbnailHeight": 145,
    "thumbnailWidth": 148
   }
  },
  {
   "kind": "customsearch#result",
   "title": "Ana Paula Rodriguez - About | Facebook",
   "htmlTitle": "Ana Paula Rodriguez - About | Facebook",
   "link": "https://lookaside.fbsbx.com/lookaside/crawler/media/?media_id=1387262234649694",
   "displayLink": "www.facebook.com",
   "snippet": "Ana Paula Rodriguez - About | Facebook",
   "htmlSnippet": "Ana Paula Rodriguez - About | Facebook",
   "mime": "image/",
   "image": {
    "contextLink": "https://www.facebook.com/aprestetica/about/",
    "height": 600,
    "width": 614,
    "byteSize": 107796,
    "thumbnailLink": "https://encrypted-tbn0.gstatic.com/images?q=tbn:ANd9GcTK-TolihbivF0qCC-LbLMOegkJXOJxw9u6eaRP7y7q7hbn5JfiHh9YvA2S",
    "thumbnailHeight": 133,
    "thumbnailWidth": 136
   }
  }
 ]
}
