{
 "kind": "customsearch#search",
 "url": {
  "type": "application/json",
  "template": "https://www.googleapis.com/customsearch/v1?q={searchTerms}&num={count?}&start={startIndex?}&lr={language?}&safe={safe?}&cx={cx?}&sort={sort?}&filter={filter?}&gl={gl?}&cr={cr?}&googlehost={googleHost?}&c2coff={disableCnTwTranslation?}&hq={hq?}&hl={hl?}&siteSearch={siteSearch?}&siteSearchFilter={siteSearchFilter?}&exactTerms={exactTerms?}&excludeTerms={excludeTerms?}&linkSite={linkSite?}&orTerms={orTerms?}&relatedSite={relatedSite?}&dateRestrict={dateRestrict?}&lowRange={lowRange?}&highRange={highRange?}&searchType={searchType}&fileType={fileType?}&rights={rights?}&imgSize={imgSize?}&imgType={imgType?}&imgColorType={imgColorType?}&imgDominantColor={imgDominantColor?}&alt=json"
 },
 "queries": {
  "request": [
   {
    "title": "Google Custom Search - \"JOSE ANTONIO INACIO\"",
    "totalResults": "17600",
    "searchTerms": "\"JOSE ANTONIO INACIO\"",
    "count": 10,
    "startIndex": 1,
    "inputEncoding": "utf8",
    "outputEncoding": "utf8",
    "safe": "off",
    "cx": "014097292584411445814:sh5uhwve2ei",
    "searchType": "image"
   }
  ],
  "nextPage": [
   {
    "title": "Google Custom Search - \"JOSE ANTONIO INACIO\"",
    "totalResults": "17600",
    "searchTerms": "\"JOSE ANTONIO INACIO\"",
    "count": 10,
    "startIndex": 11,
    "inputEncoding": "utf8",
    "outputEncoding": "utf8",
    "safe": "off",
    "cx": "014097292584411445814:sh5uhwve2ei",
    "searchType": "image"
   }
  ]
 },
 "context": {
  "title": "Eleitos"
 },
 "searchInformation": {
  "searchTime": 0.226067,
  "formattedSearchTime": "0.23",
  "totalResults": "17600",
  "formattedTotalResults": "17,600"
 },
 "items": [
  {
   "kind": "customsearch#result",
   "title": "Jose antonio inacio da silva - Posts | Facebook",
   "htmlTitle": "\u003cb\u003eJose antonio inacio\u003c/b\u003e da silva - Posts | Facebook",
   "link": "https://lookaside.fbsbx.com/lookaside/crawler/media/?media_id=1619142511436379",
   "displayLink": "www.facebook.com",
   "snippet": "Jose antonio inacio da silva - Posts | Facebook",
   "htmlSnippet": "\u003cb\u003eJose antonio inacio\u003c/b\u003e da silva - Posts | Facebook",
   "mime": "image/",
   "image": {
    "contextLink": "https://www.facebook.com/Jose-antonio-inacio-da-silva-1619142511436379/posts/",
    "height": 672,
    "width": 672,
    "byteSize": 53100,
    "thumbnailLink": "https://encrypted-tbn0.gstatic.com/images?q=tbn:ANd9GcQ_4IbQuNuFUGCef5SY7CfXpAk34d9jNhXxPmlR7zBjrLEsaR7RLZ0BUjSbew",
    "thumbnailHeight": 138,
    "thumbnailWidth": 138
   }
  },
  {
   "kind": "customsearch#result",
   "title": "Jose antonio garcía erre | Jose de Escandón | Pages Directory",
   "htmlTitle": "Jose antonio garcía erre | Jose de Escandón | Pages Directory",
   "link": "https://lookaside.fbsbx.com/lookaside/crawler/media/?media_id=1136596683023455",
   "displayLink": "www.facebook.com",
   "snippet": "Jose antonio garcía erre | Jose de Escandón | Pages Directory",
   "htmlSnippet": "Jose antonio garcía erre | Jose de Escandón | Pages Directory",
   "mime": "image/",
   "image": {
    "contextLink": "https://www.facebook.com/directory/pages/J-5201046-5202568",
    "height": 960,
    "width": 538,
    "byteSize": 51075,
    "thumbnailLink": "https://encrypted-tbn0.gstatic.com/images?q=tbn:ANd9GcSp5Xdwsp6ojxGnEuGbdfR88JLclaRAFZ6SEaiKIVqSOWbuQvnKMvnBK5s",
    "thumbnailHeight": 148,
    "thumbnailWidth": 83
   }
  },
  {
   "kind": "customsearch#result",
   "title": "Jose antonio garcía erre | Jose de Escandón | Pages Directory",
   "htmlTitle": "Jose antonio garcía erre | Jose de Escandón | Pages Directory",
   "link": "https://lookaside.fbsbx.com/lookaside/crawler/media/?media_id=1062349183895412",
   "displayLink": "www.facebook.com",
   "snippet": "Jose antonio garcía erre | Jose de Escandón | Pages Directory",
   "htmlSnippet": "Jose antonio garcía erre | Jose de Escandón | Pages Directory",
   "mime": "image/",
   "image": {
    "contextLink": "https://www.facebook.com/directory/pages/J-5201046-5202568",
    "height": 367,
    "width": 553,
    "byteSize": 41457,
    "thumbnailLink": "https://encrypted-tbn0.gstatic.com/images?q=tbn:ANd9GcQ8KIeSE_ZrSYN7fwTasPhLSGUa5md1rZeijSKKqUFLCk-lHiz-VGLFmYLf",
    "thumbnailHeight": 88,
    "thumbnailWidth": 133
   }
  },
  {
   "kind": "customsearch#result",
   "title": "Jose antonio gutierrez | Jose david llontop anaya | Pages Directory",
   "htmlTitle": "Jose antonio gutierrez | Jose david llontop anaya | Pages Directory",
   "link": "https://lookaside.fbsbx.com/lookaside/crawler/media/?media_id=615420215577644",
   "displayLink": "www.facebook.com",
   "snippet": "Jose antonio gutierrez | Jose david llontop anaya | Pages Directory",
   "htmlSnippet": "Jose antonio gutierrez | Jose david llontop anaya | Pages Directory",
   "mime": "image/",
   "image": {
    "contextLink": "https://www.facebook.com/directory/pages/J-5184804-5186220",
    "height": 960,
    "width": 960,
    "byteSize": 12333,
    "thumbnailLink": "https://encrypted-tbn0.gstatic.com/images?q=tbn:ANd9GcRs-M4DoLontWUsntM5DVionqc5l_z8ANPpfA6mLEp0f8LMZ9E35LqMr_bs",
    "thumbnailHeight": 148,
    "thumbnailWidth": 148
   }
  },
  {
   "kind": "customsearch#result",
   "title": "Jose antonio garcía erre | Jose de Escandón | Pages Directory",
   "htmlTitle": "Jose antonio garcía erre | Jose de Escandón | Pages Directory",
   "link": "https://lookaside.fbsbx.com/lookaside/crawler/media/?media_id=582725695445454",
   "displayLink": "www.facebook.com",
   "snippet": "Jose antonio garcía erre | Jose de Escandón | Pages Directory",
   "htmlSnippet": "Jose antonio garcía erre | Jose de Escandón | Pages Directory",
   "mime": "image/",
   "image": {
    "contextLink": "https://www.facebook.com/directory/pages/J-5201046-5202568",
    "height": 960,
    "width": 960,
    "byteSize": 12370,
    "thumbnailLink": "https://encrypted-tbn0.gstatic.com/images?q=tbn:ANd9GcR4D8S3oSqac98XhVxXFGgaYV-Ymsis75_Gjy-I-Uv_jaFug43AoMsmoIloMQ",
    "thumbnailHeight": 148,
    "thumbnailWidth": 148
   }
  },
  {
   "kind": "customsearch#result",
   "title": "Jose antonio garcía erre | Jose de Escandón | Pages Directory",
   "htmlTitle": "Jose antonio garcía erre | Jose de Escandón | Pages Directory",
   "link": "https://lookaside.fbsbx.com/lookaside/crawler/media/?media_id=2437188706295625",
   "displayLink": "www.facebook.com",
   "snippet": "Jose antonio garcía erre | Jose de Escandón | Pages Directory",
   "htmlSnippet": "Jose antonio garcía erre | Jose de Escandón | Pages Directory",
   "mime": "image/",
   "image": {
    "contextLink": "https://www.facebook.com/directory/pages/J-5201046-5202568",
    "height": 960,
    "width": 954,
    "byteSize": 191688,
    "thumbnailLink": "https://encrypted-tbn0.gstatic.com/images?q=tbn:ANd9GcRxe7xAD87NYVTYzXPFA-PEMEQxP6CCOH8YXPeQwaTIHtgNeTgIY_wzlN6h",
    "thumbnailHeight": 148,
    "thumbnailWidth": 147
   }
  },
  {
   "kind": "customsearch#result",
   "title": "Jose antonio gutierrez | Jose david llontop anaya | Pages Directory",
   "htmlTitle": "Jose antonio gutierrez | Jose david llontop anaya | Pages Directory",
   "link": "https://lookaside.fbsbx.com/lookaside/crawler/media/?media_id=196303250394893",
   "displayLink": "www.facebook.com",
   "snippet": "Jose antonio gutierrez | Jose david llontop anaya | Pages Directory",
   "htmlSnippet": "Jose antonio gutierrez | Jose david llontop anaya | Pages Directory",
   "mime": "image/",
   "image": {
    "contextLink": "https://www.facebook.com/directory/pages/J-5184804-5186220",
    "height": 960,
    "width": 944,
    "byteSize": 213381,
    "thumbnailLink": "https://encrypted-tbn0.gstatic.com/images?q=tbn:ANd9GcS-UjUWbkCNjCgScYFj0_TxucCI_XFcnOlAtwVh7cMdx0eb9cSVihfoUDTL",
    "thumbnailHeight": 148,
    "thumbnailWidth": 146
   }
  },
  {
   "kind": "customsearch#result",
   "title": "Jose antonio gutierrez | Jose david llontop anaya | Pages Directory",
   "htmlTitle": "Jose antonio gutierrez | Jose david llontop anaya | Pages Directory",
   "link": "https://lookaside.fbsbx.com/lookaside/crawler/media/?media_id=605853652921880",
   "displayLink": "www.facebook.com",
   "snippet": "Jose antonio gutierrez | Jose david llontop anaya | Pages Directory",
   "htmlSnippet": "Jose antonio gutierrez | Jose david llontop anaya | Pages Directory",
   "mime": "image/",
   "image": {
    "contextLink": "https://www.facebook.com/directory/pages/J-5184804-5186220",
    "height": 956,
    "width": 960,
    "byteSize": 96125,
    "thumbnailLink": "https://encrypted-tbn0.gstatic.com/images?q=tbn:ANd9GcRW3k8Az6kJZvHMyfehBQ8ixSOO9GJTNu75mJkKTmhM6FCoCUaNFdATQ342",
    "thumbnailHeight": 147,
    "thumbnailWidth": 148
   }
  },
  {
   "kind": "customsearch#result",
   "title": "Jose antonio gutierrez | Jose david llontop anaya | Pages Directory",
   "htmlTitle": "Jose antonio gutierrez | Jose david llontop anaya | Pages Directory",
   "link": "https://lookaside.fbsbx.com/lookaside/crawler/media/?media_id=251782878296857",
   "displayLink": "www.facebook.com",
   "snippet": "Jose antonio gutierrez | Jose david llontop anaya | Pages Directory",
   "htmlSnippet": "Jose antonio gutierrez | Jose david llontop anaya | Pages Directory",
   "mime": "image/",
   "image": {
    "contextLink": "https://www.facebook.com/directory/pages/J-5184804-5186220",
    "height": 956,
    "width": 960,
    "byteSize": 162854,
    "thumbnailLink": "https://encrypted-tbn0.gstatic.com/images?q=tbn:ANd9GcRZ4S1AqUYH5nAog8r5RDUriDNry0NApAFfzFWJtcxewJZUydAuxMh1UIGW",
    "thumbnailHeight": 147,
    "thumbnailWidth": 148
   }
  },
  {
   "kind": "customsearch#result",
   "title": "Jose antonio garcía erre | Jose de Escandón | Pages Directory",
   "htmlTitle": "Jose antonio garcía erre | Jose de Escandón | Pages Directory",
   "link": "https://lookaside.fbsbx.com/lookaside/crawler/media/?media_id=1091172904280574",
   "displayLink": "www.facebook.com",
   "snippet": "Jose antonio garcía erre | Jose de Escandón | Pages Directory",
   "htmlSnippet": "Jose antonio garcía erre | Jose de Escandón | Pages Directory",
   "mime": "image/",
   "image": {
    "contextLink": "https://www.facebook.com/directory/pages/J-5201046-5202568",
    "height": 480,
    "width": 479,
    "byteSize": 30676,
    "thumbnailLink": "https://encrypted-tbn0.gstatic.com/images?q=tbn:ANd9GcQc5a9SJZofo1ppjp1VSX6bOqzKc0NNre6m6iRD5h7qtAO472mGWvIpsqG3Zw",
    "thumbnailHeight": 129,
    "thumbnailWidth": 129
   }
  }
 ]
}
