{
 "kind": "customsearch#search",
 "url": {
  "type": "application/json",
  "template": "https://www.googleapis.com/customsearch/v1?q={searchTerms}&num={count?}&start={startIndex?}&lr={language?}&safe={safe?}&cx={cx?}&sort={sort?}&filter={filter?}&gl={gl?}&cr={cr?}&googlehost={googleHost?}&c2coff={disableCnTwTranslation?}&hq={hq?}&hl={hl?}&siteSearch={siteSearch?}&siteSearchFilter={siteSearchFilter?}&exactTerms={exactTerms?}&excludeTerms={excludeTerms?}&linkSite={linkSite?}&orTerms={orTerms?}&relatedSite={relatedSite?}&dateRestrict={dateRestrict?}&lowRange={lowRange?}&highRange={highRange?}&searchType={searchType}&fileType={fileType?}&rights={rights?}&imgSize={imgSize?}&imgType={imgType?}&imgColorType={imgColorType?}&imgDominantColor={imgDominantColor?}&alt=json"
 },
 "queries": {
  "request": [
   {
    "title": "Google Custom Search - \"JOSE MARIA FILHO\"",
    "totalResults": "7600",
    "searchTerms": "\"JOSE MARIA FILHO\"",
    "count": 10,
    "startIndex": 1,
    "inputEncoding": "utf8",
    "outputEncoding": "utf8",
    "safe": "off",
    "cx": "014097292584411445814:sh5uhwve2ei",
    "searchType": "image"
   }
  ],
  "nextPage": [
   {
    "title": "Google Custom Search - \"JOSE MARIA FILHO\"",
    "totalResults": "7600",
    "searchTerms": "\"JOSE MARIA FILHO\"",
    "count": 10,
    "startIndex": 11,
    "inputEncoding": "utf8",
    "outputEncoding": "utf8",
    "safe": "off",
    "cx": "014097292584411445814:sh5uhwve2ei",
    "searchType": "image"
   }
  ]
 },
 "context": {
  "title": "Eleitos"
 },
 "searchInformation": {
  "searchTime": 0.235486,
  "formattedSearchTime": "0.24",
  "totalResults": "7600",
  "formattedTotalResults": "7,600"
 },
 "items": [
  {
   "kind": "customsearch#result",
   "title": "José Maria Filho romarias - Home | Facebook",
   "htmlTitle": "\u003cb\u003eJosé Maria Filho\u003c/b\u003e romarias - Home | Facebook",
   "link": "https://lookaside.fbsbx.com/lookaside/crawler/media/?media_id=359945484645344",
   "displayLink": "www.facebook.com",
   "snippet": "José Maria Filho romarias - Home | Facebook",
   "htmlSnippet": "\u003cb\u003eJosé Maria Filho\u003c/b\u003e romarias - Home | Facebook",
   "mime": "image/",
   "image": {
    "contextLink": "https://www.facebook.com/gustavouesiogestaoempresarialpoliticapessoal",
    "height": 960,
    "width": 597,
    "byteSize": 168432,
    "thumbnailLink": "https://encrypted-tbn0.gstatic.com/images?q=tbn:ANd9GcRWR-t-J1SVMxTSZbRHi9kuMsMYNV3ofihwzpiosCR4EhxraQQtkMu8ESRf",
    "thumbnailHeight": 148,
    "thumbnailWidth": 92
   }
  },
  {
   "kind": "customsearch#result",
   "title": "Nome: Jose Maria Filho - Vereador Zé Maria (PSDB) — Câmara ...",
   "htmlTitle": "Nome: \u003cb\u003eJose Maria Filho\u003c/b\u003e - Vereador Zé Maria (PSDB) — Câmara ...",
   "link": "http://www.abadiania.go.leg.br/processo-legislativo/parlamentares/Vereadores%202013%202016/IMG_1446.JPG/image_preview",
   "displayLink": "www.abadiania.go.leg.br",
   "snippet": "Nome: Jose Maria Filho - Vereador Zé Maria (PSDB) — Câmara ...",
   "htmlSnippet": "Nome: \u003cb\u003eJose Maria Filho\u003c/b\u003e - Vereador Zé Maria (PSDB) — Câmara ...",
   "mime": "image/",
   "image": {
    "contextLink": "http://www.abadiania.go.leg.br/processo-legislativo/parlamentares/Vereadores%202013%202016/IMG_1446.JPG/view",
    "height": 400,
    "width": 266,
    "byteSize": 22389,
    "thumbnailLink": "https://encrypted-tbn0.gstatic.com/images?q=tbn:ANd9GcSIUn4Kj9bAk53mD7OU0TOrgnrBBxRu1VmI626oWLZfNAvZaj4Vbyv7fg",
    "thumbnailHeight": 124,
    "thumbnailWidth": 82
   }
  },
  {
   "kind": "customsearch#result",
   "title": "Jose Maria Filho - Home | Facebook",
   "htmlTitle": "\u003cb\u003eJose Maria Filho\u003c/b\u003e - Home | Facebook",
   "link": "https://lookaside.fbsbx.com/lookaside/crawler/media/?media_id=444341826019558",
   "displayLink": "www.facebook.com",
   "snippet": "Jose Maria Filho - Home | Facebook",
   "htmlSnippet": "\u003cb\u003eJose Maria Filho\u003c/b\u003e - Home | Facebook",
   "mime": "image/",
   "image": {
    "contextLink": "https://www.facebook.com/pages/category/Artist/Jose-Maria-Filho-444341826019558/",
    "height": 960,
    "width": 960,
    "byteSize": 12569,
    "thumbnailLink": "https://encrypted-tbn0.gstatic.com/images?q=tbn:ANd9GcRq1b32MCqlLjJgFcKSw_HHRCHLsW6XNJZGssCidgwVgHZu7DJXydt6KULN",
    "thumbnailHeight": 148,
    "thumbnailWidth": 148
   }
  },
  {
   "kind": "customsearch#result",
   "title": "Agricultores de Campo Alegre comemoram mais uma colheita farta de ...",
   "htmlTitle": "Agricultores de Campo Alegre comemoram mais uma colheita farta de ...",
   "link": "http://www.campoalegre.al.gov.br/userfiles/galeria/img55176.jpeg",
   "displayLink": "www.campoalegre.al.gov.br",
   "snippet": "Agricultores de Campo Alegre comemoram mais uma colheita farta de ...",
   "htmlSnippet": "Agricultores de Campo Alegre comemoram mais uma colheita farta de ...",
   "mime": "image/jpeg",
   "image": {
    "contextLink": "http://www.campoalegre.al.gov.br/c/3526/agricultores-de-campo-alegre-comemoram-mais-uma-colheita-farta-de-feijao-do-barriga-cheia-/",
    "height": 720,
    "width": 853,
    "byteSize": 408126,
    "thumbnailLink": "https://encrypted-tbn0.gstatic.com/images?q=tbn:ANd9GcRzoHctBScIBBitRmY39-eRWbpQKW-WpMH8etIkzdoSt4E277WL5159sGX2",
    "thumbnailHeight": 122,
    "thumbnailWidth": 145
   }
  },
  {
   "kind": "customsearch#result",
   "title": "Depósito José Maria Filho - About | Facebook",
   "htmlTitle": "Depósito \u003cb\u003eJosé Maria Filho\u003c/b\u003e - About | Facebook",
   "link": "https://lookaside.fbsbx.com/lookaside/crawler/media/?media_id=951560758568776",
   "displayLink": "www.facebook.com",
   "snippet": "Depósito José Maria Filho - About | Facebook",
   "htmlSnippet": "Depósito \u003cb\u003eJosé Maria Filho\u003c/b\u003e - About | Facebook",
   "mime": "image/",
   "image": {
    "contextLink": "https://www.facebook.com/pages/category/Building-Material-Store/depositojosemariafilho/about/",
    "height": 960,
    "width": 960,
    "byteSize": 131206,
    "thumbnailLink": "https://encrypted-tbn0.gstatic.com/images?q=tbn:ANd9GcQOvplXaHIZQYvAijpSNFkADcRToEXk0rNG0I5JzXBGKWma5c6dLbk3Ok2X3g",
    "thumbnailHeight": 148,
    "thumbnailWidth": 148
   }
  },
  {
   "kind": "customsearch#result",
   "title": "Agricultores de Campo Alegre comemoram mais uma colheita farta de ...",
   "htmlTitle": "Agricultores de Campo Alegre comemoram mais uma colheita farta de ...",
   "link": "http://www.campoalegre.al.gov.br/userfiles/galeria/img55177.jpeg",
   "displayLink": "www.campoalegre.al.gov.br",
   "snippet": "Agricultores de Campo Alegre comemoram mais uma colheita farta de ...",
   "htmlSnippet": "Agricultores de Campo Alegre comemoram mais uma colheita farta de ...",
   "mime": "image/jpeg",
   "image": {
    "contextLink": "http://www.campoalegre.al.gov.br/c/3526/agricultores-de-campo-alegre-comemoram-mais-uma-colheita-farta-de-feijao-do-barriga-cheia-/",
    "height": 720,
    "width": 960,
    "byteSize": 395793,
    "thumbnailLink": "https://encrypted-tbn0.gstatic.com/images?q=tbn:ANd9GcS1FpGVQZlppvhGde9X_yUV0tSQ4ao0lbrriOd1sOwuAITeTW6P6VYISvk",
    "thumbnailHeight": 111,
    "thumbnailWidth": 148
   }
  },
  {
   "kind": "customsearch#result",
   "title": "Zema José Maria Filho - Events | Facebook",
   "htmlTitle": "Zema \u003cb\u003eJosé Maria Filho\u003c/b\u003e - Events | Facebook",
   "link": "https://lookaside.fbsbx.com/lookaside/crawler/media/?media_id=2354329327965093",
   "displayLink": "www.facebook.com",
   "snippet": "Zema José Maria Filho - Events | Facebook",
   "htmlSnippet": "Zema \u003cb\u003eJosé Maria Filho\u003c/b\u003e - Events | Facebook",
   "mime": "image/",
   "image": {
    "contextLink": "https://www.facebook.com/Zemajosemariafilho/events/?ref=page_internal",
    "height": 350,
    "width": 830,
    "byteSize": 82683,
    "thumbnailLink": "https://encrypted-tbn0.gstatic.com/images?q=tbn:ANd9GcSbSQbgbfsROXiUQYrsF96eLzDf3wLtAzfDK3fo7AG3LrTHPi6oVslmaZM",
    "thumbnailHeight": 61,
    "thumbnailWidth": 144
   }
  },
  {
   "kind": "customsearch#result",
   "title": "Agricultores de Campo Alegre comemoram mais uma colheita farta de ...",
   "htmlTitle": "Agricultores de Campo Alegre comemoram mais uma colheita farta de ...",
   "link": "http://www.campoalegre.al.gov.br/userfiles/galeria/img55187.jpeg",
   "displayLink": "www.campoalegre.al.gov.br",
   "snippet": "Agricultores de Campo Alegre comemoram mais uma colheita farta de ...",
   "htmlSnippet": "Agricultores de Campo Alegre comemoram mais uma colheita farta de ...",
   "mime": "image/jpeg",
   "image": {
    "contextLink": "http://www.campoalegre.al.gov.br/c/3526/agricultores-de-campo-alegre-comemoram-mais-uma-colheita-farta-de-feijao-do-barriga-cheia-/",
    "height": 720,
    "width": 960,
    "byteSize": 562181,
    "thumbnailLink": "https://encrypted-tbn0.gstatic.com/images?q=tbn:ANd9GcTa6uoDTO3zMvZAEUtK5ewO8rJBzUbSQTG8EZF6wYnNO3laCsnDbplCE3c",
    "thumbnailHeight": 111,
    "thumbnailWidth": 148
   }
  },
  {
   "kind": "customsearch#result",
   "title": "Zema José Maria Filho - Photos | Facebook",
   "htmlTitle": "Zema \u003cb\u003eJosé Maria Filho\u003c/b\u003e - Photos | Facebook",
   "link": "https://lookaside.fbsbx.com/lookaside/crawler/media/?media_id=2104231272974901",
   "displayLink": "touch.facebook.com",
   "snippet": "Zema José Maria Filho - Photos | Facebook",
   "htmlSnippet": "Zema \u003cb\u003eJosé Maria Filho\u003c/b\u003e - Photos | Facebook",
   "mime": "image/",
   "image": {
    "contextLink": "https://touch.facebook.com/josemariafilhoZema/photos/?tab=album&album_id=1673867752677924&mt_nav=1",
    "height": 576,
    "width": 576,
    "byteSize": 56387,
    "thumbnailLink": "https://encrypted-tbn0.gstatic.com/images?q=tbn:ANd9GcQZk6skKd8YEoGJqr9v4UB42AmSAEhLiyYjOw8qcFgesSE8hgz9DpEz5Zdv",
    "thumbnailHeight": 134,
    "thumbnailWidth": 134
   }
  },
  {
   "kind": "customsearch#result",
   "title": "Agricultores de Campo Alegre comemoram mais uma colheita farta de ...",
   "htmlTitle": "Agricultores de Campo Alegre comemoram mais uma colheita farta de ...",
   "link": "http://www.campoalegre.al.gov.br/userfiles/galeria/img55178.jpeg",
   "displayLink": "www.campoalegre.al.gov.br",
   "snippet": "Agricultores de Campo Alegre comemoram mais uma colheita farta de ...",
   "htmlSnippet": "Agricultores de Campo Alegre comemoram mais uma colheita farta de ...",
   "mime": "image/jpeg",
   "image": {
    "contextLink": "http://www.campoalegre.al.gov.br/c/3526/agricultores-de-campo-alegre-comemoram-mais-uma-colheita-farta-de-feijao-do-barriga-cheia-/",
    "height": 720,
    "width": 960,
    "byteSize": 478908,
    "thumbnailLink": "https://encrypted-tbn0.gstatic.com/images?q=tbn:ANd9GcTjWGe5fbYZwC8dpS1cOoyHvXHEDIyaypclyKCp07VPNvDXqNUVyuzcLMH9",
    "thumbnailHeight": 111,
    "thumbnailWidth": 148
   }
  }
 ]
}
