{
 "kind": "customsearch#search",
 "url": {
  "type": "application/json",
  "template": "https://www.googleapis.com/customsearch/v1?q={searchTerms}&num={count?}&start={startIndex?}&lr={language?}&safe={safe?}&cx={cx?}&sort={sort?}&filter={filter?}&gl={gl?}&cr={cr?}&googlehost={googleHost?}&c2coff={disableCnTwTranslation?}&hq={hq?}&hl={hl?}&siteSearch={siteSearch?}&siteSearchFilter={siteSearchFilter?}&exactTerms={exactTerms?}&excludeTerms={excludeTerms?}&linkSite={linkSite?}&orTerms={orTerms?}&relatedSite={relatedSite?}&dateRestrict={dateRestrict?}&lowRange={lowRange?}&highRange={highRange?}&searchType={searchType}&fileType={fileType?}&rights={rights?}&imgSize={imgSize?}&imgType={imgType?}&imgColorType={imgColorType?}&imgDominantColor={imgDominantColor?}&alt=json"
 },
 "queries": {
  "request": [
   {
    "title": "Google Custom Search - \"JOSE MILTON CAMELO\"",
    "totalResults": "79",
    "searchTerms": "\"JOSE MILTON CAMELO\"",
    "count": 10,
    "startIndex": 1,
    "inputEncoding": "utf8",
    "outputEncoding": "utf8",
    "safe": "off",
    "cx": "014097292584411445814:sh5uhwve2ei",
    "searchType": "image"
   }
  ],
  "nextPage": [
   {
    "title": "Google Custom Search - \"JOSE MILTON CAMELO\"",
    "totalResults": "79",
    "searchTerms": "\"JOSE MILTON CAMELO\"",
    "count": 10,
    "startIndex": 11,
    "inputEncoding": "utf8",
    "outputEncoding": "utf8",
    "safe": "off",
    "cx": "014097292584411445814:sh5uhwve2ei",
    "searchType": "image"
   }
  ]
 },
 "context": {
  "title": "Eleitos"
 },
 "searchInformation": {
  "searchTime": 0.10814,
  "formattedSearchTime": "0.11",
  "totalResults": "79",
  "formattedTotalResults": "79"
 },
 "items": [
  {
   "kind": "customsearch#result",
   "title": "Câmara Municipal de Alexânia-GO",
   "htmlTitle": "Câmara Municipal de Alexânia-GO",
   "link": "https://www.camaraalexania.go.gov.br/portalImages?id=20",
   "displayLink": "www.camaraalexania.go.gov.br",
   "snippet": "Câmara Municipal de Alexânia-GO",
   "htmlSnippet": "Câmara Municipal de Alexânia-GO",
   "mime": "image/",
   "image": {
    "contextLink": "https://www.camaraalexania.go.gov.br/paginas/legislativo/vereadores/exibir?id=10",
    "height": 386,
    "width": 330,
    "byteSize": 28774,
    "thumbnailLink": "https://encrypted-tbn0.gstatic.com/images?q=tbn:ANd9GcSdW4E9TlfXOnwHhStCP0PfwvVtsqAYxaMNDTGFYE32Ccii5XufU4XIIA",
    "thumbnailHeight": 123,
    "thumbnailWidth": 105
   }
  },
  {
   "kind": "customsearch#result",
   "title": "Milton Camelo 15000 PMDB (Vereador) Alexânia - Guia Eleições 2016",
   "htmlTitle": "Milton Camelo 15000 PMDB (Vereador) Alexânia - Guia Eleições 2016",
   "link": "https://gazetadopovo-candidatos-2016.s3.amazonaws.com/fotos/go/alexania/milton-camelo-15000.jpg",
   "displayLink": "especiais.gazetadopovo.com.br",
   "snippet": "Milton Camelo 15000 PMDB (Vereador) Alexânia - Guia Eleições 2016",
   "htmlSnippet": "Milton Camelo 15000 PMDB (Vereador) Alexânia - Guia Eleições 2016",
   "mime": "image/jpeg",
   "image": {
    "contextLink": "https://especiais.gazetadopovo.com.br/eleicoes/2016/alexania-go/vereador/milton-camelo-15000/",
    "height": 225,
    "width": 161,
    "byteSize": 5433,
    "thumbnailLink": "https://encrypted-tbn0.gstatic.com/images?q=tbn:ANd9GcRCXJIdeMmcSf4L9C8B7nEm95-cgOQtCkW28_RR5vOJ8ZUq4vS7wIo1jnE",
    "thumbnailHeight": 108,
    "thumbnailWidth": 77
   }
  },
  {
   "kind": "customsearch#result",
   "title": "Jose Milton Camelo Melo - Postingan | Facebook",
   "htmlTitle": "\u003cb\u003eJose Milton Camelo\u003c/b\u003e Melo - Postingan | Facebook",
   "link": "https://lookaside.fbsbx.com/lookaside/crawler/media/?media_id=1867452469995224",
   "displayLink": "id-id.facebook.com",
   "snippet": "Jose Milton Camelo Melo - Postingan | Facebook",
   "htmlSnippet": "\u003cb\u003eJose Milton Camelo\u003c/b\u003e Melo - Postingan | Facebook",
   "mime": "image/",
   "image": {
    "contextLink": "https://id-id.facebook.com/Jose-Milton-Camelo-Melo-1867452469995224/posts",
    "height": 720,
    "width": 960,
    "byteSize": 59951,
    "thumbnailLink": "https://encrypted-tbn0.gstatic.com/images?q=tbn:ANd9GcR5C_6DLEHf6qVElfANoRWs75IUvsZQE4QsMCVVt9vcOQhfYSk5XSA56TS5",
    "thumbnailHeight": 111,
    "thumbnailWidth": 148
   }
  },
  {
   "kind": "customsearch#result",
   "title": "Câmara Municipal de Alexânia-GO",
   "htmlTitle": "Câmara Municipal de Alexânia-GO",
   "link": "https://camaraalexania.go.gov.br/imagens_temp/parlamentar_MjAxNTIwMzU3MTQwNTQw.jpg",
   "displayLink": "www.camaraalexania.go.gov.br",
   "snippet": "Câmara Municipal de Alexânia-GO",
   "htmlSnippet": "Câmara Municipal de Alexânia-GO",
   "mime": "image/jpeg",
   "image": {
    "contextLink": "https://www.camaraalexania.go.gov.br/paginas/legislativo/vereadores/exibir?id=10",
    "height": 386,
    "width": 330,
    "byteSize": 20521,
    "thumbnailLink": "https://encrypted-tbn0.gstatic.com/images?q=tbn:ANd9GcQ6A7WiwsWGLa4at2dlkgIPs7TYeVlNUfFRB3u4AYH93y-s-lVzLKlASA",
    "thumbnailHeight": 123,
    "thumbnailWidth": 105
   }
  },
  {
   "kind": "customsearch#result",
   "title": "Milton Camelo 15000 PMDB (Vereador) Alexânia - Guia Eleições 2016",
   "htmlTitle": "Milton Camelo 15000 PMDB (Vereador) Alexânia - Guia Eleições 2016",
   "link": "https://gazetadopovo-candidatos-2016.s3.amazonaws.com/fotos/go/alexania/fernando-patinhas-15618.jpg",
   "displayLink": "especiais.gazetadopovo.com.br",
   "snippet": "Milton Camelo 15000 PMDB (Vereador) Alexânia - Guia Eleições 2016",
   "htmlSnippet": "Milton Camelo 15000 PMDB (Vereador) Alexânia - Guia Eleições 2016",
   "mime": "image/jpeg",
   "image": {
    "contextLink": "https://especiais.gazetadopovo.com.br/eleicoes/2016/alexania-go/vereador/milton-camelo-15000/",
    "height": 225,
    "width": 161,
    "byteSize": 3993,
    "thumbnailLink": "https://encrypted-tbn0.gstatic.com/images?q=tbn:ANd9GcTa_uEoik7Nl29H--1mxIEYL0phWhzHwtF8oU2vxZ_meLpoZacGVSC0fQ",
    "thumbnailHeight": 108,
    "thumbnailWidth": 77
   }
  },
  {
   "kind": "customsearch#result",
   "title": "Câmara Municipal de Alexânia-GO",
   "htmlTitle": "Câmara Municipal de Alexânia-GO",
   "link": "https://www.camaraalexania.go.gov.br/portalImages?id=14",
   "displayLink": "www.camaraalexania.go.gov.br",
   "snippet": "Câmara Municipal de Alexânia-GO",
   "htmlSnippet": "Câmara Municipal de Alexânia-GO",
   "mime": "image/",
   "image": {
    "contextLink": "https://www.camaraalexania.go.gov.br/paginas/legislativo/legislaturas/exibir?id=1",
    "height": 386,
    "width": 330,
    "byteSize": 44391,
    "thumbnailLink": "https://encrypted-tbn0.gstatic.com/images?q=tbn:ANd9GcQRz1Gg379rIsjzPCDsc0r8moLvx2BEkfooThowF-oYZUlCSLEDtRqaoG8",
    "thumbnailHeight": 123,
    "thumbnailWidth": 105
   }
  },
  {
   "kind": "customsearch#result",
   "title": "Milton Camelo 15000 PMDB (Vereador) Alexânia - Guia Eleições 2016",
   "htmlTitle": "Milton Camelo 15000 PMDB (Vereador) Alexânia - Guia Eleições 2016",
   "link": "https://gazetadopovo-candidatos-2016.s3.amazonaws.com/fotos/go/alexania/nilta-15444.jpg",
   "displayLink": "especiais.gazetadopovo.com.br",
   "snippet": "Milton Camelo 15000 PMDB (Vereador) Alexânia - Guia Eleições 2016",
   "htmlSnippet": "Milton Camelo 15000 PMDB (Vereador) Alexânia - Guia Eleições 2016",
   "mime": "image/jpeg",
   "image": {
    "contextLink": "https://especiais.gazetadopovo.com.br/eleicoes/2016/alexania-go/vereador/milton-camelo-15000/",
    "height": 225,
    "width": 161,
    "byteSize": 7765,
    "thumbnailLink": "https://encrypted-tbn0.gstatic.com/images?q=tbn:ANd9GcQpZRw4Dr7HamUcm5ZsLVnPV16-ZmPpCX104yve5asVyNEO7DEji5x8NE0",
    "thumbnailHeight": 108,
    "thumbnailWidth": 77
   }
  },
  {
   "kind": "customsearch#result",
   "title": "Câmara Municipal de Alexânia-GO",
   "htmlTitle": "Câmara Municipal de Alexânia-GO",
   "link": "https://www.camaraalexania.go.gov.br/portalImages?id=15",
   "displayLink": "www.camaraalexania.go.gov.br",
   "snippet": "Câmara Municipal de Alexânia-GO",
   "htmlSnippet": "Câmara Municipal de Alexânia-GO",
   "mime": "image/",
   "image": {
    "contextLink": "https://www.camaraalexania.go.gov.br/paginas/legislativo/legislaturas/exibir?id=1",
    "height": 386,
    "width": 330,
    "byteSize": 188938,
    "thumbnailLink": "https://encrypted-tbn0.gstatic.com/images?q=tbn:ANd9GcSX8VTiFoHqEtTEfhjhwf0JFjmNWX2-dmhSJ6bMB4pMCsUwb8Ny_RacV20",
    "thumbnailHeight": 123,
    "thumbnailWidth": 105
   }
  },
  {
   "kind": "customsearch#result",
   "title": "Milton Camelo 15000 PMDB (Vereador) Alexânia - Guia Eleições 2016",
   "htmlTitle": "Milton Camelo 15000 PMDB (Vereador) Alexânia - Guia Eleições 2016",
   "link": "https://gazetadopovo-candidatos-2016.s3.amazonaws.com/fotos/go/alexania/gabriel-15321.jpg",
   "displayLink": "especiais.gazetadopovo.com.br",
   "snippet": "Milton Camelo 15000 PMDB (Vereador) Alexânia - Guia Eleições 2016",
   "htmlSnippet": "Milton Camelo 15000 PMDB (Vereador) Alexânia - Guia Eleições 2016",
   "mime": "image/jpeg",
   "image": {
    "contextLink": "https://especiais.gazetadopovo.com.br/eleicoes/2016/alexania-go/vereador/milton-camelo-15000/",
    "height": 225,
    "width": 161,
    "byteSize": 6056,
    "thumbnailLink": "https://encrypted-tbn0.gstatic.com/images?q=tbn:ANd9GcTIxobfCm8E8xhnLiuYqNyMQIXMndAwjCADGWYZwjwgmQ3ZOP6TiwSnqQ",
    "thumbnailHeight": 108,
    "thumbnailWidth": 77
   }
  },
  {
   "kind": "customsearch#result",
   "title": "Câmara Municipal de Alexânia-GO",
   "htmlTitle": "Câmara Municipal de Alexânia-GO",
   "link": "https://www.camaraalexania.go.gov.br/imagens_temp/parlamentar_MTUxNTUwMDY3Mjc2Mjcy.png",
   "displayLink": "www.camaraalexania.go.gov.br",
   "snippet": "Câmara Municipal de Alexânia-GO",
   "htmlSnippet": "Câmara Municipal de Alexânia-GO",
   "mime": "image/png",
   "image": {
    "contextLink": "https://www.camaraalexania.go.gov.br/paginas/legislativo/vereadores/listar",
    "height": 386,
    "width": 330,
    "byteSize": 283627,
    "thumbnailLink": "https://encrypted-tbn0.gstatic.com/images?q=tbn:ANd9GcQ69NceXcfcAKT6Umbk0rOK1fvzNBb6jUqIFj5ZCkp1fMmSLFicZwBWqA",
    "thumbnailHeight": 123,
    "thumbnailWidth": 105
   }
  }
 ]
}
