{
 "kind": "customsearch#search",
 "url": {
  "type": "application/json",
  "template": "https://www.googleapis.com/customsearch/v1?q={searchTerms}&num={count?}&start={startIndex?}&lr={language?}&safe={safe?}&cx={cx?}&sort={sort?}&filter={filter?}&gl={gl?}&cr={cr?}&googlehost={googleHost?}&c2coff={disableCnTwTranslation?}&hq={hq?}&hl={hl?}&siteSearch={siteSearch?}&siteSearchFilter={siteSearchFilter?}&exactTerms={exactTerms?}&excludeTerms={excludeTerms?}&linkSite={linkSite?}&orTerms={orTerms?}&relatedSite={relatedSite?}&dateRestrict={dateRestrict?}&lowRange={lowRange?}&highRange={highRange?}&searchType={searchType}&fileType={fileType?}&rights={rights?}&imgSize={imgSize?}&imgType={imgType?}&imgColorType={imgColorType?}&imgDominantColor={imgDominantColor?}&alt=json"
 },
 "queries": {
  "request": [
   {
    "title": "Google Custom Search - \"JOSÉ DA SILVA COELHO\"",
    "totalResults": "46700",
    "searchTerms": "\"JOSÉ DA SILVA COELHO\"",
    "count": 10,
    "startIndex": 1,
    "inputEncoding": "utf8",
    "outputEncoding": "utf8",
    "safe": "off",
    "cx": "014097292584411445814:sh5uhwve2ei",
    "searchType": "image"
   }
  ],
  "nextPage": [
   {
    "title": "Google Custom Search - \"JOSÉ DA SILVA COELHO\"",
    "totalResults": "46700",
    "searchTerms": "\"JOSÉ DA SILVA COELHO\"",
    "count": 10,
    "startIndex": 11,
    "inputEncoding": "utf8",
    "outputEncoding": "utf8",
    "safe": "off",
    "cx": "014097292584411445814:sh5uhwve2ei",
    "searchType": "image"
   }
  ]
 },
 "context": {
  "title": "Eleitos"
 },
 "searchInformation": {
  "searchTime": 0.438326,
  "formattedSearchTime": "0.44",
  "totalResults": "46700",
  "formattedTotalResults": "46,700"
 },
 "items": [
  {
   "kind": "customsearch#result",
   "title": "Nelson Jose Da Silva Coelho Jose - Photos | Facebook",
   "htmlTitle": "Nelson \u003cb\u003eJose Da Silva Coelho\u003c/b\u003e Jose - Photos | Facebook",
   "link": "https://lookaside.fbsbx.com/lookaside/crawler/media/?media_id=198851637372882",
   "displayLink": "www.facebook.com",
   "snippet": "Nelson Jose Da Silva Coelho Jose - Photos | Facebook",
   "htmlSnippet": "Nelson \u003cb\u003eJose Da Silva Coelho\u003c/b\u003e Jose - Photos | Facebook",
   "mime": "image/",
   "image": {
    "contextLink": "https://www.facebook.com/pages/category/Artist/Nelson-Jose-Da-Silva-Coelho-Jose-198851637372882/photos/",
    "height": 719,
    "width": 719,
    "byteSize": 109128,
    "thumbnailLink": "https://encrypted-tbn0.gstatic.com/images?q=tbn:ANd9GcSsL2OIRM2JkW-ECKbl_qqfs6GQxSE2d2A_OcT-KanjrDo3mSJzQMbUO6_bEw",
    "thumbnailHeight": 140,
    "thumbnailWidth": 140
   }
  },
  {
   "kind": "customsearch#result",
   "title": "Vereador — Câmara Municipal",
   "htmlTitle": "Vereador — Câmara Municipal",
   "link": "http://www.aguafriadegoias.go.leg.br/20170620_145613.jpg/@@images/3b4321c6-1bb2-4c09-b22e-6d389b9ad4dd.jpeg",
   "displayLink": "www.aguafriadegoias.go.leg.br",
   "snippet": "Vereador — Câmara Municipal",
   "htmlSnippet": "Vereador — Câmara Municipal",
   "mime": "image/jpeg",
   "image": {
    "contextLink": "http://www.aguafriadegoias.go.leg.br/institucional/vereadores/vereador-2",
    "height": 200,
    "width": 160,
    "byteSize": 10140,
    "thumbnailLink": "https://encrypted-tbn0.gstatic.com/images?q=tbn:ANd9GcStt-0smjd0VKMURD6azk5hC9mDidTQIKVC6cQ3wHTuwSyBSEYTd3fGgo8",
    "thumbnailHeight": 104,
    "thumbnailWidth": 83
   }
  },
  {
   "kind": "customsearch#result",
   "title": "Participação Funeral Domingos José da... - Funerária Boa Nova ...",
   "htmlTitle": "Participação Funeral Domingos José da... - Funerária Boa Nova ...",
   "link": "https://lookaside.fbsbx.com/lookaside/crawler/media/?media_id=2261576124067242",
   "displayLink": "es-la.facebook.com",
   "snippet": "Participação Funeral Domingos José da... - Funerária Boa Nova ...",
   "htmlSnippet": "Participação Funeral Domingos José da... - Funerária Boa Nova ...",
   "mime": "image/",
   "image": {
    "contextLink": "https://es-la.facebook.com/funerariaboanova/photos/participa%C3%A7%C3%A3o-funeral-domingos-jos%C3%A9-da-silva-coelho-barcelos-arcozelo-barcelos/2261576124067242/",
    "height": 960,
    "width": 674,
    "byteSize": 91784,
    "thumbnailLink": "https://encrypted-tbn0.gstatic.com/images?q=tbn:ANd9GcQoXsWRvYrAH-lCGAPgJbQdaomTf_oU6OFskfbKZ8ARDr7gNpcwd-_PmuuQ",
    "thumbnailHeight": 148,
    "thumbnailWidth": 104
   }
  },
  {
   "kind": "customsearch#result",
   "title": "Untitled",
   "htmlTitle": "Untitled",
   "link": "x-raw-image:///82bc8c9ec87773a5403cb5f9d8d4ef8ee0d7effebba705abc3e165669ff1e2e8",
   "displayLink": "www.itabira.mg.gov.br",
   "snippet": "Untitled",
   "htmlSnippet": "Untitled",
   "mime": "image/",
   "image": {
    "contextLink": "http://www.itabira.mg.gov.br/portal/wp-content/uploads/2017/01/0884-2017-Nomeia-membros-para-Conselho-Mun.-Saude.pdf",
    "height": 3897,
    "width": 2481,
    "byteSize": 2530257,
    "thumbnailLink": "https://encrypted-tbn0.gstatic.com/images?q=tbn:ANd9GcRGBGjPn4uyTWakVVSn3CSG8v8wnGv5ECTwCOKKAoYEquNto5Qk56_U-2tg",
    "thumbnailHeight": 150,
    "thumbnailWidth": 95
   }
  },
  {
   "kind": "customsearch#result",
   "title": "Julio Silva Neto Tavares - Home | Facebook",
   "htmlTitle": "Julio Silva Neto Tavares - Home | Facebook",
   "link": "https://lookaside.fbsbx.com/lookaside/crawler/media/?media_id=332165450881194",
   "displayLink": "www.facebook.com",
   "snippet": "Julio Silva Neto Tavares - Home | Facebook",
   "htmlSnippet": "Julio Silva Neto Tavares - Home | Facebook",
   "mime": "image/",
   "image": {
    "contextLink": "https://www.facebook.com/Julio-Silva-Neto-Tavares-215716659192741/",
    "height": 960,
    "width": 960,
    "byteSize": 12363,
    "thumbnailLink": "https://encrypted-tbn0.gstatic.com/images?q=tbn:ANd9GcTgze1H5fc3D6aBXaSXUVqJSqQrR21tuK2lneuSEDgtpOZ9PdaDag3AWXNU",
    "thumbnailHeight": 148,
    "thumbnailWidth": 148
   }
  },
  {
   "kind": "customsearch#result",
   "title": "CEPLAC - Comissão Executiva do Plano da Lavoura Cacaueira",
   "htmlTitle": "CEPLAC - Comissão Executiva do Plano da Lavoura Cacaueira",
   "link": "http://www.ceplac.gov.br/restrito/imgNot/201305/Jos%C3%A9Coelho.JPG",
   "displayLink": "www.ceplac.gov.br",
   "snippet": "CEPLAC - Comissão Executiva do Plano da Lavoura Cacaueira",
   "htmlSnippet": "CEPLAC - Comissão Executiva do Plano da Lavoura Cacaueira",
   "mime": "image/jpeg",
   "image": {
    "contextLink": "http://www.ceplac.gov.br/restrito/lerNoticia.asp?id=2077",
    "height": 680,
    "width": 1024,
    "byteSize": 308565,
    "thumbnailLink": "https://encrypted-tbn0.gstatic.com/images?q=tbn:ANd9GcSEi0raw5x_9d6lSLlGcokzq-zUgRLZ7du00Xx6NIqZEl1IarZZhcZJ2LrC",
    "thumbnailHeight": 100,
    "thumbnailWidth": 150
   }
  },
  {
   "kind": "customsearch#result",
   "title": "Untitled",
   "htmlTitle": "Untitled",
   "link": "x-raw-image:///935ac32a02ee4c8b5f8cf970ddeec5cedf3f2bc1b38112b136d51ba6d9cb04c5",
   "displayLink": "sapl.santoantoniodaplatina.pr.leg.br",
   "snippet": "Untitled",
   "htmlSnippet": "Untitled",
   "mime": "image/",
   "image": {
    "contextLink": "https://sapl.santoantoniodaplatina.pr.leg.br/media/sapl/public/materialegislativa/2019/1455/498-2019.pdf",
    "height": 2286,
    "width": 1600,
    "byteSize": 1015145,
    "thumbnailLink": "https://encrypted-tbn0.gstatic.com/images?q=tbn:ANd9GcSZXwMTA_L2zfwpsz_aDog2cixaa9_E7d7tl8TdPpmGFg-PD7x1XAkN0I6B",
    "thumbnailHeight": 150,
    "thumbnailWidth": 105
   }
  },
  {
   "kind": "customsearch#result",
   "title": "Julio Silva Neto Tavares - Home | Facebook",
   "htmlTitle": "Julio Silva Neto Tavares - Home | Facebook",
   "link": "https://lookaside.fbsbx.com/lookaside/crawler/media/?media_id=215716659192741",
   "displayLink": "www.facebook.com",
   "snippet": "Julio Silva Neto Tavares - Home | Facebook",
   "htmlSnippet": "Julio Silva Neto Tavares - Home | Facebook",
   "mime": "image/",
   "image": {
    "contextLink": "https://www.facebook.com/Julio-Silva-Neto-Tavares-215716659192741/",
    "height": 960,
    "width": 960,
    "byteSize": 12364,
    "thumbnailLink": "https://encrypted-tbn0.gstatic.com/images?q=tbn:ANd9GcS-nBEy55hVoxnS1LFzcBOuDtz6go9FWecxSXvC0b7sk7BsGhTFgiYGAI5u",
    "thumbnailHeight": 148,
    "thumbnailWidth": 148
   }
  },
  {
   "kind": "customsearch#result",
   "title": "Untitled",
   "htmlTitle": "Untitled",
   "link": "x-raw-image:///5f70233ef6c54ca2cd9a1e756bfe5d409207a4d6883481295df96359152f4d22",
   "displayLink": "sapl.santoantoniodaplatina.pr.leg.br",
   "snippet": "Untitled",
   "htmlSnippet": "Untitled",
   "mime": "image/",
   "image": {
    "contextLink": "https://sapl.santoantoniodaplatina.pr.leg.br/media/sapl/public/materialegislativa/2019/1455/498-2019.pdf",
    "height": 2286,
    "width": 1600,
    "byteSize": 1136665,
    "thumbnailLink": "https://encrypted-tbn0.gstatic.com/images?q=tbn:ANd9GcRAGJKj5iOjbJXXtwAioBEtdurTIo9EnP3lyBcufSPSsz6hp1KJE9KhQ9YM",
    "thumbnailHeight": 150,
    "thumbnailWidth": 105
   }
  },
  {
   "kind": "customsearch#result",
   "title": "Julio Silva Neto Tavares - Home | Facebook",
   "htmlTitle": "Julio Silva Neto Tavares - Home | Facebook",
   "link": "https://lookaside.fbsbx.com/lookaside/crawler/media/?media_id=406096183170389",
   "displayLink": "www.facebook.com",
   "snippet": "Julio Silva Neto Tavares - Home | Facebook",
   "htmlSnippet": "Julio Silva Neto Tavares - Home | Facebook",
   "mime": "image/",
   "image": {
    "contextLink": "https://www.facebook.com/Julio-Silva-Neto-Tavares-215716659192741/",
    "height": 960,
    "width": 960,
    "byteSize": 12364,
    "thumbnailLink": "https://encrypted-tbn0.gstatic.com/images?q=tbn:ANd9GcQHlsagS-WSn4JpZH710p5PaHpAIQag6jmJKEpXYTM0GCGilvhOTa7G4VT1dQ",
    "thumbnailHeight": 148,
    "thumbnailWidth": 148
   }
  }
 ]
}
