{
 "kind": "customsearch#search",
 "url": {
  "type": "application/json",
  "template": "https://www.googleapis.com/customsearch/v1?q={searchTerms}&num={count?}&start={startIndex?}&lr={language?}&safe={safe?}&cx={cx?}&sort={sort?}&filter={filter?}&gl={gl?}&cr={cr?}&googlehost={googleHost?}&c2coff={disableCnTwTranslation?}&hq={hq?}&hl={hl?}&siteSearch={siteSearch?}&siteSearchFilter={siteSearchFilter?}&exactTerms={exactTerms?}&excludeTerms={excludeTerms?}&linkSite={linkSite?}&orTerms={orTerms?}&relatedSite={relatedSite?}&dateRestrict={dateRestrict?}&lowRange={lowRange?}&highRange={highRange?}&searchType={searchType}&fileType={fileType?}&rights={rights?}&imgSize={imgSize?}&imgType={imgType?}&imgColorType={imgColorType?}&imgDominantColor={imgDominantColor?}&alt=json"
 },
 "queries": {
  "request": [
   {
    "title": "Google Custom Search - \"JOSÉ EVANDRO ROMÃO DE SOUSA\"",
    "totalResults": "14",
    "searchTerms": "\"JOSÉ EVANDRO ROMÃO DE SOUSA\"",
    "count": 10,
    "startIndex": 1,
    "inputEncoding": "utf8",
    "outputEncoding": "utf8",
    "safe": "off",
    "cx": "014097292584411445814:sh5uhwve2ei",
    "searchType": "image"
   }
  ],
  "nextPage": [
   {
    "title": "Google Custom Search - \"JOSÉ EVANDRO ROMÃO DE SOUSA\"",
    "totalResults": "14",
    "searchTerms": "\"JOSÉ EVANDRO ROMÃO DE SOUSA\"",
    "count": 10,
    "startIndex": 11,
    "inputEncoding": "utf8",
    "outputEncoding": "utf8",
    "safe": "off",
    "cx": "014097292584411445814:sh5uhwve2ei",
    "searchType": "image"
   }
  ]
 },
 "context": {
  "title": "Eleitos"
 },
 "searchInformation": {
  "searchTime": 0.236447,
  "formattedSearchTime": "0.24",
  "totalResults": "14",
  "formattedTotalResults": "14"
 },
 "items": [
  {
   "kind": "customsearch#result",
   "title": "Untitled",
   "htmlTitle": "Untitled",
   "link": "x-raw-image:///62023499f31a4f56631a9305ca008ab30ef435c300663bad1e762c9fbb865e07",
   "displayLink": "aguaslindasdegoias.go.gov.br",
   "snippet": "Untitled",
   "htmlSnippet": "Untitled",
   "mime": "image/",
   "image": {
    "contextLink": "http://aguaslindasdegoias.go.gov.br/wp-content/uploads/2016/11/LEI-MUNICIPAL-N%C2%B0-1268-2016.pdf",
    "height": 2340,
    "width": 1654,
    "byteSize": 769172,
    "thumbnailLink": "https://encrypted-tbn0.gstatic.com/images?q=tbn:ANd9GcSaDLSkszPUJ500G5c8fCHjxJPxf83YYLP3FqfdJDey4KM_9o0Fbr2KGr7S",
    "thumbnailHeight": 150,
    "thumbnailWidth": 106
   }
  },
  {
   "kind": "customsearch#result",
   "title": "Evandro do Rainha da Paz 40333 PSB (Vereador) Águas Lindas de ...",
   "htmlTitle": "Evandro do Rainha da Paz 40333 PSB (Vereador) Águas Lindas de ...",
   "link": "https://gazetadopovo-candidatos-2016.s3.amazonaws.com/fotos/santinhos/go/aguas-lindas-de-goias/santinho-vereador-evandro-do-rainha-da-paz-40333-aguas-lindas-de-goias-go.jpg",
   "displayLink": "especiais.gazetadopovo.com.br",
   "snippet": "Evandro do Rainha da Paz 40333 PSB (Vereador) Águas Lindas de ...",
   "htmlSnippet": "Evandro do Rainha da Paz 40333 PSB (Vereador) Águas Lindas de ...",
   "mime": "image/jpeg",
   "image": {
    "contextLink": "https://especiais.gazetadopovo.com.br/eleicoes/2016/aguas-lindas-de-goias-go/vereador/evandro-do-rainha-da-paz-40333/",
    "height": 339,
    "width": 646,
    "byteSize": 20753,
    "thumbnailLink": "https://encrypted-tbn0.gstatic.com/images?q=tbn:ANd9GcTUUbQpIKpM3UGZn2SjqkwKSVUmcoYvq6ZtvRCQXwa6kHblyao02Uy4ZAM",
    "thumbnailHeight": 72,
    "thumbnailWidth": 137
   }
  },
  {
   "kind": "customsearch#result",
   "title": "Untitled",
   "htmlTitle": "Untitled",
   "link": "x-raw-image:///aff8f2992739da098144f4ca47e16db034a08b052fa9f943ebe5e04365f483c5",
   "displayLink": "aguaslindasdegoias.go.gov.br",
   "snippet": "Untitled",
   "htmlSnippet": "Untitled",
   "mime": "image/",
   "image": {
    "contextLink": "http://aguaslindasdegoias.go.gov.br/wp-content/uploads/2016/11/LEI-MUNICIPAL-N%C2%B0-1268-2016.pdf",
    "height": 2340,
    "width": 1654,
    "byteSize": 1512235,
    "thumbnailLink": "https://encrypted-tbn0.gstatic.com/images?q=tbn:ANd9GcSPWQP-l5JP-P8DfpE6QmCdawTdnS7lsQdWQKothmiiYAVJijcxjhVwU7jh",
    "thumbnailHeight": 150,
    "thumbnailWidth": 106
   }
  },
  {
   "kind": "customsearch#result",
   "title": "Evandro do Rainha da Paz 40333 PSB (Vereador) Águas Lindas de ...",
   "htmlTitle": "Evandro do Rainha da Paz 40333 PSB (Vereador) Águas Lindas de ...",
   "link": "https://gazetadopovo-candidatos-2016.s3.amazonaws.com/fotos/go/aguas-lindas-de-goias/evandro-do-rainha-da-paz-40333.jpg",
   "displayLink": "especiais.gazetadopovo.com.br",
   "snippet": "Evandro do Rainha da Paz 40333 PSB (Vereador) Águas Lindas de ...",
   "htmlSnippet": "Evandro do Rainha da Paz 40333 PSB (Vereador) Águas Lindas de ...",
   "mime": "image/jpeg",
   "image": {
    "contextLink": "https://especiais.gazetadopovo.com.br/eleicoes/2016/aguas-lindas-de-goias-go/vereador/evandro-do-rainha-da-paz-40333/",
    "height": 225,
    "width": 161,
    "byteSize": 4169,
    "thumbnailLink": "https://encrypted-tbn0.gstatic.com/images?q=tbn:ANd9GcRyLVtod0vsqR_h9fusKcdquNj9U7XijAxeHYwifn6HmyM4RvIhZSkrDU4",
    "thumbnailHeight": 108,
    "thumbnailWidth": 77
   }
  },
  {
   "kind": "customsearch#result",
   "title": "Amor Por Águas Lindas - Publicações | Facebook",
   "htmlTitle": "Amor Por Águas Lindas - Publicações | Facebook",
   "link": "https://lookaside.fbsbx.com/lookaside/crawler/media/?media_id=877549225698373",
   "displayLink": "pt-br.facebook.com",
   "snippet": "Amor Por Águas Lindas - Publicações | Facebook",
   "htmlSnippet": "Amor Por Águas Lindas - Publicações | Facebook",
   "mime": "image/",
   "image": {
    "contextLink": "https://pt-br.facebook.com/Amor-Por-%C3%81guas-Lindas-877549225698373/posts/",
    "height": 959,
    "width": 960,
    "byteSize": 253347,
    "thumbnailLink": "https://encrypted-tbn0.gstatic.com/images?q=tbn:ANd9GcSFiHMIHijlcbFHXwfdSfjzqsb6ISEtIepH63NEy5PRHxVcQ3Xb1OH2w8B2bw",
    "thumbnailHeight": 148,
    "thumbnailWidth": 148
   }
  },
  {
   "kind": "customsearch#result",
   "title": "Evandro do Rainha da Paz 40333 PSB (Vereador) Águas Lindas de ...",
   "htmlTitle": "Evandro do Rainha da Paz 40333 PSB (Vereador) Águas Lindas de ...",
   "link": "https://gazetadopovo-candidatos-2016.s3.amazonaws.com/fotos/go/aguas-lindas-de-goias/evandro-gomes-40777.jpg",
   "displayLink": "especiais.gazetadopovo.com.br",
   "snippet": "Evandro do Rainha da Paz 40333 PSB (Vereador) Águas Lindas de ...",
   "htmlSnippet": "Evandro do Rainha da Paz 40333 PSB (Vereador) Águas Lindas de ...",
   "mime": "image/jpeg",
   "image": {
    "contextLink": "https://especiais.gazetadopovo.com.br/eleicoes/2016/aguas-lindas-de-goias-go/vereador/evandro-do-rainha-da-paz-40333/",
    "height": 225,
    "width": 161,
    "byteSize": 4403,
    "thumbnailLink": "https://encrypted-tbn0.gstatic.com/images?q=tbn:ANd9GcRsge-Xy23rxtQVV380U1A5z2R2qYmPUPs5ZPfrmsw5uJEY2qcNqfN35oA",
    "thumbnailHeight": 108,
    "thumbnailWidth": 77
   }
  },
  {
   "kind": "customsearch#result",
   "title": "Amor Por Águas Lindas - Publicações | Facebook",
   "htmlTitle": "Amor Por Águas Lindas - Publicações | Facebook",
   "link": "https://lookaside.fbsbx.com/lookaside/crawler/media/?media_id=1923454987774453",
   "displayLink": "pt-br.facebook.com",
   "snippet": "Amor Por Águas Lindas - Publicações | Facebook",
   "htmlSnippet": "Amor Por Águas Lindas - Publicações | Facebook",
   "mime": "image/",
   "image": {
    "contextLink": "https://pt-br.facebook.com/Amor-Por-%C3%81guas-Lindas-877549225698373/posts/",
    "height": 480,
    "width": 480,
    "byteSize": 43832,
    "thumbnailLink": "https://encrypted-tbn0.gstatic.com/images?q=tbn:ANd9GcQeGqqNYWNrjEMGqd33Qr8bESPiC1n98_yUoHYORn6aN1oYeGAou1gC1ZmCbw",
    "thumbnailHeight": 129,
    "thumbnailWidth": 129
   }
  },
  {
   "kind": "customsearch#result",
   "title": "Evandro do Rainha da Paz 40333 PSB (Vereador) Águas Lindas de ...",
   "htmlTitle": "Evandro do Rainha da Paz 40333 PSB (Vereador) Águas Lindas de ...",
   "link": "https://gazetadopovo-candidatos-2016.s3.amazonaws.com/fotos/go/aguas-lindas-de-goias/professora-vera-lucia-40222.jpg",
   "displayLink": "especiais.gazetadopovo.com.br",
   "snippet": "Evandro do Rainha da Paz 40333 PSB (Vereador) Águas Lindas de ...",
   "htmlSnippet": "Evandro do Rainha da Paz 40333 PSB (Vereador) Águas Lindas de ...",
   "mime": "image/jpeg",
   "image": {
    "contextLink": "https://especiais.gazetadopovo.com.br/eleicoes/2016/aguas-lindas-de-goias-go/vereador/evandro-do-rainha-da-paz-40333/",
    "height": 225,
    "width": 161,
    "byteSize": 8962,
    "thumbnailLink": "https://encrypted-tbn0.gstatic.com/images?q=tbn:ANd9GcTBG2o9ZyP14yehClRzHqtD2eYhANtmyPtDnAccEbYtq-Sz5BEaQjs7",
    "thumbnailHeight": 108,
    "thumbnailWidth": 77
   }
  },
  {
   "kind": "customsearch#result",
   "title": "Personalidades do Entorno recebem Medalha do Mérito Legislativo ...",
   "htmlTitle": "Personalidades do Entorno recebem Medalha do Mérito Legislativo ...",
   "link": "https://portal.al.go.leg.br/img/logo_alego_padrao_200px.png",
   "displayLink": "portal.al.go.leg.br",
   "snippet": "Personalidades do Entorno recebem Medalha do Mérito Legislativo ...",
   "htmlSnippet": "Personalidades do Entorno recebem Medalha do Mérito Legislativo ...",
   "mime": "image/png",
   "image": {
    "contextLink": "https://portal.al.go.leg.br/noticias/ver/id/102769/tipo/gabinete/personalidades+do+entorno+recebem+medalha+do+merito+legislativo",
    "height": 83,
    "width": 245,
    "byteSize": 12492,
    "thumbnailLink": "https://encrypted-tbn0.gstatic.com/images?q=tbn:ANd9GcSBLHehPFyMyi97xCvdoF2iYDsJJlviYldLdHaEO2Aq-XgjrGb-oLWBJA",
    "thumbnailHeight": 37,
    "thumbnailWidth": 110
   }
  },
  {
   "kind": "customsearch#result",
   "title": "Evandro do Rainha da Paz 40333 PSB (Vereador) Águas Lindas de ...",
   "htmlTitle": "Evandro do Rainha da Paz 40333 PSB (Vereador) Águas Lindas de ...",
   "link": "https://gazetadopovo-candidatos-2016.s3.amazonaws.com/fotos/go/aguas-lindas-de-goias/zenilda-sousa-40123.jpg",
   "displayLink": "especiais.gazetadopovo.com.br",
   "snippet": "Evandro do Rainha da Paz 40333 PSB (Vereador) Águas Lindas de ...",
   "htmlSnippet": "Evandro do Rainha da Paz 40333 PSB (Vereador) Águas Lindas de ...",
   "mime": "image/jpeg",
   "image": {
    "contextLink": "https://especiais.gazetadopovo.com.br/eleicoes/2016/aguas-lindas-de-goias-go/vereador/evandro-do-rainha-da-paz-40333/",
    "height": 225,
    "width": 161,
    "byteSize": 5973,
    "thumbnailLink": "https://encrypted-tbn0.gstatic.com/images?q=tbn:ANd9GcSV8_8IXQ7s83tAMPJ7nRSdQ567NYxW5ti19hVrO78vee5noIPuTEiXZQ",
    "thumbnailHeight": 108,
    "thumbnailWidth": 77
   }
  }
 ]
}
