{
 "kind": "customsearch#search",
 "url": {
  "type": "application/json",
  "template": "https://www.googleapis.com/customsearch/v1?q={searchTerms}&num={count?}&start={startIndex?}&lr={language?}&safe={safe?}&cx={cx?}&sort={sort?}&filter={filter?}&gl={gl?}&cr={cr?}&googlehost={googleHost?}&c2coff={disableCnTwTranslation?}&hq={hq?}&hl={hl?}&siteSearch={siteSearch?}&siteSearchFilter={siteSearchFilter?}&exactTerms={exactTerms?}&excludeTerms={excludeTerms?}&linkSite={linkSite?}&orTerms={orTerms?}&relatedSite={relatedSite?}&dateRestrict={dateRestrict?}&lowRange={lowRange?}&highRange={highRange?}&searchType={searchType}&fileType={fileType?}&rights={rights?}&imgSize={imgSize?}&imgType={imgType?}&imgColorType={imgColorType?}&imgDominantColor={imgDominantColor?}&alt=json"
 },
 "queries": {
  "request": [
   {
    "title": "Google Custom Search - \"JOSÉ EDUARDO OLIVEIRA NETO\"",
    "totalResults": "3920",
    "searchTerms": "\"JOSÉ EDUARDO OLIVEIRA NETO\"",
    "count": 10,
    "startIndex": 1,
    "inputEncoding": "utf8",
    "outputEncoding": "utf8",
    "safe": "off",
    "cx": "014097292584411445814:sh5uhwve2ei",
    "searchType": "image"
   }
  ],
  "nextPage": [
   {
    "title": "Google Custom Search - \"JOSÉ EDUARDO OLIVEIRA NETO\"",
    "totalResults": "3920",
    "searchTerms": "\"JOSÉ EDUARDO OLIVEIRA NETO\"",
    "count": 10,
    "startIndex": 11,
    "inputEncoding": "utf8",
    "outputEncoding": "utf8",
    "safe": "off",
    "cx": "014097292584411445814:sh5uhwve2ei",
    "searchType": "image"
   }
  ]
 },
 "context": {
  "title": "Eleitos"
 },
 "searchInformation": {
  "searchTime": 0.166489,
  "formattedSearchTime": "0.17",
  "totalResults": "3920",
  "formattedTotalResults": "3,920"
 },
 "items": [
  {
   "kind": "customsearch#result",
   "title": "Untitled",
   "htmlTitle": "Untitled",
   "link": "x-raw-image:///a0c367b4aa7dce73a563afbd7ce63e46f76515cbfeec4423fabf599fa66d847d",
   "displayLink": "www.aguafriadegoias.go.leg.br",
   "snippet": "Untitled",
   "htmlSnippet": "Untitled",
   "mime": "image/",
   "image": {
    "contextLink": "http://www.aguafriadegoias.go.leg.br/leis/leis-dos-nosso-municipio/lei-ordinaria-no-373/at_download/file",
    "height": 2338,
    "width": 1654,
    "byteSize": 829048,
    "thumbnailLink": "https://encrypted-tbn0.gstatic.com/images?q=tbn:ANd9GcT3GP9Sy5_GkPx6qciSunI2kXsHE2JiceuDaXwZW8MQRi-9LoNJKKzx3_0",
    "thumbnailHeight": 150,
    "thumbnailWidth": 106
   }
  },
  {
   "kind": "customsearch#result",
   "title": "Dr Eduardo 15 PTC (Vice-Prefeito) Água Fria de Goiás - Guia ...",
   "htmlTitle": "Dr Eduardo 15 PTC (Vice-Prefeito) Água Fria de Goiás - Guia ...",
   "link": "https://gazetadopovo-candidatos-2016.s3.amazonaws.com/fotos/go/agua-fria-de-goias/dr-eduardo-15.jpg",
   "displayLink": "especiais.gazetadopovo.com.br",
   "snippet": "Dr Eduardo 15 PTC (Vice-Prefeito) Água Fria de Goiás - Guia ...",
   "htmlSnippet": "Dr Eduardo 15 PTC (Vice-Prefeito) Água Fria de Goiás - Guia ...",
   "mime": "image/jpeg",
   "image": {
    "contextLink": "https://especiais.gazetadopovo.com.br/eleicoes/2016/agua-fria-de-goias-go/vice-prefeito/dr-eduardo-15/",
    "height": 225,
    "width": 161,
    "byteSize": 5446,
    "thumbnailLink": "https://encrypted-tbn0.gstatic.com/images?q=tbn:ANd9GcTIsvAzqQCB7R620AkT6XDCQyG6Xt7jklPObAGwX6jv8pZXlaZFCHT3fZQ",
    "thumbnailHeight": 108,
    "thumbnailWidth": 77
   }
  },
  {
   "kind": "customsearch#result",
   "title": "Untitled",
   "htmlTitle": "Untitled",
   "link": "x-raw-image:///856ed0491b19e1a4a84b5a9401d3e4342a227a6776cefabbbb0aa0b8b2a120f2",
   "displayLink": "www.aguafriadegoias.go.leg.br",
   "snippet": "Untitled",
   "htmlSnippet": "Untitled",
   "mime": "image/",
   "image": {
    "contextLink": "http://www.aguafriadegoias.go.leg.br/leis/leis-dos-nosso-municipio/lei-ordinaria-no-372/at_download/file",
    "height": 2338,
    "width": 1654,
    "byteSize": 847556,
    "thumbnailLink": "https://encrypted-tbn0.gstatic.com/images?q=tbn:ANd9GcQzr9G_b_Y7Bw0fWqhhJnCaAgPmBbyWdamweBUNhLHA5TGSwlVm4afyKmQ",
    "thumbnailHeight": 150,
    "thumbnailWidth": 106
   }
  },
  {
   "kind": "customsearch#result",
   "title": "Dr Eduardo 15 PTC (Vice-Prefeito) Água Fria de Goiás - Guia ...",
   "htmlTitle": "Dr Eduardo 15 PTC (Vice-Prefeito) Água Fria de Goiás - Guia ...",
   "link": "https://gazetadopovo-candidatos-2016.s3.amazonaws.com/fotos/santinhos/go/agua-fria-de-goias/santinho-vice-prefeito-dr-eduardo-15-agua-fria-de-goias-go.jpg",
   "displayLink": "especiais.gazetadopovo.com.br",
   "snippet": "Dr Eduardo 15 PTC (Vice-Prefeito) Água Fria de Goiás - Guia ...",
   "htmlSnippet": "Dr Eduardo 15 PTC (Vice-Prefeito) Água Fria de Goiás - Guia ...",
   "mime": "image/jpeg",
   "image": {
    "contextLink": "https://especiais.gazetadopovo.com.br/eleicoes/2016/agua-fria-de-goias-go/vice-prefeito/dr-eduardo-15/",
    "height": 339,
    "width": 646,
    "byteSize": 17717,
    "thumbnailLink": "https://encrypted-tbn0.gstatic.com/images?q=tbn:ANd9GcSSKt4igClXQS2AO0JgfvjqUpHP8Aj3__OWCuD2LGHfY-rSKMQ1JhwWt11L",
    "thumbnailHeight": 72,
    "thumbnailWidth": 137
   }
  },
  {
   "kind": "customsearch#result",
   "title": "Untitled",
   "htmlTitle": "Untitled",
   "link": "x-raw-image:///30c6c7c9c95922a180d5e4c54ba04d97f6b9cc93aa5fb069ff06fb8da351e88b",
   "displayLink": "www.aguafriadegoias.go.leg.br",
   "snippet": "Untitled",
   "htmlSnippet": "Untitled",
   "mime": "image/",
   "image": {
    "contextLink": "http://www.aguafriadegoias.go.leg.br/leis/leis-dos-nosso-municipio/lei-ordinaria-no-376",
    "height": 2338,
    "width": 1654,
    "byteSize": 944532,
    "thumbnailLink": "https://encrypted-tbn0.gstatic.com/images?q=tbn:ANd9GcT_QnrtDXM8hOEVO3M_dnx1oBFFy_3OHxHvwLTQ2R_zlgihsRNh20gNPAgo",
    "thumbnailHeight": 150,
    "thumbnailWidth": 106
   }
  },
  {
   "kind": "customsearch#result",
   "title": "Água Fria de Goiás - Berichten | Facebook",
   "htmlTitle": "Água Fria de Goiás - Berichten | Facebook",
   "link": "https://lookaside.fbsbx.com/lookaside/crawler/media/?media_id=2993149567392481",
   "displayLink": "nl-nl.facebook.com",
   "snippet": "Água Fria de Goiás - Berichten | Facebook",
   "htmlSnippet": "Água Fria de Goiás - Berichten | Facebook",
   "mime": "image/",
   "image": {
    "contextLink": "https://nl-nl.facebook.com/GrupoAguaFria/posts",
    "height": 540,
    "width": 960,
    "byteSize": 114847,
    "thumbnailLink": "https://encrypted-tbn0.gstatic.com/images?q=tbn:ANd9GcQ6Ihx1X3NTP35nmEW4iRx0RPNQ2BzJenzacCIejSOTT2rlgpZukBmH_TPB",
    "thumbnailHeight": 83,
    "thumbnailWidth": 148
   }
  },
  {
   "kind": "customsearch#result",
   "title": "Untitled",
   "htmlTitle": "Untitled",
   "link": "x-raw-image:///28c107ff22a6a38333f4acc82180822c50693a88c4b6119010296c650fd29155",
   "displayLink": "www.aguafriadegoias.go.leg.br",
   "snippet": "Untitled",
   "htmlSnippet": "Untitled",
   "mime": "image/",
   "image": {
    "contextLink": "http://www.aguafriadegoias.go.leg.br/leis/leis-dos-nosso-municipio/lei-ordinaria-no-376",
    "height": 2338,
    "width": 1654,
    "byteSize": 1470414,
    "thumbnailLink": "https://encrypted-tbn0.gstatic.com/images?q=tbn:ANd9GcSbUYyrX66K4bPPDYCHIL4MKMq7qyRVtWGYlPpNY-AqyDQmuqG9SEU4qgWJ",
    "thumbnailHeight": 150,
    "thumbnailWidth": 106
   }
  },
  {
   "kind": "customsearch#result",
   "title": "Secretaria do Meio Ambiente Água Fria de Goiás - Posts | Facebook",
   "htmlTitle": "Secretaria do Meio Ambiente Água Fria de Goiás - Posts | Facebook",
   "link": "https://lookaside.fbsbx.com/lookaside/crawler/media/?media_id=1558490774253704",
   "displayLink": "www.facebook.com",
   "snippet": "Secretaria do Meio Ambiente Água Fria de Goiás - Posts | Facebook",
   "htmlSnippet": "Secretaria do Meio Ambiente Água Fria de Goiás - Posts | Facebook",
   "mime": "image/",
   "image": {
    "contextLink": "https://www.facebook.com/meioambienteaf/posts/",
    "height": 406,
    "width": 960,
    "byteSize": 87936,
    "thumbnailLink": "https://encrypted-tbn0.gstatic.com/images?q=tbn:ANd9GcQ_-4z-iIPWPBD92Doiddve30W_YAOYjY61uVO7kilYE66hKQTJsRU7Ep0J",
    "thumbnailHeight": 63,
    "thumbnailWidth": 148
   }
  },
  {
   "kind": "customsearch#result",
   "title": "Untitled",
   "htmlTitle": "Untitled",
   "link": "x-raw-image:///94796f6611a50353c16a4051a775b8cab8f61fa7e976e30912a6830ac15e6528",
   "displayLink": "www.aguafriadegoias.go.leg.br",
   "snippet": "Untitled",
   "htmlSnippet": "Untitled",
   "mime": "image/",
   "image": {
    "contextLink": "http://www.aguafriadegoias.go.leg.br/leis/leis-dos-nosso-municipio/lei-ordinaria-no-378",
    "height": 2338,
    "width": 1654,
    "byteSize": 867912,
    "thumbnailLink": "https://encrypted-tbn0.gstatic.com/images?q=tbn:ANd9GcTzb3-eZhCTV2LPzMpK_v7c1oZHpafA0OGdNYIX48FuMa0snpUUjU1L1VFS",
    "thumbnailHeight": 150,
    "thumbnailWidth": 106
   }
  },
  {
   "kind": "customsearch#result",
   "title": "Secretaria do Meio Ambiente Água Fria de Goiás - Posts | Facebook",
   "htmlTitle": "Secretaria do Meio Ambiente Água Fria de Goiás - Posts | Facebook",
   "link": "https://lookaside.fbsbx.com/lookaside/crawler/media/?media_id=1557711777664937",
   "displayLink": "www.facebook.com",
   "snippet": "Secretaria do Meio Ambiente Água Fria de Goiás - Posts | Facebook",
   "htmlSnippet": "Secretaria do Meio Ambiente Água Fria de Goiás - Posts | Facebook",
   "mime": "image/",
   "image": {
    "contextLink": "https://www.facebook.com/meioambienteaf/posts/",
    "height": 406,
    "width": 960,
    "byteSize": 54949,
    "thumbnailLink": "https://encrypted-tbn0.gstatic.com/images?q=tbn:ANd9GcTixJK64ZJ4IvmIu91AkKfYQFzHc5lpkiuCulh4rEKIH31CmMau-URg4IHL",
    "thumbnailHeight": 63,
    "thumbnailWidth": 148
   }
  }
 ]
}
