{
 "kind": "customsearch#search",
 "url": {
  "type": "application/json",
  "template": "https://www.googleapis.com/customsearch/v1?q={searchTerms}&num={count?}&start={startIndex?}&lr={language?}&safe={safe?}&cx={cx?}&sort={sort?}&filter={filter?}&gl={gl?}&cr={cr?}&googlehost={googleHost?}&c2coff={disableCnTwTranslation?}&hq={hq?}&hl={hl?}&siteSearch={siteSearch?}&siteSearchFilter={siteSearchFilter?}&exactTerms={exactTerms?}&excludeTerms={excludeTerms?}&linkSite={linkSite?}&orTerms={orTerms?}&relatedSite={relatedSite?}&dateRestrict={dateRestrict?}&lowRange={lowRange?}&highRange={highRange?}&searchType={searchType}&fileType={fileType?}&rights={rights?}&imgSize={imgSize?}&imgType={imgType?}&imgColorType={imgColorType?}&imgDominantColor={imgDominantColor?}&alt=json"
 },
 "queries": {
  "request": [
   {
    "title": "Google Custom Search - \"JUAREZ ANTONIO TAVARES\"",
    "totalResults": "1400",
    "searchTerms": "\"JUAREZ ANTONIO TAVARES\"",
    "count": 10,
    "startIndex": 1,
    "inputEncoding": "utf8",
    "outputEncoding": "utf8",
    "safe": "off",
    "cx": "014097292584411445814:sh5uhwve2ei",
    "searchType": "image"
   }
  ],
  "nextPage": [
   {
    "title": "Google Custom Search - \"JUAREZ ANTONIO TAVARES\"",
    "totalResults": "1400",
    "searchTerms": "\"JUAREZ ANTONIO TAVARES\"",
    "count": 10,
    "startIndex": 11,
    "inputEncoding": "utf8",
    "outputEncoding": "utf8",
    "safe": "off",
    "cx": "014097292584411445814:sh5uhwve2ei",
    "searchType": "image"
   }
  ]
 },
 "context": {
  "title": "Eleitos"
 },
 "searchInformation": {
  "searchTime": 0.357185,
  "formattedSearchTime": "0.36",
  "totalResults": "1400",
  "formattedTotalResults": "1,400"
 },
 "items": [
  {
   "kind": "customsearch#result",
   "title": "Juarez Antônio Tavares - Câmara Municipal de Acreúna",
   "htmlTitle": "\u003cb\u003eJuarez Antônio Tavares\u003c/b\u003e - Câmara Municipal de Acreúna",
   "link": "http://camaraacreuna.go.gov.br/res/midias/img/800684e492670440061a22e5bbddd802.jpg",
   "displayLink": "www.camaraacreuna.go.gov.br",
   "snippet": "Juarez Antônio Tavares - Câmara Municipal de Acreúna",
   "htmlSnippet": "\u003cb\u003eJuarez Antônio Tavares\u003c/b\u003e - Câmara Municipal de Acreúna",
   "mime": "image/jpeg",
   "image": {
    "contextLink": "http://www.camaraacreuna.go.gov.br/pagina/153-juarez-antonio-tavares",
    "height": 1000,
    "width": 666,
    "byteSize": 67257,
    "thumbnailLink": "https://encrypted-tbn0.gstatic.com/images?q=tbn:ANd9GcRRxbbvfiJG3J6iXYBtQS9jdDFTFY7QIVEW2_3lEw6i5w5NpEodq3xxpfsp",
    "thumbnailHeight": 149,
    "thumbnailWidth": 99
   }
  },
  {
   "kind": "customsearch#result",
   "title": "Juarez Antônio Tavares- Cabeleireiro - Home | Facebook",
   "htmlTitle": "\u003cb\u003eJuarez Antônio Tavares\u003c/b\u003e- Cabeleireiro - Home | Facebook",
   "link": "https://lookaside.fbsbx.com/lookaside/crawler/media/?media_id=310539549082346",
   "displayLink": "www.facebook.com",
   "snippet": "Juarez Antônio Tavares- Cabeleireiro - Home | Facebook",
   "htmlSnippet": "\u003cb\u003eJuarez Antônio Tavares\u003c/b\u003e- Cabeleireiro - Home | Facebook",
   "mime": "image/",
   "image": {
    "contextLink": "https://www.facebook.com/JUAREZCABELEIREIROECIA/",
    "height": 568,
    "width": 568,
    "byteSize": 45401,
    "thumbnailLink": "https://encrypted-tbn0.gstatic.com/images?q=tbn:ANd9GcTA4pQsQ26Q1brk_8SpZDssLqjYP_nECoDcKTmIMnjF7-Bv4SNH1mRlEo0H",
    "thumbnailHeight": 134,
    "thumbnailWidth": 134
   }
  },
  {
   "kind": "customsearch#result",
   "title": "Juarez Antônio Tavares - Câmara Municipal de Acreúna",
   "htmlTitle": "\u003cb\u003eJuarez Antônio Tavares\u003c/b\u003e - Câmara Municipal de Acreúna",
   "link": "http://www.camaraacreuna.go.gov.br/res/midias/img/3a0c0ecd13f17d9509f4ee1e08fd9d0a.jpg?x=NaN&y=0&w=NaN&h=0&mw=83&mh=62",
   "displayLink": "www.camaraacreuna.go.gov.br",
   "snippet": "Juarez Antônio Tavares - Câmara Municipal de Acreúna",
   "htmlSnippet": "\u003cb\u003eJuarez Antônio Tavares\u003c/b\u003e - Câmara Municipal de Acreúna",
   "mime": "image/jpeg",
   "image": {
    "contextLink": "http://www.camaraacreuna.go.gov.br/pagina/153-juarez-antonio-tavares",
    "height": 750,
    "width": 1000,
    "byteSize": 37332,
    "thumbnailLink": "https://encrypted-tbn0.gstatic.com/images?q=tbn:ANd9GcScnmeC1KZKNz6fTxErRax3ScShanmoMHx_5sTgSNFP2hyoUDDZgqorUZo",
    "thumbnailHeight": 112,
    "thumbnailWidth": 149
   }
  },
  {
   "kind": "customsearch#result",
   "title": "Juarez Antônio Tavares- Cabeleireiro - Home | Facebook",
   "htmlTitle": "\u003cb\u003eJuarez Antônio Tavares\u003c/b\u003e- Cabeleireiro - Home | Facebook",
   "link": "https://lookaside.fbsbx.com/lookaside/crawler/media/?media_id=376549955814638",
   "displayLink": "www.facebook.com",
   "snippet": "Juarez Antônio Tavares- Cabeleireiro - Home | Facebook",
   "htmlSnippet": "\u003cb\u003eJuarez Antônio Tavares\u003c/b\u003e- Cabeleireiro - Home | Facebook",
   "mime": "image/",
   "image": {
    "contextLink": "https://www.facebook.com/JUAREZCABELEIREIROECIA/",
    "height": 324,
    "width": 960,
    "byteSize": 34373,
    "thumbnailLink": "https://encrypted-tbn0.gstatic.com/images?q=tbn:ANd9GcTQMth1ESQnQFIA_lWIRSu5Lkx0Mp7xxBGMMkfCwMsM34RYA0sghuCGjVQ",
    "thumbnailHeight": 50,
    "thumbnailWidth": 148
   }
  },
  {
   "kind": "customsearch#result",
   "title": "Juarez Antônio Tavares - Câmara Municipal de Acreúna",
   "htmlTitle": "\u003cb\u003eJuarez Antônio Tavares\u003c/b\u003e - Câmara Municipal de Acreúna",
   "link": "http://www.camaraacreuna.go.gov.br/res/midias/img/844ffb6eb83524f53cc20dd600a94011.png?x=0&y=0&w=1000&h=1000",
   "displayLink": "www.camaraacreuna.go.gov.br",
   "snippet": "Juarez Antônio Tavares - Câmara Municipal de Acreúna",
   "htmlSnippet": "\u003cb\u003eJuarez Antônio Tavares\u003c/b\u003e - Câmara Municipal de Acreúna",
   "mime": "image/png",
   "image": {
    "contextLink": "http://www.camaraacreuna.go.gov.br/pagina/153-juarez-antonio-tavares",
    "height": 1000,
    "width": 1000,
    "byteSize": 281917,
    "thumbnailLink": "https://encrypted-tbn0.gstatic.com/images?q=tbn:ANd9GcQbTXgmsasLZvkR2fT7YtWCXgGSlxFeg0C3VF3HXwYleKLS9I3FSFkots9iCg",
    "thumbnailHeight": 149,
    "thumbnailWidth": 149
   }
  },
  {
   "kind": "customsearch#result",
   "title": "Juarez Antônio Tavares- Cabeleireiro - Home | Facebook",
   "htmlTitle": "\u003cb\u003eJuarez Antônio Tavares\u003c/b\u003e- Cabeleireiro - Home | Facebook",
   "link": "https://lookaside.fbsbx.com/lookaside/crawler/media/?media_id=1233388116797480",
   "displayLink": "www.facebook.com",
   "snippet": "Juarez Antônio Tavares- Cabeleireiro - Home | Facebook",
   "htmlSnippet": "\u003cb\u003eJuarez Antônio Tavares\u003c/b\u003e- Cabeleireiro - Home | Facebook",
   "mime": "image/",
   "image": {
    "contextLink": "https://www.facebook.com/JUAREZCABELEIREIROECIA/",
    "height": 960,
    "width": 783,
    "byteSize": 62293,
    "thumbnailLink": "https://encrypted-tbn0.gstatic.com/images?q=tbn:ANd9GcS8YC8eRMGczSa4J19NNcgPcZgswjKJLu5zGnf2NQ3q0I8yrixHsHTQzfc",
    "thumbnailHeight": 148,
    "thumbnailWidth": 121
   }
  },
  {
   "kind": "customsearch#result",
   "title": "Juarez do Salao 55555 PSD (Vereador) Acreúna - Guia Eleições 2016",
   "htmlTitle": "Juarez do Salao 55555 PSD (Vereador) Acreúna - Guia Eleições 2016",
   "link": "https://gazetadopovo-candidatos-2016.s3.amazonaws.com/fotos/santinhos/go/acreuna/santinho-vereador-juarez-do-salao-55555-acreuna-go.jpg",
   "displayLink": "especiais.gazetadopovo.com.br",
   "snippet": "Juarez do Salao 55555 PSD (Vereador) Acreúna - Guia Eleições 2016",
   "htmlSnippet": "Juarez do Salao 55555 PSD (Vereador) Acreúna - Guia Eleições 2016",
   "mime": "image/jpeg",
   "image": {
    "contextLink": "https://especiais.gazetadopovo.com.br/eleicoes/2016/acreuna-go/vereador/juarez-do-salao-55555/",
    "height": 339,
    "width": 646,
    "byteSize": 19004,
    "thumbnailLink": "https://encrypted-tbn0.gstatic.com/images?q=tbn:ANd9GcTp_-Rq6kE8IInvf1UyKONjjvosqrpEA1Tqtd27JN6xR4-_3YdPYFd59sI",
    "thumbnailHeight": 72,
    "thumbnailWidth": 137
   }
  },
  {
   "kind": "customsearch#result",
   "title": "Juarez Tavares Lixação e Sinteko - Home | Facebook",
   "htmlTitle": "Juarez Tavares Lixação e Sinteko - Home | Facebook",
   "link": "https://lookaside.fbsbx.com/lookaside/crawler/media/?media_id=1712807788779604",
   "displayLink": "www.facebook.com",
   "snippet": "Juarez Tavares Lixação e Sinteko - Home | Facebook",
   "htmlSnippet": "Juarez Tavares Lixação e Sinteko - Home | Facebook",
   "mime": "image/",
   "image": {
    "contextLink": "https://www.facebook.com/juarezlixador/",
    "height": 540,
    "width": 960,
    "byteSize": 65077,
    "thumbnailLink": "https://encrypted-tbn0.gstatic.com/images?q=tbn:ANd9GcR-Wf2IegAbPONFRb4h19q3LfS_cnpIhWEJdKlGdftzG6XQ4S8IvTIf_FY2",
    "thumbnailHeight": 83,
    "thumbnailWidth": 148
   }
  },
  {
   "kind": "customsearch#result",
   "title": "Juarez Antônio Tavares - Câmara Municipal de Acreúna",
   "htmlTitle": "\u003cb\u003eJuarez Antônio Tavares\u003c/b\u003e - Câmara Municipal de Acreúna",
   "link": "http://www.camaraacreuna.go.gov.br/res/midias/img/844ffb6eb83524f53cc20dd600a94011.png?x=0&y=0&w=1000&h=1000&mw=170&mh=170",
   "displayLink": "www.camaraacreuna.go.gov.br",
   "snippet": "Juarez Antônio Tavares - Câmara Municipal de Acreúna",
   "htmlSnippet": "\u003cb\u003eJuarez Antônio Tavares\u003c/b\u003e - Câmara Municipal de Acreúna",
   "mime": "image/png",
   "image": {
    "contextLink": "http://www.camaraacreuna.go.gov.br/pagina/153-juarez-antonio-tavares",
    "height": 170,
    "width": 170,
    "byteSize": 61331,
    "thumbnailLink": "https://encrypted-tbn0.gstatic.com/images?q=tbn:ANd9GcTWu1AN97gp17CqSHlj_3RwhlZ_zSFOJ9nwXDQ8o3msLn5wzsq6eJCa-w",
    "thumbnailHeight": 99,
    "thumbnailWidth": 99
   }
  },
  {
   "kind": "customsearch#result",
   "title": "Juarez Tavares Lixação e Sinteko - Home | Facebook",
   "htmlTitle": "Juarez Tavares Lixação e Sinteko - Home | Facebook",
   "link": "https://lookaside.fbsbx.com/lookaside/crawler/media/?media_id=1339545182772535",
   "displayLink": "www.facebook.com",
   "snippet": "Juarez Tavares Lixação e Sinteko - Home | Facebook",
   "htmlSnippet": "Juarez Tavares Lixação e Sinteko - Home | Facebook",
   "mime": "image/",
   "image": {
    "contextLink": "https://www.facebook.com/juarezlixador/",
    "height": 960,
    "width": 960,
    "byteSize": 54400,
    "thumbnailLink": "https://encrypted-tbn0.gstatic.com/images?q=tbn:ANd9GcTYh_hmhPBPPNWKilP3ChKZ8pU8q-veY4xkf9sEJqpR7tjco6yFALTnnL3xtQ",
    "thumbnailHeight": 148,
    "thumbnailWidth": 148
   }
  }
 ]
}
