{
 "kind": "customsearch#search",
 "url": {
  "type": "application/json",
  "template": "https://www.googleapis.com/customsearch/v1?q={searchTerms}&num={count?}&start={startIndex?}&lr={language?}&safe={safe?}&cx={cx?}&sort={sort?}&filter={filter?}&gl={gl?}&cr={cr?}&googlehost={googleHost?}&c2coff={disableCnTwTranslation?}&hq={hq?}&hl={hl?}&siteSearch={siteSearch?}&siteSearchFilter={siteSearchFilter?}&exactTerms={exactTerms?}&excludeTerms={excludeTerms?}&linkSite={linkSite?}&orTerms={orTerms?}&relatedSite={relatedSite?}&dateRestrict={dateRestrict?}&lowRange={lowRange?}&highRange={highRange?}&searchType={searchType}&fileType={fileType?}&rights={rights?}&imgSize={imgSize?}&imgType={imgType?}&imgColorType={imgColorType?}&imgDominantColor={imgDominantColor?}&alt=json"
 },
 "queries": {
  "request": [
   {
    "title": "Google Custom Search - \"JULIO CESAR NAVES DE MELO FILHO\"",
    "totalResults": "808",
    "searchTerms": "\"JULIO CESAR NAVES DE MELO FILHO\"",
    "count": 10,
    "startIndex": 1,
    "inputEncoding": "utf8",
    "outputEncoding": "utf8",
    "safe": "off",
    "cx": "014097292584411445814:sh5uhwve2ei",
    "searchType": "image"
   }
  ],
  "nextPage": [
   {
    "title": "Google Custom Search - \"JULIO CESAR NAVES DE MELO FILHO\"",
    "totalResults": "808",
    "searchTerms": "\"JULIO CESAR NAVES DE MELO FILHO\"",
    "count": 10,
    "startIndex": 11,
    "inputEncoding": "utf8",
    "outputEncoding": "utf8",
    "safe": "off",
    "cx": "014097292584411445814:sh5uhwve2ei",
    "searchType": "image"
   }
  ]
 },
 "context": {
  "title": "Eleitos"
 },
 "searchInformation": {
  "searchTime": 0.133456,
  "formattedSearchTime": "0.13",
  "totalResults": "808",
  "formattedTotalResults": "808"
 },
 "items": [
  {
   "kind": "customsearch#result",
   "title": "Banco do Brasil firma convênio com dois correspondentes bancários ...",
   "htmlTitle": "Banco do Brasil firma convênio com dois correspondentes bancários ...",
   "link": "http://camaraacreuna.go.gov.br/res/midias/img/40c8d8a6845f8e32d4b82002b0b466a9.png",
   "displayLink": "camaraacreuna.go.gov.br",
   "snippet": "Banco do Brasil firma convênio com dois correspondentes bancários ...",
   "htmlSnippet": "Banco do Brasil firma convênio com dois correspondentes bancários ...",
   "mime": "image/png",
   "image": {
    "contextLink": "http://camaraacreuna.go.gov.br/noticia/17-banco-do-brasil-firma-convenio-com-dois-correspondentes-bancarios-em-acreuna",
    "height": 1000,
    "width": 711,
    "byteSize": 432952,
    "thumbnailLink": "https://encrypted-tbn0.gstatic.com/images?q=tbn:ANd9GcTQVDyNqTCcNKJ-6C0F01H2u_wd2OhxPHoBjSZPJn2CEflzZa7yQ7L2D5LD",
    "thumbnailHeight": 149,
    "thumbnailWidth": 106
   }
  },
  {
   "kind": "customsearch#result",
   "title": "Julinho da Arantina 77123 SD (Vereador) Acreúna - Guia Eleições 2016",
   "htmlTitle": "Julinho da Arantina 77123 SD (Vereador) Acreúna - Guia Eleições 2016",
   "link": "https://gazetadopovo-candidatos-2016.s3.amazonaws.com/fotos/santinhos/go/acreuna/santinho-vereador-julinho-da-arantina-77123-acreuna-go.jpg",
   "displayLink": "especiais.gazetadopovo.com.br",
   "snippet": "Julinho da Arantina 77123 SD (Vereador) Acreúna - Guia Eleições 2016",
   "htmlSnippet": "Julinho da Arantina 77123 SD (Vereador) Acreúna - Guia Eleições 2016",
   "mime": "image/jpeg",
   "image": {
    "contextLink": "https://especiais.gazetadopovo.com.br/eleicoes/2016/acreuna-go/vereador/julinho-da-arantina-77123/",
    "height": 339,
    "width": 646,
    "byteSize": 18945,
    "thumbnailLink": "https://encrypted-tbn0.gstatic.com/images?q=tbn:ANd9GcSc2RTW8vpr3XyxCNG9IBBtbDvk2MNz-Dkr38da_gGYAoIhPDPKsPdgdWs",
    "thumbnailHeight": 72,
    "thumbnailWidth": 137
   }
  },
  {
   "kind": "customsearch#result",
   "title": "Instrumento de Ajustamento de Conduta - Câmara Municipal de Acreúna",
   "htmlTitle": "Instrumento de Ajustamento de Conduta - Câmara Municipal de Acreúna",
   "link": "http://www.camaraacreuna.go.gov.br/res/midias/img/e0cfa42ada3d7feb64ae6c695030f76b.png?x=0&y=0&w=1000&h=416",
   "displayLink": "www.camaraacreuna.go.gov.br",
   "snippet": "Instrumento de Ajustamento de Conduta - Câmara Municipal de Acreúna",
   "htmlSnippet": "Instrumento de Ajustamento de Conduta - Câmara Municipal de Acreúna",
   "mime": "image/png",
   "image": {
    "contextLink": "http://www.camaraacreuna.go.gov.br/noticia/23-instrumento-de-ajustamento-de-conduta",
    "height": 416,
    "width": 1000,
    "byteSize": 5642,
    "thumbnailLink": "https://encrypted-tbn0.gstatic.com/images?q=tbn:ANd9GcTu8FZcIYF7t9avcx5EbT42ua33lhcbwcBpKdhFKgDKjvJHHYYdNalmFqs",
    "thumbnailHeight": 62,
    "thumbnailWidth": 149
   }
  },
  {
   "kind": "customsearch#result",
   "title": "Julinho da Arantina 77123 SD (Vereador) Acreúna - Guia Eleições 2016",
   "htmlTitle": "Julinho da Arantina 77123 SD (Vereador) Acreúna - Guia Eleições 2016",
   "link": "https://gazetadopovo-candidatos-2016.s3.amazonaws.com/fotos/go/acreuna/julinho-da-arantina-77123.jpg",
   "displayLink": "especiais.gazetadopovo.com.br",
   "snippet": "Julinho da Arantina 77123 SD (Vereador) Acreúna - Guia Eleições 2016",
   "htmlSnippet": "Julinho da Arantina 77123 SD (Vereador) Acreúna - Guia Eleições 2016",
   "mime": "image/jpeg",
   "image": {
    "contextLink": "https://especiais.gazetadopovo.com.br/eleicoes/2016/acreuna-go/vereador/julinho-da-arantina-77123/",
    "height": 225,
    "width": 161,
    "byteSize": 4042,
    "thumbnailLink": "https://encrypted-tbn0.gstatic.com/images?q=tbn:ANd9GcTmsNaE03bPGDDYR3dKdSd2lDjO_GRIgvCZGf_jvRoZzQHCONw90TUf",
    "thumbnailHeight": 108,
    "thumbnailWidth": 77
   }
  },
  {
   "kind": "customsearch#result",
   "title": "ATO DE CONVOCAÇÃO DE APROVADO EM CONCURSO PUBLICO - Câmara ...",
   "htmlTitle": "ATO DE CONVOCAÇÃO DE APROVADO EM CONCURSO PUBLICO - Câmara ...",
   "link": "http://camaraacreuna.go.gov.br/res/midias/img/38cf6da183a66c1976eb30d541393cb0.jpg?x=0&y=0&w=1000&h=666",
   "displayLink": "camaraacreuna.go.gov.br",
   "snippet": "ATO DE CONVOCAÇÃO DE APROVADO EM CONCURSO PUBLICO - Câmara ...",
   "htmlSnippet": "ATO DE CONVOCAÇÃO DE APROVADO EM CONCURSO PUBLICO - Câmara ...",
   "mime": "image/jpeg",
   "image": {
    "contextLink": "http://camaraacreuna.go.gov.br/noticia/34-ato-de-convocao-de-aprovado-em-concurso-publico",
    "height": 666,
    "width": 1000,
    "byteSize": 28402,
    "thumbnailLink": "https://encrypted-tbn0.gstatic.com/images?q=tbn:ANd9GcSg5sz9zeEi_EH5hITzmRAlzf8E1_U2P-JR5628mtv18fRoF88O2OIBVwY",
    "thumbnailHeight": 99,
    "thumbnailWidth": 149
   }
  },
  {
   "kind": "customsearch#result",
   "title": "Julinho da Arantina 77123 SD (Vereador) Acreúna - Guia Eleições 2016",
   "htmlTitle": "Julinho da Arantina 77123 SD (Vereador) Acreúna - Guia Eleições 2016",
   "link": "https://gazetadopovo-candidatos-2016.s3.amazonaws.com/fotos/go/acreuna/felix-camilo-77456.jpg",
   "displayLink": "especiais.gazetadopovo.com.br",
   "snippet": "Julinho da Arantina 77123 SD (Vereador) Acreúna - Guia Eleições 2016",
   "htmlSnippet": "Julinho da Arantina 77123 SD (Vereador) Acreúna - Guia Eleições 2016",
   "mime": "image/jpeg",
   "image": {
    "contextLink": "https://especiais.gazetadopovo.com.br/eleicoes/2016/acreuna-go/vereador/julinho-da-arantina-77123/",
    "height": 225,
    "width": 161,
    "byteSize": 5516,
    "thumbnailLink": "https://encrypted-tbn0.gstatic.com/images?q=tbn:ANd9GcR9KYZpUHvGSz9aI2diGgGk_anbImv2qgZE5J4HPq63myCZEikkajbDjA",
    "thumbnailHeight": 108,
    "thumbnailWidth": 77
   }
  },
  {
   "kind": "customsearch#result",
   "title": "ATO DE CONVOCAÇÃO DE APROVADO EM CONCURSO PUBLICO - Câmara ...",
   "htmlTitle": "ATO DE CONVOCAÇÃO DE APROVADO EM CONCURSO PUBLICO - Câmara ...",
   "link": "http://camaraacreuna.go.gov.br/res/midias/img/3a0c0ecd13f17d9509f4ee1e08fd9d0a.jpg?x=NaN&y=0&w=NaN&h=0&mw=83&mh=62",
   "displayLink": "camaraacreuna.go.gov.br",
   "snippet": "ATO DE CONVOCAÇÃO DE APROVADO EM CONCURSO PUBLICO - Câmara ...",
   "htmlSnippet": "ATO DE CONVOCAÇÃO DE APROVADO EM CONCURSO PUBLICO - Câmara ...",
   "mime": "image/jpeg",
   "image": {
    "contextLink": "http://camaraacreuna.go.gov.br/noticia/34-ato-de-convocao-de-aprovado-em-concurso-publico",
    "height": 750,
    "width": 1000,
    "byteSize": 37332,
    "thumbnailLink": "https://encrypted-tbn0.gstatic.com/images?q=tbn:ANd9GcRQrIdCNFm9oQ_qO18cKweIe4ZOOG6VwspogsM47ltr8M48Lh4R3kw_cfs",
    "thumbnailHeight": 112,
    "thumbnailWidth": 149
   }
  },
  {
   "kind": "customsearch#result",
   "title": "Julinho da Arantina 77123 SD (Vereador) Acreúna - Guia Eleições 2016",
   "htmlTitle": "Julinho da Arantina 77123 SD (Vereador) Acreúna - Guia Eleições 2016",
   "link": "https://gazetadopovo-candidatos-2016.s3.amazonaws.com/fotos/go/acreuna/macarrao-de-arantina-77777.jpg",
   "displayLink": "especiais.gazetadopovo.com.br",
   "snippet": "Julinho da Arantina 77123 SD (Vereador) Acreúna - Guia Eleições 2016",
   "htmlSnippet": "Julinho da Arantina 77123 SD (Vereador) Acreúna - Guia Eleições 2016",
   "mime": "image/jpeg",
   "image": {
    "contextLink": "https://especiais.gazetadopovo.com.br/eleicoes/2016/acreuna-go/vereador/julinho-da-arantina-77123/",
    "height": 225,
    "width": 161,
    "byteSize": 4603,
    "thumbnailLink": "https://encrypted-tbn0.gstatic.com/images?q=tbn:ANd9GcStBc9tBd2zWgejgU10YWPfrHDL5wzPDpbEzm3Bf8zkqTy19NL-AFxIFpU",
    "thumbnailHeight": 108,
    "thumbnailWidth": 77
   }
  },
  {
   "kind": "customsearch#result",
   "title": "ATO DE CONVOCAÇÃO DE APROVADO EM CONCURSO PUBLICO - Câmara ...",
   "htmlTitle": "ATO DE CONVOCAÇÃO DE APROVADO EM CONCURSO PUBLICO - Câmara ...",
   "link": "http://camaraacreuna.go.gov.br/res/midias/img/844ffb6eb83524f53cc20dd600a94011.png?x=0&y=0&w=1000&h=1000",
   "displayLink": "camaraacreuna.go.gov.br",
   "snippet": "ATO DE CONVOCAÇÃO DE APROVADO EM CONCURSO PUBLICO - Câmara ...",
   "htmlSnippet": "ATO DE CONVOCAÇÃO DE APROVADO EM CONCURSO PUBLICO - Câmara ...",
   "mime": "image/png",
   "image": {
    "contextLink": "http://camaraacreuna.go.gov.br/noticia/34-ato-de-convocao-de-aprovado-em-concurso-publico",
    "height": 1000,
    "width": 1000,
    "byteSize": 281917,
    "thumbnailLink": "https://encrypted-tbn0.gstatic.com/images?q=tbn:ANd9GcTnPWJKI56iVBTChP4fiiZoAcCAehHArFIkGs3WH5J3c_FkrohejFlJguY1",
    "thumbnailHeight": 149,
    "thumbnailWidth": 149
   }
  },
  {
   "kind": "customsearch#result",
   "title": "Julinho da Arantina 77123 SD (Vereador) Acreúna - Guia Eleições 2016",
   "htmlTitle": "Julinho da Arantina 77123 SD (Vereador) Acreúna - Guia Eleições 2016",
   "link": "https://gazetadopovo-candidatos-2016.s3.amazonaws.com/fotos/go/acreuna/ailton-dos-teclados-77567.jpg",
   "displayLink": "especiais.gazetadopovo.com.br",
   "snippet": "Julinho da Arantina 77123 SD (Vereador) Acreúna - Guia Eleições 2016",
   "htmlSnippet": "Julinho da Arantina 77123 SD (Vereador) Acreúna - Guia Eleições 2016",
   "mime": "image/jpeg",
   "image": {
    "contextLink": "https://especiais.gazetadopovo.com.br/eleicoes/2016/acreuna-go/vereador/julinho-da-arantina-77123/",
    "height": 225,
    "width": 161,
    "byteSize": 4091,
    "thumbnailLink": "https://encrypted-tbn0.gstatic.com/images?q=tbn:ANd9GcTRyqO29xscmkBQVbxD6kYbGDK8Qolum5L5KCP3rooy57H1_RfDNcqaRg",
    "thumbnailHeight": 108,
    "thumbnailWidth": 77
   }
  }
 ]
}
