{
 "kind": "customsearch#search",
 "url": {
  "type": "application/json",
  "template": "https://www.googleapis.com/customsearch/v1?q={searchTerms}&num={count?}&start={startIndex?}&lr={language?}&safe={safe?}&cx={cx?}&sort={sort?}&filter={filter?}&gl={gl?}&cr={cr?}&googlehost={googleHost?}&c2coff={disableCnTwTranslation?}&hq={hq?}&hl={hl?}&siteSearch={siteSearch?}&siteSearchFilter={siteSearchFilter?}&exactTerms={exactTerms?}&excludeTerms={excludeTerms?}&linkSite={linkSite?}&orTerms={orTerms?}&relatedSite={relatedSite?}&dateRestrict={dateRestrict?}&lowRange={lowRange?}&highRange={highRange?}&searchType={searchType}&fileType={fileType?}&rights={rights?}&imgSize={imgSize?}&imgType={imgType?}&imgColorType={imgColorType?}&imgDominantColor={imgDominantColor?}&alt=json"
 },
 "queries": {
  "request": [
   {
    "title": "Google Custom Search - \"KASSIO JUNQUEIRA DE AQUINO\"",
    "totalResults": "9",
    "searchTerms": "\"KASSIO JUNQUEIRA DE AQUINO\"",
    "count": 9,
    "startIndex": 1,
    "inputEncoding": "utf8",
    "outputEncoding": "utf8",
    "safe": "off",
    "cx": "014097292584411445814:sh5uhwve2ei",
    "searchType": "image"
   }
  ]
 },
 "context": {
  "title": "Eleitos"
 },
 "searchInformation": {
  "searchTime": 0.259514,
  "formattedSearchTime": "0.26",
  "totalResults": "9",
  "formattedTotalResults": "9"
 },
 "items": [
  {
   "kind": "customsearch#result",
   "title": "title | Gazeta do Povo",
   "htmlTitle": "title | Gazeta do Povo",
   "link": "https://gazetadopovo-candidatos-2016.s3.amazonaws.com/fotos/santinhos/go/adelandia/santinho-vereador-kassio-aquino-10789-adelandia-go.jpg",
   "displayLink": "especiais.gazetadopovo.com.br",
   "snippet": "title | Gazeta do Povo",
   "htmlSnippet": "title | Gazeta do Povo",
   "mime": "image/jpeg",
   "image": {
    "contextLink": "https://especiais.gazetadopovo.com.br/eleicoes/2016/adelandia-go/vereador/kassio-aquino-10789/",
    "height": 339,
    "width": 646,
    "byteSize": 18860,
    "thumbnailLink": "https://encrypted-tbn0.gstatic.com/images?q=tbn:ANd9GcQbvDKU0sVafyttsIIpsrE0kmnQWDLq9-W1QQ7o6SjpaLnfkW9Xz5M1Xzv2",
    "thumbnailHeight": 72,
    "thumbnailWidth": 137
   }
  },
  {
   "kind": "customsearch#result",
   "title": "LEI ORGÂNICA DO MUNICÍPIO DE ADELÂNDIA",
   "htmlTitle": "LEI ORGÂNICA DO MUNICÍPIO DE ADELÂNDIA",
   "link": "x-raw-image:///f68e19f43a036afd83da42d7e3b614d75a0a84b461f1b05df5b61e4f58be30f1",
   "displayLink": "adelandia.go.gov.br",
   "snippet": "LEI ORGÂNICA DO MUNICÍPIO DE ADELÂNDIA",
   "htmlSnippet": "LEI ORGÂNICA DO MUNICÍPIO DE ADELÂNDIA",
   "mime": "image/",
   "image": {
    "contextLink": "http://adelandia.go.gov.br/uploads/transparencia/13/1df07c464bf0e1d8aa234c0449c08bd4.pdf",
    "height": 159,
    "width": 178,
    "byteSize": 58042,
    "thumbnailLink": "https://encrypted-tbn0.gstatic.com/images?q=tbn:ANd9GcR9Vqu7Is1A177tQWth3ZXl9OfUxXSKfVECgwPNTHQIZG2k5c-yvE3Y3g",
    "thumbnailHeight": 90,
    "thumbnailWidth": 101
   }
  },
  {
   "kind": "customsearch#result",
   "title": "title | Gazeta do Povo",
   "htmlTitle": "title | Gazeta do Povo",
   "link": "https://gazetadopovo-candidatos-2016.s3.amazonaws.com/fotos/go/adelandia/kassio-aquino-10789.jpg",
   "displayLink": "especiais.gazetadopovo.com.br",
   "snippet": "title | Gazeta do Povo",
   "htmlSnippet": "title | Gazeta do Povo",
   "mime": "image/jpeg",
   "image": {
    "contextLink": "https://especiais.gazetadopovo.com.br/eleicoes/2016/adelandia-go/vereador/kassio-aquino-10789/",
    "height": 225,
    "width": 161,
    "byteSize": 5087,
    "thumbnailLink": "https://encrypted-tbn0.gstatic.com/images?q=tbn:ANd9GcRf9NzR9eTVRVdhdaESFwbBaTD6AVGQwD4ZrqAjchRIUGpcvmCRV3RcOCk",
    "thumbnailHeight": 108,
    "thumbnailWidth": 77
   }
  },
  {
   "kind": "customsearch#result",
   "title": "title | Gazeta do Povo",
   "htmlTitle": "title | Gazeta do Povo",
   "link": "https://gazetadopovo-candidatos-2016.s3.amazonaws.com/fotos/go/adelandia/netinho-10110.jpg",
   "displayLink": "especiais.gazetadopovo.com.br",
   "snippet": "title | Gazeta do Povo",
   "htmlSnippet": "title | Gazeta do Povo",
   "mime": "image/jpeg",
   "image": {
    "contextLink": "https://especiais.gazetadopovo.com.br/eleicoes/2016/adelandia-go/vereador/kassio-aquino-10789/",
    "height": 225,
    "width": 161,
    "byteSize": 5015,
    "thumbnailLink": "https://encrypted-tbn0.gstatic.com/images?q=tbn:ANd9GcTW5mGIJcapWzNOZgHB5tPJxPov9eVn4f6CLk6YCtwMR7yIKONS4oKsAPM",
    "thumbnailHeight": 108,
    "thumbnailWidth": 77
   }
  },
  {
   "kind": "customsearch#result",
   "title": "title | Gazeta do Povo",
   "htmlTitle": "title | Gazeta do Povo",
   "link": "https://gazetadopovo-candidatos-2016.s3.amazonaws.com/fotos/go/adelandia/aninha-da-escolinha-10432.jpg",
   "displayLink": "especiais.gazetadopovo.com.br",
   "snippet": "title | Gazeta do Povo",
   "htmlSnippet": "title | Gazeta do Povo",
   "mime": "image/jpeg",
   "image": {
    "contextLink": "https://especiais.gazetadopovo.com.br/eleicoes/2016/adelandia-go/vereador/kassio-aquino-10789/",
    "height": 225,
    "width": 161,
    "byteSize": 4326,
    "thumbnailLink": "https://encrypted-tbn0.gstatic.com/images?q=tbn:ANd9GcR-xL_g3sfqRWakTSK-XzkY17aTu1otpMm1rB7wc-Ng7-FFUefUhTcQeQ",
    "thumbnailHeight": 108,
    "thumbnailWidth": 77
   }
  },
  {
   "kind": "customsearch#result",
   "title": "title | Gazeta do Povo",
   "htmlTitle": "title | Gazeta do Povo",
   "link": "https://gazetadopovo-candidatos-2016.s3.amazonaws.com/fotos/go/adelandia/divino-lereia-10222.jpg",
   "displayLink": "especiais.gazetadopovo.com.br",
   "snippet": "title | Gazeta do Povo",
   "htmlSnippet": "title | Gazeta do Povo",
   "mime": "image/jpeg",
   "image": {
    "contextLink": "https://especiais.gazetadopovo.com.br/eleicoes/2016/adelandia-go/vereador/kassio-aquino-10789/",
    "height": 225,
    "width": 161,
    "byteSize": 4216,
    "thumbnailLink": "https://encrypted-tbn0.gstatic.com/images?q=tbn:ANd9GcTRJHAZEboVmDvVH-YHs2guF2FB1ky6eFIrtWc8OOftmCvWN6EJ6aj3kA",
    "thumbnailHeight": 108,
    "thumbnailWidth": 77
   }
  },
  {
   "kind": "customsearch#result",
   "title": "title | Gazeta do Povo",
   "htmlTitle": "title | Gazeta do Povo",
   "link": "https://gazetadopovo-candidatos-2016.s3.amazonaws.com/fotos/go/adelandia/joaquim-dos-reis-11.jpg",
   "displayLink": "especiais.gazetadopovo.com.br",
   "snippet": "title | Gazeta do Povo",
   "htmlSnippet": "title | Gazeta do Povo",
   "mime": "image/jpeg",
   "image": {
    "contextLink": "https://especiais.gazetadopovo.com.br/eleicoes/2016/adelandia-go/vereador/kassio-aquino-10789/",
    "height": 225,
    "width": 161,
    "byteSize": 3901,
    "thumbnailLink": "https://encrypted-tbn0.gstatic.com/images?q=tbn:ANd9GcRY9qMXWMk1_WrqKs3WcViG37Tj5wn6luONnyjtoL38nKaANaVtDmaCZA",
    "thumbnailHeight": 108,
    "thumbnailWidth": 77
   }
  },
  {
   "kind": "customsearch#result",
   "title": "title | Gazeta do Povo",
   "htmlTitle": "title | Gazeta do Povo",
   "link": "https://gazetadopovo-candidatos-2016.s3.amazonaws.com/fotos/go/adelandia/david-do-mercado-45.jpg",
   "displayLink": "especiais.gazetadopovo.com.br",
   "snippet": "title | Gazeta do Povo",
   "htmlSnippet": "title | Gazeta do Povo",
   "mime": "image/jpeg",
   "image": {
    "contextLink": "https://especiais.gazetadopovo.com.br/eleicoes/2016/adelandia-go/vereador/kassio-aquino-10789/",
    "height": 225,
    "width": 161,
    "byteSize": 5636,
    "thumbnailLink": "https://encrypted-tbn0.gstatic.com/images?q=tbn:ANd9GcQO-O7qPShUvK_Hs-t7NS3z9LD2Z6eiY7GHNUOuF34Uhpoebb3yF6aFgcs",
    "thumbnailHeight": 108,
    "thumbnailWidth": 77
   }
  },
  {
   "kind": "customsearch#result",
   "title": "title | Gazeta do Povo",
   "htmlTitle": "title | Gazeta do Povo",
   "link": "https://gazetadopovo-candidatos-2016.s3.amazonaws.com/fotos/go/adelandia/junior-10234.jpg",
   "displayLink": "especiais.gazetadopovo.com.br",
   "snippet": "title | Gazeta do Povo",
   "htmlSnippet": "title | Gazeta do Povo",
   "mime": "image/jpeg",
   "image": {
    "contextLink": "https://especiais.gazetadopovo.com.br/eleicoes/2016/adelandia-go/vereador/kassio-aquino-10789/",
    "height": 225,
    "width": 161,
    "byteSize": 4100,
    "thumbnailLink": "https://encrypted-tbn0.gstatic.com/images?q=tbn:ANd9GcTWWR0TXJTSU6TZkbqtB_LVP17XpijQysGH6beZ3owJTJk6U_tvMSipVg",
    "thumbnailHeight": 108,
    "thumbnailWidth": 77
   }
  }
 ]
}
