{
 "kind": "customsearch#search",
 "url": {
  "type": "application/json",
  "template": "https://www.googleapis.com/customsearch/v1?q={searchTerms}&num={count?}&start={startIndex?}&lr={language?}&safe={safe?}&cx={cx?}&sort={sort?}&filter={filter?}&gl={gl?}&cr={cr?}&googlehost={googleHost?}&c2coff={disableCnTwTranslation?}&hq={hq?}&hl={hl?}&siteSearch={siteSearch?}&siteSearchFilter={siteSearchFilter?}&exactTerms={exactTerms?}&excludeTerms={excludeTerms?}&linkSite={linkSite?}&orTerms={orTerms?}&relatedSite={relatedSite?}&dateRestrict={dateRestrict?}&lowRange={lowRange?}&highRange={highRange?}&searchType={searchType}&fileType={fileType?}&rights={rights?}&imgSize={imgSize?}&imgType={imgType?}&imgColorType={imgColorType?}&imgDominantColor={imgDominantColor?}&alt=json"
 },
 "queries": {
  "request": [
   {
    "title": "Google Custom Search - \"KENNER FABIANO DIAS DE PAIVA\"",
    "totalResults": "308",
    "searchTerms": "\"KENNER FABIANO DIAS DE PAIVA\"",
    "count": 10,
    "startIndex": 1,
    "inputEncoding": "utf8",
    "outputEncoding": "utf8",
    "safe": "off",
    "cx": "014097292584411445814:sh5uhwve2ei",
    "searchType": "image"
   }
  ],
  "nextPage": [
   {
    "title": "Google Custom Search - \"KENNER FABIANO DIAS DE PAIVA\"",
    "totalResults": "308",
    "searchTerms": "\"KENNER FABIANO DIAS DE PAIVA\"",
    "count": 10,
    "startIndex": 11,
    "inputEncoding": "utf8",
    "outputEncoding": "utf8",
    "safe": "off",
    "cx": "014097292584411445814:sh5uhwve2ei",
    "searchType": "image"
   }
  ]
 },
 "context": {
  "title": "Eleitos"
 },
 "searchInformation": {
  "searchTime": 0.14016,
  "formattedSearchTime": "0.14",
  "totalResults": "308",
  "formattedTotalResults": "308"
 },
 "items": [
  {
   "kind": "customsearch#result",
   "title": "Kenner Fabiano Dias de Paiva (Gaiteiro) - Câmara Municipal de Água ...",
   "htmlTitle": "\u003cb\u003eKenner Fabiano Dias de Paiva\u003c/b\u003e (Gaiteiro) - Câmara Municipal de Água ...",
   "link": "http://www.camaraagualimpa.go.gov.br/res/midias/img/fb93994be207463e97e654e3616fc434.jpg?x=0&y=0&w=715&h=976.3593380614657",
   "displayLink": "www.camaraagualimpa.go.gov.br",
   "snippet": "Kenner Fabiano Dias de Paiva (Gaiteiro) - Câmara Municipal de Água ...",
   "htmlSnippet": "\u003cb\u003eKenner Fabiano Dias de Paiva\u003c/b\u003e (Gaiteiro) - Câmara Municipal de Água ...",
   "mime": "image/jpeg",
   "image": {
    "contextLink": "http://www.camaraagualimpa.go.gov.br/pagina/institucional/161-kenner-fabiano-dias-de-paiva-gaiteiro",
    "height": 976,
    "width": 715,
    "byteSize": 32067,
    "thumbnailLink": "https://encrypted-tbn0.gstatic.com/images?q=tbn:ANd9GcTCzW6wYi0OwynjIjC-kb0kC8GkrBCnXlg5QBdYfhM1X2-6Lg7Q8cfE3bk",
    "thumbnailHeight": 149,
    "thumbnailWidth": 109
   }
  },
  {
   "kind": "customsearch#result",
   "title": "Gaiteiro 19111 PTN (Vereador) Água Limpa - Guia Eleições 2016",
   "htmlTitle": "Gaiteiro 19111 PTN (Vereador) Água Limpa - Guia Eleições 2016",
   "link": "https://gazetadopovo-candidatos-2016.s3.amazonaws.com/fotos/santinhos/go/agua-limpa/santinho-vereador-gaiteiro-19111-agua-limpa-go.jpg",
   "displayLink": "especiais.gazetadopovo.com.br",
   "snippet": "Gaiteiro 19111 PTN (Vereador) Água Limpa - Guia Eleições 2016",
   "htmlSnippet": "Gaiteiro 19111 PTN (Vereador) Água Limpa - Guia Eleições 2016",
   "mime": "image/jpeg",
   "image": {
    "contextLink": "https://especiais.gazetadopovo.com.br/eleicoes/2016/agua-limpa-go/vereador/gaiteiro-19111/",
    "height": 339,
    "width": 646,
    "byteSize": 16602,
    "thumbnailLink": "https://encrypted-tbn0.gstatic.com/images?q=tbn:ANd9GcRlkcnKTmHf8bbnbvlyIRTbPakgIDOw4Ds82Q_qsaMOJHuqoVzHvLpDQng",
    "thumbnailHeight": 72,
    "thumbnailWidth": 137
   }
  },
  {
   "kind": "customsearch#result",
   "title": "Kenner Fabiano Dias de Paiva (Gaiteiro) - Câmara Municipal de Água ...",
   "htmlTitle": "\u003cb\u003eKenner Fabiano Dias de Paiva\u003c/b\u003e (Gaiteiro) - Câmara Municipal de Água ...",
   "link": "http://www.camaraagualimpa.go.gov.br/res/midias/img/b273f1573121b4a47fa83afb45eb7322.png?x=0&y=0&w=998&h=997.6798143851508",
   "displayLink": "www.camaraagualimpa.go.gov.br",
   "snippet": "Kenner Fabiano Dias de Paiva (Gaiteiro) - Câmara Municipal de Água ...",
   "htmlSnippet": "\u003cb\u003eKenner Fabiano Dias de Paiva\u003c/b\u003e (Gaiteiro) - Câmara Municipal de Água ...",
   "mime": "image/png",
   "image": {
    "contextLink": "http://www.camaraagualimpa.go.gov.br/pagina/institucional/161-kenner-fabiano-dias-de-paiva-gaiteiro",
    "height": 997,
    "width": 998,
    "byteSize": 818870,
    "thumbnailLink": "https://encrypted-tbn0.gstatic.com/images?q=tbn:ANd9GcTCMQwTQmuktk5zwp9-8dVS32nTjYbkfccBbRpIFqTdC3BpEisf_Rwmgn0p",
    "thumbnailHeight": 149,
    "thumbnailWidth": 149
   }
  },
  {
   "kind": "customsearch#result",
   "title": "Gaiteiro 19111 PTN (Vereador) Água Limpa - Guia Eleições 2016",
   "htmlTitle": "Gaiteiro 19111 PTN (Vereador) Água Limpa - Guia Eleições 2016",
   "link": "https://gazetadopovo-candidatos-2016.s3.amazonaws.com/fotos/go/agua-limpa/gaiteiro-19111.jpg",
   "displayLink": "especiais.gazetadopovo.com.br",
   "snippet": "Gaiteiro 19111 PTN (Vereador) Água Limpa - Guia Eleições 2016",
   "htmlSnippet": "Gaiteiro 19111 PTN (Vereador) Água Limpa - Guia Eleições 2016",
   "mime": "image/jpeg",
   "image": {
    "contextLink": "https://especiais.gazetadopovo.com.br/eleicoes/2016/agua-limpa-go/vereador/gaiteiro-19111/",
    "height": 225,
    "width": 161,
    "byteSize": 3158,
    "thumbnailLink": "https://encrypted-tbn0.gstatic.com/images?q=tbn:ANd9GcS-M92nfCmsziiyMnJwVVKSYfN4X-KOvxqB3Z2QI39eJFJd9ZP0N68mEhA",
    "thumbnailHeight": 108,
    "thumbnailWidth": 77
   }
  },
  {
   "kind": "customsearch#result",
   "title": "Câmara Municipal de Água Limpa",
   "htmlTitle": "Câmara Municipal de Água Limpa",
   "link": "http://camaraagualimpa.go.gov.br/res/midias/img/8f95ae951c355015b3088b390413077a.jpeg?x=0&y=75.70422535211267&w=1000&h=520.8333333333334&mw=720&mh=375",
   "displayLink": "camaraagualimpa.go.gov.br",
   "snippet": "Câmara Municipal de Água Limpa",
   "htmlSnippet": "Câmara Municipal de Água Limpa",
   "mime": "image/jpeg",
   "image": {
    "contextLink": "http://camaraagualimpa.go.gov.br/",
    "height": 750,
    "width": 1000,
    "byteSize": 81904,
    "thumbnailLink": "https://encrypted-tbn0.gstatic.com/images?q=tbn:ANd9GcS5ZAUPhxn8lXq-At4gUkKlmngEYQri5AuxvQSLfc_2PATpdPM-Pj69sHGP",
    "thumbnailHeight": 112,
    "thumbnailWidth": 149
   }
  },
  {
   "kind": "customsearch#result",
   "title": "Gaiteiro 19111 PTN (Vereador) Água Limpa - Guia Eleições 2016",
   "htmlTitle": "Gaiteiro 19111 PTN (Vereador) Água Limpa - Guia Eleições 2016",
   "link": "https://gazetadopovo-candidatos-2016.s3.amazonaws.com/fotos/go/agua-limpa/nilson-borges-19105.jpg",
   "displayLink": "especiais.gazetadopovo.com.br",
   "snippet": "Gaiteiro 19111 PTN (Vereador) Água Limpa - Guia Eleições 2016",
   "htmlSnippet": "Gaiteiro 19111 PTN (Vereador) Água Limpa - Guia Eleições 2016",
   "mime": "image/jpeg",
   "image": {
    "contextLink": "https://especiais.gazetadopovo.com.br/eleicoes/2016/agua-limpa-go/vereador/gaiteiro-19111/",
    "height": 225,
    "width": 161,
    "byteSize": 3282,
    "thumbnailLink": "https://encrypted-tbn0.gstatic.com/images?q=tbn:ANd9GcQnGN2OEZvF2CrfSXsvMElptPx8cBqreWzUu6eKR0eGS4LhlRwotvcVsw",
    "thumbnailHeight": 108,
    "thumbnailWidth": 77
   }
  },
  {
   "kind": "customsearch#result",
   "title": "Calendário das Sessões 1° Semestre 2018 - Câmara Municipal de Água ...",
   "htmlTitle": "Calendário das Sessões 1° Semestre 2018 - Câmara Municipal de Água ...",
   "link": "http://www.camaraagualimpa.go.gov.br/res/midias/img/208b2ef5c42b04d26c7aaefbea42b465.jpg",
   "displayLink": "camaraagualimpa.go.gov.br",
   "snippet": "Calendário das Sessões 1° Semestre 2018 - Câmara Municipal de Água ...",
   "htmlSnippet": "Calendário das Sessões 1° Semestre 2018 - Câmara Municipal de Água ...",
   "mime": "image/jpeg",
   "image": {
    "contextLink": "http://camaraagualimpa.go.gov.br/noticia/3-calendario-das-sessoes-1-semestre-2018",
    "height": 1000,
    "width": 706,
    "byteSize": 44695,
    "thumbnailLink": "https://encrypted-tbn0.gstatic.com/images?q=tbn:ANd9GcSX2NsPp-FvXz1josktKDkV0dZMxbGIQoBlgjXGAjkbRV6Zkdzy9TOVjWg",
    "thumbnailHeight": 149,
    "thumbnailWidth": 105
   }
  },
  {
   "kind": "customsearch#result",
   "title": "Gaiteiro 19111 PTN (Vereador) Água Limpa - Guia Eleições 2016",
   "htmlTitle": "Gaiteiro 19111 PTN (Vereador) Água Limpa - Guia Eleições 2016",
   "link": "https://gazetadopovo-candidatos-2016.s3.amazonaws.com/fotos/go/agua-limpa/valdir-do-prado-11.jpg",
   "displayLink": "especiais.gazetadopovo.com.br",
   "snippet": "Gaiteiro 19111 PTN (Vereador) Água Limpa - Guia Eleições 2016",
   "htmlSnippet": "Gaiteiro 19111 PTN (Vereador) Água Limpa - Guia Eleições 2016",
   "mime": "image/jpeg",
   "image": {
    "contextLink": "https://especiais.gazetadopovo.com.br/eleicoes/2016/agua-limpa-go/vereador/gaiteiro-19111/",
    "height": 225,
    "width": 161,
    "byteSize": 3983,
    "thumbnailLink": "https://encrypted-tbn0.gstatic.com/images?q=tbn:ANd9GcT_tZaN1bVccveiqFI-nhoCJkY93Ry82426CY2TULaLR-zL9Y8BxBJ5nG8",
    "thumbnailHeight": 108,
    "thumbnailWidth": 77
   }
  },
  {
   "kind": "customsearch#result",
   "title": "Câmara Municipal de Água Limpa",
   "htmlTitle": "Câmara Municipal de Água Limpa",
   "link": "http://camaraagualimpa.go.gov.br/res/midias/img/ae56014a937ab904e2c6982df8b34e7a.jpg?x=0&y=0&w=1000&h=750&mw=220&mh=130",
   "displayLink": "camaraagualimpa.go.gov.br",
   "snippet": "Câmara Municipal de Água Limpa",
   "htmlSnippet": "Câmara Municipal de Água Limpa",
   "mime": "image/jpeg",
   "image": {
    "contextLink": "http://camaraagualimpa.go.gov.br/",
    "height": 130,
    "width": 220,
    "byteSize": 7264,
    "thumbnailLink": "https://encrypted-tbn0.gstatic.com/images?q=tbn:ANd9GcRaePQoY1Gy0v1zi6H6uyOECnT7myVGxHG-YXHbH2_OZh2qntc-gVTt0FI",
    "thumbnailHeight": 63,
    "thumbnailWidth": 107
   }
  },
  {
   "kind": "customsearch#result",
   "title": "Gaiteiro 19111 PTN (Vereador) Água Limpa - Guia Eleições 2016",
   "htmlTitle": "Gaiteiro 19111 PTN (Vereador) Água Limpa - Guia Eleições 2016",
   "link": "https://gazetadopovo-candidatos-2016.s3.amazonaws.com/fotos/go/agua-limpa/ze-ricardo-19687.jpg",
   "displayLink": "especiais.gazetadopovo.com.br",
   "snippet": "Gaiteiro 19111 PTN (Vereador) Água Limpa - Guia Eleições 2016",
   "htmlSnippet": "Gaiteiro 19111 PTN (Vereador) Água Limpa - Guia Eleições 2016",
   "mime": "image/jpeg",
   "image": {
    "contextLink": "https://especiais.gazetadopovo.com.br/eleicoes/2016/agua-limpa-go/vereador/gaiteiro-19111/",
    "height": 225,
    "width": 161,
    "byteSize": 3825,
    "thumbnailLink": "https://encrypted-tbn0.gstatic.com/images?q=tbn:ANd9GcSq2-Y7RKOBWiFqKTH59yoacWuV-yquVJ1KNaLZd-mN9noPszQS5WDXyDc",
    "thumbnailHeight": 108,
    "thumbnailWidth": 77
   }
  }
 ]
}
