{
 "kind": "customsearch#search",
 "url": {
  "type": "application/json",
  "template": "https://www.googleapis.com/customsearch/v1?q={searchTerms}&num={count?}&start={startIndex?}&lr={language?}&safe={safe?}&cx={cx?}&sort={sort?}&filter={filter?}&gl={gl?}&cr={cr?}&googlehost={googleHost?}&c2coff={disableCnTwTranslation?}&hq={hq?}&hl={hl?}&siteSearch={siteSearch?}&siteSearchFilter={siteSearchFilter?}&exactTerms={exactTerms?}&excludeTerms={excludeTerms?}&linkSite={linkSite?}&orTerms={orTerms?}&relatedSite={relatedSite?}&dateRestrict={dateRestrict?}&lowRange={lowRange?}&highRange={highRange?}&searchType={searchType}&fileType={fileType?}&rights={rights?}&imgSize={imgSize?}&imgType={imgType?}&imgColorType={imgColorType?}&imgDominantColor={imgDominantColor?}&alt=json"
 },
 "queries": {
  "request": [
   {
    "title": "Google Custom Search - \"KESYA ANTONIA DA SILVA\"",
    "totalResults": "2",
    "searchTerms": "\"KESYA ANTONIA DA SILVA\"",
    "count": 2,
    "startIndex": 1,
    "inputEncoding": "utf8",
    "outputEncoding": "utf8",
    "safe": "off",
    "cx": "014097292584411445814:sh5uhwve2ei",
    "searchType": "image"
   }
  ]
 },
 "context": {
  "title": "Eleitos"
 },
 "searchInformation": {
  "searchTime": 0.286378,
  "formattedSearchTime": "0.29",
  "totalResults": "2",
  "formattedTotalResults": "2"
 },
 "spelling": {
  "correctedQuery": "\"KESYA ANTONIO DA SILVA\"",
  "htmlCorrectedQuery": "&quot;KESYA \u003cb\u003e\u003ci\u003eANTONIO\u003c/i\u003e\u003c/b\u003e DA SILVA&quot;"
 },
 "items": [
  {
   "kind": "customsearch#result",
   "title": "Kesya 15111 PMDB (Vereadora) Adelândia - Guia Eleições 2016",
   "htmlTitle": "Kesya 15111 PMDB (Vereadora) Adelândia - Guia Eleições 2016",
   "link": "https://gazetadopovo-candidatos-2016.s3.amazonaws.com/fotos/go/adelandia/kesya-15111.jpg",
   "displayLink": "especiais.gazetadopovo.com.br",
   "snippet": "Kesya 15111 PMDB (Vereadora) Adelândia - Guia Eleições 2016",
   "htmlSnippet": "Kesya 15111 PMDB (Vereadora) Adelândia - Guia Eleições 2016",
   "mime": "image/jpeg",
   "image": {
    "contextLink": "https://especiais.gazetadopovo.com.br/eleicoes/2016/adelandia-go/vereador/kesya-15111/",
    "height": 225,
    "width": 161,
    "byteSize": 6585,
    "thumbnailLink": "https://encrypted-tbn0.gstatic.com/images?q=tbn:ANd9GcRXLj7Iw2Z-H5K62epC2mu5m06fa_ghVN9QjeLlFb3YVBmXI8_bryAhsQ",
    "thumbnailHeight": 108,
    "thumbnailWidth": 77
   }
  },
  {
   "kind": "customsearch#result",
   "title": "Vereadores Abadia De Goiás/Go Nivaldo... - Executiva Estadual do ...",
   "htmlTitle": "Vereadores Abadia De Goiás/Go Nivaldo... - Executiva Estadual do ...",
   "link": "https://lookaside.fbsbx.com/lookaside/crawler/media/?media_id=334072563338216",
   "displayLink": "www.facebook.com",
   "snippet": "Vereadores Abadia De Goiás/Go Nivaldo... - Executiva Estadual do ...",
   "htmlSnippet": "Vereadores Abadia De Goiás/Go Nivaldo... - Executiva Estadual do ...",
   "mime": "image/",
   "image": {
    "contextLink": "https://www.facebook.com/pmdbgoias.com.b/posts/vereadoresabadia-de-goi%C3%A1sgonivaldo-de-paula-e-souzaabadi%C3%A2niagodiogenes-gontijo-a/519927158093033/",
    "height": 170,
    "width": 297,
    "byteSize": 4392,
    "thumbnailLink": "https://encrypted-tbn0.gstatic.com/images?q=tbn:ANd9GcQN3xcw3BlYljuzaqRB9HODx_0wnTapBczWMWAsvzo8tJJ_tDxW8qIt9P4",
    "thumbnailHeight": 66,
    "thumbnailWidth": 116
   }
  }
 ]
}
