{
 "kind": "customsearch#search",
 "url": {
  "type": "application/json",
  "template": "https://www.googleapis.com/customsearch/v1?q={searchTerms}&num={count?}&start={startIndex?}&lr={language?}&safe={safe?}&cx={cx?}&sort={sort?}&filter={filter?}&gl={gl?}&cr={cr?}&googlehost={googleHost?}&c2coff={disableCnTwTranslation?}&hq={hq?}&hl={hl?}&siteSearch={siteSearch?}&siteSearchFilter={siteSearchFilter?}&exactTerms={exactTerms?}&excludeTerms={excludeTerms?}&linkSite={linkSite?}&orTerms={orTerms?}&relatedSite={relatedSite?}&dateRestrict={dateRestrict?}&lowRange={lowRange?}&highRange={highRange?}&searchType={searchType}&fileType={fileType?}&rights={rights?}&imgSize={imgSize?}&imgType={imgType?}&imgColorType={imgColorType?}&imgDominantColor={imgDominantColor?}&alt=json"
 },
 "queries": {
  "request": [
   {
    "title": "Google Custom Search - \"LAERCIO DE CARVALHO ALVES\"",
    "totalResults": "1130",
    "searchTerms": "\"LAERCIO DE CARVALHO ALVES\"",
    "count": 10,
    "startIndex": 1,
    "inputEncoding": "utf8",
    "outputEncoding": "utf8",
    "safe": "off",
    "cx": "014097292584411445814:sh5uhwve2ei",
    "searchType": "image"
   }
  ],
  "nextPage": [
   {
    "title": "Google Custom Search - \"LAERCIO DE CARVALHO ALVES\"",
    "totalResults": "1130",
    "searchTerms": "\"LAERCIO DE CARVALHO ALVES\"",
    "count": 10,
    "startIndex": 11,
    "inputEncoding": "utf8",
    "outputEncoding": "utf8",
    "safe": "off",
    "cx": "014097292584411445814:sh5uhwve2ei",
    "searchType": "image"
   }
  ]
 },
 "context": {
  "title": "Eleitos"
 },
 "searchInformation": {
  "searchTime": 0.229652,
  "formattedSearchTime": "0.23",
  "totalResults": "1130",
  "formattedTotalResults": "1,130"
 },
 "items": [
  {
   "kind": "customsearch#result",
   "title": "Vereador — Câmara Municipal",
   "htmlTitle": "Vereador — Câmara Municipal",
   "link": "http://www.aguafriadegoias.go.leg.br/20170629_220831.jpg/@@images/6172595a-bddf-4bda-9948-e2870795c56c.jpeg",
   "displayLink": "www.aguafriadegoias.go.leg.br",
   "snippet": "Vereador — Câmara Municipal",
   "htmlSnippet": "Vereador — Câmara Municipal",
   "mime": "image/jpeg",
   "image": {
    "contextLink": "http://www.aguafriadegoias.go.leg.br/institucional/vereadores/vereador-4",
    "height": 200,
    "width": 109,
    "byteSize": 7058,
    "thumbnailLink": "https://encrypted-tbn0.gstatic.com/images?q=tbn:ANd9GcSrx-ELOp-siscXMZyQ9KGA_Ofi34F-_Q3V0UnuvDrJtugJeXsw7NDwb4s",
    "thumbnailHeight": 104,
    "thumbnailWidth": 57
   }
  },
  {
   "kind": "customsearch#result",
   "title": "Dr Laércio 51000 PEN (Vereador) Água Fria de Goiás - Guia Eleições ...",
   "htmlTitle": "Dr Laércio 51000 PEN (Vereador) Água Fria de Goiás - Guia Eleições ...",
   "link": "https://gazetadopovo-candidatos-2016.s3.amazonaws.com/fotos/santinhos/go/agua-fria-de-goias/santinho-vereador-dr-laercio-51000-agua-fria-de-goias-go.jpg",
   "displayLink": "especiais.gazetadopovo.com.br",
   "snippet": "Dr Laércio 51000 PEN (Vereador) Água Fria de Goiás - Guia Eleições ...",
   "htmlSnippet": "Dr Laércio 51000 PEN (Vereador) Água Fria de Goiás - Guia Eleições ...",
   "mime": "image/jpeg",
   "image": {
    "contextLink": "https://especiais.gazetadopovo.com.br/eleicoes/2016/agua-fria-de-goias-go/vereador/dr-laercio-51000/",
    "height": 339,
    "width": 646,
    "byteSize": 19276,
    "thumbnailLink": "https://encrypted-tbn0.gstatic.com/images?q=tbn:ANd9GcSn_1m04eB-QLcHZv78CPCBMu2RDYnh8Va_f-LKmhzRPUiOB7lzoRWDKuNg",
    "thumbnailHeight": 72,
    "thumbnailWidth": 137
   }
  },
  {
   "kind": "customsearch#result",
   "title": "Página Inicial — Câmara Municipal",
   "htmlTitle": "Página Inicial — Câmara Municipal",
   "link": "http://www.aguafriadegoias.go.leg.br/institucional/noticias/primeira-noticia/@@images/3cd3a713-531d-4740-bc3a-d6d0ee4c1f82.jpeg",
   "displayLink": "www.aguafriadegoias.go.leg.br",
   "snippet": "Página Inicial — Câmara Municipal",
   "htmlSnippet": "Página Inicial — Câmara Municipal",
   "mime": "image/jpeg",
   "image": {
    "contextLink": "http://www.aguafriadegoias.go.leg.br/",
    "height": 576,
    "width": 768,
    "byteSize": 114902,
    "thumbnailLink": "https://encrypted-tbn0.gstatic.com/images?q=tbn:ANd9GcSR7vp3bfs8daQ9FGFSeolNJ9pp8Xa05bHENeJyR7adb4XDVXWVn1X1WVA",
    "thumbnailHeight": 107,
    "thumbnailWidth": 142
   }
  },
  {
   "kind": "customsearch#result",
   "title": "Dr Laércio 51000 PEN (Vereador) Água Fria de Goiás - Guia Eleições ...",
   "htmlTitle": "Dr Laércio 51000 PEN (Vereador) Água Fria de Goiás - Guia Eleições ...",
   "link": "https://gazetadopovo-candidatos-2016.s3.amazonaws.com/fotos/go/agua-fria-de-goias/dr-laercio-51000.jpg",
   "displayLink": "especiais.gazetadopovo.com.br",
   "snippet": "Dr Laércio 51000 PEN (Vereador) Água Fria de Goiás - Guia Eleições ...",
   "htmlSnippet": "Dr Laércio 51000 PEN (Vereador) Água Fria de Goiás - Guia Eleições ...",
   "mime": "image/jpeg",
   "image": {
    "contextLink": "https://especiais.gazetadopovo.com.br/eleicoes/2016/agua-fria-de-goias-go/vereador/dr-laercio-51000/",
    "height": 225,
    "width": 161,
    "byteSize": 4916,
    "thumbnailLink": "https://encrypted-tbn0.gstatic.com/images?q=tbn:ANd9GcQxyjWZpoamoX0c2yvDC_O3pCuhaK8Bvq-35JI0dNz29WpvmqgJ7Z6yDQ",
    "thumbnailHeight": 108,
    "thumbnailWidth": 77
   }
  },
  {
   "kind": "customsearch#result",
   "title": "Vereador — Câmara Municipal",
   "htmlTitle": "Vereador — Câmara Municipal",
   "link": "https://www.insanespearfishing.com/image/data/blog/facebook.png",
   "displayLink": "www.aguafriadegoias.go.leg.br",
   "snippet": "Vereador — Câmara Municipal",
   "htmlSnippet": "Vereador — Câmara Municipal",
   "mime": "image/png",
   "image": {
    "contextLink": "http://www.aguafriadegoias.go.leg.br/institucional/vereadores/vereador-4",
    "height": 401,
    "width": 400,
    "byteSize": 58432,
    "thumbnailLink": "https://encrypted-tbn0.gstatic.com/images?q=tbn:ANd9GcTjKDOAJkO8BvvnQ0vfBzemWsTmZLjhQ29VzuVBBlCWjbj83zgUTLUFTqs",
    "thumbnailHeight": 124,
    "thumbnailWidth": 124
   }
  },
  {
   "kind": "customsearch#result",
   "title": "Dr Laércio 51000 PEN (Vereador) Água Fria de Goiás - Guia Eleições ...",
   "htmlTitle": "Dr Laércio 51000 PEN (Vereador) Água Fria de Goiás - Guia Eleições ...",
   "link": "https://gazetadopovo-candidatos-2016.s3.amazonaws.com/fotos/go/agua-fria-de-goias/ivonete-51234.jpg",
   "displayLink": "especiais.gazetadopovo.com.br",
   "snippet": "Dr Laércio 51000 PEN (Vereador) Água Fria de Goiás - Guia Eleições ...",
   "htmlSnippet": "Dr Laércio 51000 PEN (Vereador) Água Fria de Goiás - Guia Eleições ...",
   "mime": "image/jpeg",
   "image": {
    "contextLink": "https://especiais.gazetadopovo.com.br/eleicoes/2016/agua-fria-de-goias-go/vereador/dr-laercio-51000/",
    "height": 225,
    "width": 161,
    "byteSize": 5409,
    "thumbnailLink": "https://encrypted-tbn0.gstatic.com/images?q=tbn:ANd9GcTOMi0sUdFBcbzN4Y2kiOoe7cn5xjI9VvbcoA1b8ppFicqsYFgNjF6gDQ",
    "thumbnailHeight": 108,
    "thumbnailWidth": 77
   }
  },
  {
   "kind": "customsearch#result",
   "title": "ARuaÉSua voltou! Neste sábado e... - DFTV, Bom Dia DF e G1 DF ...",
   "htmlTitle": "ARuaÉSua voltou! Neste sábado e... - DFTV, Bom Dia DF e G1 DF ...",
   "link": "https://lookaside.fbsbx.com/lookaside/crawler/media/?media_id=972989909547892",
   "displayLink": "pt-br.facebook.com",
   "snippet": "ARuaÉSua voltou! Neste sábado e... - DFTV, Bom Dia DF e G1 DF ...",
   "htmlSnippet": "ARuaÉSua voltou! Neste sábado e... - DFTV, Bom Dia DF e G1 DF ...",
   "mime": "image/",
   "image": {
    "contextLink": "https://pt-br.facebook.com/DFTV/posts/972990246214525?comment_tracking=%7B%22tn%22%3A%22O%22%7D",
    "height": 960,
    "width": 960,
    "byteSize": 94041,
    "thumbnailLink": "https://encrypted-tbn0.gstatic.com/images?q=tbn:ANd9GcS-_RsdLzcehgZy-BaYZteczUdTtNBEhB79v3ReBAB7HzWZxxA4t_Zpdqbm",
    "thumbnailHeight": 148,
    "thumbnailWidth": 148
   }
  },
  {
   "kind": "customsearch#result",
   "title": "Vereador — Câmara Municipal",
   "htmlTitle": "Vereador — Câmara Municipal",
   "link": "http://www.aguafriadegoias.go.leg.br/logo.png",
   "displayLink": "www.aguafriadegoias.go.leg.br",
   "snippet": "Vereador — Câmara Municipal",
   "htmlSnippet": "Vereador — Câmara Municipal",
   "mime": "image/png",
   "image": {
    "contextLink": "http://www.aguafriadegoias.go.leg.br/institucional/vereadores/vereador-4",
    "height": 156,
    "width": 125,
    "byteSize": 40763,
    "thumbnailLink": "https://encrypted-tbn0.gstatic.com/images?q=tbn:ANd9GcQlw-dURJKPQ-vsKxFAjkGqBcKmGXNY7Jk0DxaZKvH4er6vm0UmIXG8C2Y",
    "thumbnailHeight": 97,
    "thumbnailWidth": 78
   }
  },
  {
   "kind": "customsearch#result",
   "title": "Sabe quem chegou ao Instagram? A... - DFTV, Bom Dia DF e G1 DF ...",
   "htmlTitle": "Sabe quem chegou ao Instagram? A... - DFTV, Bom Dia DF e G1 DF ...",
   "link": "https://lookaside.fbsbx.com/lookaside/crawler/media/?media_id=798978190282399",
   "displayLink": "www.facebook.com",
   "snippet": "Sabe quem chegou ao Instagram? A... - DFTV, Bom Dia DF e G1 DF ...",
   "htmlSnippet": "Sabe quem chegou ao Instagram? A... - DFTV, Bom Dia DF e G1 DF ...",
   "mime": "image/",
   "image": {
    "contextLink": "https://www.facebook.com/DFTV/photos/a.704583629721856/798978190282399/?type=3",
    "height": 960,
    "width": 960,
    "byteSize": 127257,
    "thumbnailLink": "https://encrypted-tbn0.gstatic.com/images?q=tbn:ANd9GcRoH6ap0CXKwUxuYI4CN2V8_rY04Fc20Q6gNnaAEJAMp8Oe-OvEV6XGq5Tebg",
    "thumbnailHeight": 148,
    "thumbnailWidth": 148
   }
  },
  {
   "kind": "customsearch#result",
   "title": "Vereadores — Câmara Municipal",
   "htmlTitle": "Vereadores — Câmara Municipal",
   "link": "http://www.aguafriadegoias.go.leg.br/20170620_145541.jpg/@@images/334451cd-5e5c-400a-9d3d-42e397888bd5.jpeg",
   "displayLink": "www.aguafriadegoias.go.leg.br",
   "snippet": "Vereadores — Câmara Municipal",
   "htmlSnippet": "Vereadores — Câmara Municipal",
   "mime": "image/jpeg",
   "image": {
    "contextLink": "http://www.aguafriadegoias.go.leg.br/institucional/vereadores",
    "height": 200,
    "width": 159,
    "byteSize": 8564,
    "thumbnailLink": "https://encrypted-tbn0.gstatic.com/images?q=tbn:ANd9GcRuKez5lOJBhXs3VbD-thclTcitgtbJMww4-pwO7JoqaC0r_M-w4lgsOQ",
    "thumbnailHeight": 104,
    "thumbnailWidth": 83
   }
  }
 ]
}
