{
 "kind": "customsearch#search",
 "url": {
  "type": "application/json",
  "template": "https://www.googleapis.com/customsearch/v1?q={searchTerms}&num={count?}&start={startIndex?}&lr={language?}&safe={safe?}&cx={cx?}&sort={sort?}&filter={filter?}&gl={gl?}&cr={cr?}&googlehost={googleHost?}&c2coff={disableCnTwTranslation?}&hq={hq?}&hl={hl?}&siteSearch={siteSearch?}&siteSearchFilter={siteSearchFilter?}&exactTerms={exactTerms?}&excludeTerms={excludeTerms?}&linkSite={linkSite?}&orTerms={orTerms?}&relatedSite={relatedSite?}&dateRestrict={dateRestrict?}&lowRange={lowRange?}&highRange={highRange?}&searchType={searchType}&fileType={fileType?}&rights={rights?}&imgSize={imgSize?}&imgType={imgType?}&imgColorType={imgColorType?}&imgDominantColor={imgDominantColor?}&alt=json"
 },
 "queries": {
  "request": [
   {
    "title": "Google Custom Search - \"LIGIA FERREIRA DE OLIVEIRA\"",
    "totalResults": "6070",
    "searchTerms": "\"LIGIA FERREIRA DE OLIVEIRA\"",
    "count": 10,
    "startIndex": 1,
    "inputEncoding": "utf8",
    "outputEncoding": "utf8",
    "safe": "off",
    "cx": "014097292584411445814:sh5uhwve2ei",
    "searchType": "image"
   }
  ],
  "nextPage": [
   {
    "title": "Google Custom Search - \"LIGIA FERREIRA DE OLIVEIRA\"",
    "totalResults": "6070",
    "searchTerms": "\"LIGIA FERREIRA DE OLIVEIRA\"",
    "count": 10,
    "startIndex": 11,
    "inputEncoding": "utf8",
    "outputEncoding": "utf8",
    "safe": "off",
    "cx": "014097292584411445814:sh5uhwve2ei",
    "searchType": "image"
   }
  ]
 },
 "context": {
  "title": "Eleitos"
 },
 "searchInformation": {
  "searchTime": 0.18749,
  "formattedSearchTime": "0.19",
  "totalResults": "6070",
  "formattedTotalResults": "6,070"
 },
 "items": [
  {
   "kind": "customsearch#result",
   "title": "Lígia Ferreira de Oliveira - Câmara Municipal de Acreúna",
   "htmlTitle": "\u003cb\u003eLígia Ferreira de Oliveira\u003c/b\u003e - Câmara Municipal de Acreúna",
   "link": "http://camaraacreuna.go.gov.br/res/midias/img/a5ed70361b8e2f7cb4c0280846519967.jpg",
   "displayLink": "www.camaraacreuna.go.gov.br",
   "snippet": "Lígia Ferreira de Oliveira - Câmara Municipal de Acreúna",
   "htmlSnippet": "\u003cb\u003eLígia Ferreira de Oliveira\u003c/b\u003e - Câmara Municipal de Acreúna",
   "mime": "image/jpeg",
   "image": {
    "contextLink": "http://www.camaraacreuna.go.gov.br/pagina/148-ligia-ferreira-de-oliveira",
    "height": 1000,
    "width": 666,
    "byteSize": 81457,
    "thumbnailLink": "https://encrypted-tbn0.gstatic.com/images?q=tbn:ANd9GcQyHox4f-suxb-jEMEsh5BJ8aCjzuhaUMpaOrw-05Ur4veWZEcPF4Uqdho",
    "thumbnailHeight": 149,
    "thumbnailWidth": 99
   }
  },
  {
   "kind": "customsearch#result",
   "title": "title | Gazeta do Povo",
   "htmlTitle": "title | Gazeta do Povo",
   "link": "https://gazetadopovo-candidatos-2016.s3.amazonaws.com/fotos/santinhos/go/acreuna/santinho-vereador-ligia-ferreira-44333-acreuna-go.jpg",
   "displayLink": "especiais.gazetadopovo.com.br",
   "snippet": "title | Gazeta do Povo",
   "htmlSnippet": "title | Gazeta do Povo",
   "mime": "image/jpeg",
   "image": {
    "contextLink": "https://especiais.gazetadopovo.com.br/eleicoes/2016/acreuna-go/vereador/ligia-ferreira-44333/",
    "height": 339,
    "width": 646,
    "byteSize": 18620,
    "thumbnailLink": "https://encrypted-tbn0.gstatic.com/images?q=tbn:ANd9GcRTIlc9yT3nC61nxkMV0IYgVkkc1_fEUL1uhEdxVw1ETG-5tyYjTuBB7hcB",
    "thumbnailHeight": 72,
    "thumbnailWidth": 137
   }
  },
  {
   "kind": "customsearch#result",
   "title": "Lígia Ferreira de Oliveira - Câmara Municipal de Acreúna",
   "htmlTitle": "\u003cb\u003eLígia Ferreira de Oliveira\u003c/b\u003e - Câmara Municipal de Acreúna",
   "link": "http://www.camaraacreuna.go.gov.br/res/midias/img/3a0c0ecd13f17d9509f4ee1e08fd9d0a.jpg?x=NaN&y=0&w=NaN&h=0&mw=83&mh=62",
   "displayLink": "www.camaraacreuna.go.gov.br",
   "snippet": "Lígia Ferreira de Oliveira - Câmara Municipal de Acreúna",
   "htmlSnippet": "\u003cb\u003eLígia Ferreira de Oliveira\u003c/b\u003e - Câmara Municipal de Acreúna",
   "mime": "image/jpeg",
   "image": {
    "contextLink": "http://www.camaraacreuna.go.gov.br/pagina/148-ligia-ferreira-de-oliveira",
    "height": 750,
    "width": 1000,
    "byteSize": 37332,
    "thumbnailLink": "https://encrypted-tbn0.gstatic.com/images?q=tbn:ANd9GcScnmeC1KZKNz6fTxErRax3ScShanmoMHx_5sTgSNFP2hyoUDDZgqorUZo",
    "thumbnailHeight": 112,
    "thumbnailWidth": 149
   }
  },
  {
   "kind": "customsearch#result",
   "title": "title | Gazeta do Povo",
   "htmlTitle": "title | Gazeta do Povo",
   "link": "https://gazetadopovo-candidatos-2016.s3.amazonaws.com/fotos/go/acreuna/ligia-ferreira-44333.jpg",
   "displayLink": "especiais.gazetadopovo.com.br",
   "snippet": "title | Gazeta do Povo",
   "htmlSnippet": "title | Gazeta do Povo",
   "mime": "image/jpeg",
   "image": {
    "contextLink": "https://especiais.gazetadopovo.com.br/eleicoes/2016/acreuna-go/vereador/ligia-ferreira-44333/",
    "height": 225,
    "width": 161,
    "byteSize": 4279,
    "thumbnailLink": "https://encrypted-tbn0.gstatic.com/images?q=tbn:ANd9GcSTFQw15fQ1R4kl4F30FLMUe5smYDxQoJPQy-NHSMpBz5fNNz1427GaZ30",
    "thumbnailHeight": 108,
    "thumbnailWidth": 77
   }
  },
  {
   "kind": "customsearch#result",
   "title": "Lígia Ferreira de Oliveira - Câmara Municipal de Acreúna",
   "htmlTitle": "\u003cb\u003eLígia Ferreira de Oliveira\u003c/b\u003e - Câmara Municipal de Acreúna",
   "link": "http://www.camaraacreuna.go.gov.br/res/midias/img/844ffb6eb83524f53cc20dd600a94011.png?x=0&y=0&w=1000&h=1000",
   "displayLink": "www.camaraacreuna.go.gov.br",
   "snippet": "Lígia Ferreira de Oliveira - Câmara Municipal de Acreúna",
   "htmlSnippet": "\u003cb\u003eLígia Ferreira de Oliveira\u003c/b\u003e - Câmara Municipal de Acreúna",
   "mime": "image/png",
   "image": {
    "contextLink": "http://www.camaraacreuna.go.gov.br/pagina/148-ligia-ferreira-de-oliveira",
    "height": 1000,
    "width": 1000,
    "byteSize": 281917,
    "thumbnailLink": "https://encrypted-tbn0.gstatic.com/images?q=tbn:ANd9GcQbTXgmsasLZvkR2fT7YtWCXgGSlxFeg0C3VF3HXwYleKLS9I3FSFkots9iCg",
    "thumbnailHeight": 149,
    "thumbnailWidth": 149
   }
  },
  {
   "kind": "customsearch#result",
   "title": "title | Gazeta do Povo",
   "htmlTitle": "title | Gazeta do Povo",
   "link": "https://gazetadopovo-candidatos-2016.s3.amazonaws.com/fotos/go/acreuna/ninim-cowboy-44777.jpg",
   "displayLink": "especiais.gazetadopovo.com.br",
   "snippet": "title | Gazeta do Povo",
   "htmlSnippet": "title | Gazeta do Povo",
   "mime": "image/jpeg",
   "image": {
    "contextLink": "https://especiais.gazetadopovo.com.br/eleicoes/2016/acreuna-go/vereador/ligia-ferreira-44333/",
    "height": 225,
    "width": 161,
    "byteSize": 3727,
    "thumbnailLink": "https://encrypted-tbn0.gstatic.com/images?q=tbn:ANd9GcSj5v0_feuRKctIZwQmWo7pRhvKuO_9_UIps5RGvkC4ZYUUEq4VhbM50w",
    "thumbnailHeight": 108,
    "thumbnailWidth": 77
   }
  },
  {
   "kind": "customsearch#result",
   "title": "DIÄKIO OFICIAL C i O F \"",
   "htmlTitle": "DIÄKIO OFICIAL C i O F &quot;",
   "link": "x-raw-image:///f6d7eabc45093c21ad58adfca0a15603b4a639399189815ddd8dfc43100f0d21",
   "displayLink": "www.tc.df.gov.br",
   "snippet": "DIÄKIO OFICIAL C i O F \"",
   "htmlSnippet": "DIÄKIO OFICIAL C i O F &quot;",
   "mime": "image/",
   "image": {
    "contextLink": "http://www.tc.df.gov.br/SINJ/Diario/15833/d9a9860f-b3b1-38ed-b930-46d9db6e58cd/arq/0/00ad95b4.pdf",
    "height": 2036,
    "width": 1646,
    "byteSize": 1737247,
    "thumbnailLink": "https://encrypted-tbn0.gstatic.com/images?q=tbn:ANd9GcS53itYTf7NNMDdSolqvNUohv00cJP79SMHhbr9PJnsuvFubkthuvXWKzcp",
    "thumbnailHeight": 150,
    "thumbnailWidth": 121
   }
  },
  {
   "kind": "customsearch#result",
   "title": "title | Gazeta do Povo",
   "htmlTitle": "title | Gazeta do Povo",
   "link": "https://gazetadopovo-candidatos-2016.s3.amazonaws.com/fotos/go/acreuna/jailson-pintor-44444.jpg",
   "displayLink": "especiais.gazetadopovo.com.br",
   "snippet": "title | Gazeta do Povo",
   "htmlSnippet": "title | Gazeta do Povo",
   "mime": "image/jpeg",
   "image": {
    "contextLink": "https://especiais.gazetadopovo.com.br/eleicoes/2016/acreuna-go/vereador/ligia-ferreira-44333/",
    "height": 225,
    "width": 161,
    "byteSize": 4010,
    "thumbnailLink": "https://encrypted-tbn0.gstatic.com/images?q=tbn:ANd9GcRimyN-CHW7RG2E0Y3nhkpT0VWB9fOcIkOFcAacwspuAui5Yb5oePg9FQ",
    "thumbnailHeight": 108,
    "thumbnailWidth": 77
   }
  },
  {
   "kind": "customsearch#result",
   "title": "Edimar Alves de Sousa - Câmara Municipal de Acreúna",
   "htmlTitle": "Edimar Alves de Sousa - Câmara Municipal de Acreúna",
   "link": "http://camaraacreuna.go.gov.br/res/midias/img/a72e86693203980ac88d277c22ab7a1e.jpg",
   "displayLink": "www.camaraacreuna.go.gov.br",
   "snippet": "Edimar Alves de Sousa - Câmara Municipal de Acreúna",
   "htmlSnippet": "Edimar Alves de Sousa - Câmara Municipal de Acreúna",
   "mime": "image/jpeg",
   "image": {
    "contextLink": "http://www.camaraacreuna.go.gov.br/pagina/154-edimar-alves-de-sousa",
    "height": 1000,
    "width": 666,
    "byteSize": 77093,
    "thumbnailLink": "https://encrypted-tbn0.gstatic.com/images?q=tbn:ANd9GcSlVtk1Sg0qgplqAuv71VItrTKDKRvAWLyv2Iy1xIsfQO_ZpbJNMkD8oYu4",
    "thumbnailHeight": 149,
    "thumbnailWidth": 99
   }
  },
  {
   "kind": "customsearch#result",
   "title": "title | Gazeta do Povo",
   "htmlTitle": "title | Gazeta do Povo",
   "link": "https://gazetadopovo-candidatos-2016.s3.amazonaws.com/fotos/go/acreuna/zilane-souza-44200.jpg",
   "displayLink": "especiais.gazetadopovo.com.br",
   "snippet": "title | Gazeta do Povo",
   "htmlSnippet": "title | Gazeta do Povo",
   "mime": "image/jpeg",
   "image": {
    "contextLink": "https://especiais.gazetadopovo.com.br/eleicoes/2016/acreuna-go/vereador/ligia-ferreira-44333/",
    "height": 225,
    "width": 161,
    "byteSize": 5258,
    "thumbnailLink": "https://encrypted-tbn0.gstatic.com/images?q=tbn:ANd9GcRrmCHS7DgX0zrh5gupEZ_YKBzUSFXE48PJ2GgZEjXQV80dhtTVKQVLBA",
    "thumbnailHeight": 108,
    "thumbnailWidth": 77
   }
  }
 ]
}
