{
 "kind": "customsearch#search",
 "url": {
  "type": "application/json",
  "template": "https://www.googleapis.com/customsearch/v1?q={searchTerms}&num={count?}&start={startIndex?}&lr={language?}&safe={safe?}&cx={cx?}&sort={sort?}&filter={filter?}&gl={gl?}&cr={cr?}&googlehost={googleHost?}&c2coff={disableCnTwTranslation?}&hq={hq?}&hl={hl?}&siteSearch={siteSearch?}&siteSearchFilter={siteSearchFilter?}&exactTerms={exactTerms?}&excludeTerms={excludeTerms?}&linkSite={linkSite?}&orTerms={orTerms?}&relatedSite={relatedSite?}&dateRestrict={dateRestrict?}&lowRange={lowRange?}&highRange={highRange?}&searchType={searchType}&fileType={fileType?}&rights={rights?}&imgSize={imgSize?}&imgType={imgType?}&imgColorType={imgColorType?}&imgDominantColor={imgDominantColor?}&alt=json"
 },
 "queries": {
  "request": [
   {
    "title": "Google Custom Search - \"LUIS DE AQUINO PEREIRA\"",
    "totalResults": "2320",
    "searchTerms": "\"LUIS DE AQUINO PEREIRA\"",
    "count": 10,
    "startIndex": 1,
    "inputEncoding": "utf8",
    "outputEncoding": "utf8",
    "safe": "off",
    "cx": "014097292584411445814:sh5uhwve2ei",
    "searchType": "image"
   }
  ],
  "nextPage": [
   {
    "title": "Google Custom Search - \"LUIS DE AQUINO PEREIRA\"",
    "totalResults": "2320",
    "searchTerms": "\"LUIS DE AQUINO PEREIRA\"",
    "count": 10,
    "startIndex": 11,
    "inputEncoding": "utf8",
    "outputEncoding": "utf8",
    "safe": "off",
    "cx": "014097292584411445814:sh5uhwve2ei",
    "searchType": "image"
   }
  ]
 },
 "context": {
  "title": "Eleitos"
 },
 "searchInformation": {
  "searchTime": 0.156566,
  "formattedSearchTime": "0.16",
  "totalResults": "2320",
  "formattedTotalResults": "2,320"
 },
 "items": [
  {
   "kind": "customsearch#result",
   "title": "Luís de Aquino 31455 (PHS) Deputado Estadual | Goiás | Eleições 2018",
   "htmlTitle": "Luís de Aquino 31455 (PHS) Deputado Estadual | Goiás | Eleições 2018",
   "link": "https://cdn-eleicoes.gazetadopovo.com.br/santinhos/goias/deputado-estadual/santinho-deputado-estadual-luis-de-aquino-31455-goias.jpg",
   "displayLink": "especiais.gazetadopovo.com.br",
   "snippet": "Luís de Aquino 31455 (PHS) Deputado Estadual | Goiás | Eleições 2018",
   "htmlSnippet": "Luís de Aquino 31455 (PHS) Deputado Estadual | Goiás | Eleições 2018",
   "mime": "image/jpeg",
   "image": {
    "contextLink": "https://especiais.gazetadopovo.com.br/eleicoes/2018/candidatos/go/deputado-estadual/luis-de-aquino-31455/",
    "height": 315,
    "width": 601,
    "byteSize": 27686,
    "thumbnailLink": "https://encrypted-tbn0.gstatic.com/images?q=tbn:ANd9GcQDLssFOQbqLfbAmM-gx8Ub38cCLM8I7h-TrSkQiTy3BiuwvAyzwz__2Dh2",
    "thumbnailHeight": 71,
    "thumbnailWidth": 135
   }
  },
  {
   "kind": "customsearch#result",
   "title": "Luis de Aquino 31222 PHS (Vereador) Águas Lindas de Goiás - Guia ...",
   "htmlTitle": "Luis de Aquino 31222 PHS (Vereador) Águas Lindas de Goiás - Guia ...",
   "link": "https://gazetadopovo-candidatos-2016.s3.amazonaws.com/fotos/go/aguas-lindas-de-goias/luis-de-aquino-31222.jpg",
   "displayLink": "especiais.gazetadopovo.com.br",
   "snippet": "Luis de Aquino 31222 PHS (Vereador) Águas Lindas de Goiás - Guia ...",
   "htmlSnippet": "Luis de Aquino 31222 PHS (Vereador) Águas Lindas de Goiás - Guia ...",
   "mime": "image/jpeg",
   "image": {
    "contextLink": "https://especiais.gazetadopovo.com.br/eleicoes/2016/aguas-lindas-de-goias-go/vereador/luis-de-aquino-31222/",
    "height": 225,
    "width": 161,
    "byteSize": 5314,
    "thumbnailLink": "https://encrypted-tbn0.gstatic.com/images?q=tbn:ANd9GcRYMTsOg_xHD3Oq3PPcfE4J_pMs6uTwcwh8MS0N1eBbqmDovYrXNI_VUw",
    "thumbnailHeight": 108,
    "thumbnailWidth": 77
   }
  },
  {
   "kind": "customsearch#result",
   "title": "Luís de Aquino 31455 (PHS) Deputado Estadual | Goiás | Eleições 2018",
   "htmlTitle": "Luís de Aquino 31455 (PHS) Deputado Estadual | Goiás | Eleições 2018",
   "link": "https://cdn-eleicoes.gazetadopovo.com.br/fotos/goias/deputado-estadual/luis-de-aquino-31455.jpg",
   "displayLink": "especiais.gazetadopovo.com.br",
   "snippet": "Luís de Aquino 31455 (PHS) Deputado Estadual | Goiás | Eleições 2018",
   "htmlSnippet": "Luís de Aquino 31455 (PHS) Deputado Estadual | Goiás | Eleições 2018",
   "mime": "image/jpeg",
   "image": {
    "contextLink": "https://especiais.gazetadopovo.com.br/eleicoes/2018/candidatos/go/deputado-estadual/luis-de-aquino-31455/",
    "height": 225,
    "width": 161,
    "byteSize": 4634,
    "thumbnailLink": "https://encrypted-tbn0.gstatic.com/images?q=tbn:ANd9GcT0bCT--pUHp38_-DzWxcvPS7ym-5vZv0PlbKRMLHbXpq6IKa9JXlDIkek",
    "thumbnailHeight": 108,
    "thumbnailWidth": 77
   }
  },
  {
   "kind": "customsearch#result",
   "title": "Luis de Aquino 31222 PHS (Vereador) Águas Lindas de Goiás - Guia ...",
   "htmlTitle": "Luis de Aquino 31222 PHS (Vereador) Águas Lindas de Goiás - Guia ...",
   "link": "https://gazetadopovo-candidatos-2016.s3.amazonaws.com/fotos/santinhos/go/aguas-lindas-de-goias/santinho-vereador-luis-de-aquino-31222-aguas-lindas-de-goias-go.jpg",
   "displayLink": "especiais.gazetadopovo.com.br",
   "snippet": "Luis de Aquino 31222 PHS (Vereador) Águas Lindas de Goiás - Guia ...",
   "htmlSnippet": "Luis de Aquino 31222 PHS (Vereador) Águas Lindas de Goiás - Guia ...",
   "mime": "image/jpeg",
   "image": {
    "contextLink": "https://especiais.gazetadopovo.com.br/eleicoes/2016/aguas-lindas-de-goias-go/vereador/luis-de-aquino-31222/",
    "height": 339,
    "width": 646,
    "byteSize": 19563,
    "thumbnailLink": "https://encrypted-tbn0.gstatic.com/images?q=tbn:ANd9GcRJXBYXGM02fjje1owH3mSD8JuGVwtWkm6rU_Wu5ubAFyD41OgAo-AkSRM",
    "thumbnailHeight": 72,
    "thumbnailWidth": 137
   }
  },
  {
   "kind": "customsearch#result",
   "title": "Amor Por Águas Lindas - Publicações | Facebook",
   "htmlTitle": "Amor Por Águas Lindas - Publicações | Facebook",
   "link": "https://lookaside.fbsbx.com/lookaside/crawler/media/?media_id=1923454987774453",
   "displayLink": "pt-br.facebook.com",
   "snippet": "Amor Por Águas Lindas - Publicações | Facebook",
   "htmlSnippet": "Amor Por Águas Lindas - Publicações | Facebook",
   "mime": "image/",
   "image": {
    "contextLink": "https://pt-br.facebook.com/Amor-Por-%C3%81guas-Lindas-877549225698373/posts/",
    "height": 480,
    "width": 480,
    "byteSize": 43832,
    "thumbnailLink": "https://encrypted-tbn0.gstatic.com/images?q=tbn:ANd9GcQeGqqNYWNrjEMGqd33Qr8bESPiC1n98_yUoHYORn6aN1oYeGAou1gC1ZmCbw",
    "thumbnailHeight": 129,
    "thumbnailWidth": 129
   }
  },
  {
   "kind": "customsearch#result",
   "title": "Luis de Aquino 31222 PHS (Vereador) Águas Lindas de Goiás - Guia ...",
   "htmlTitle": "Luis de Aquino 31222 PHS (Vereador) Águas Lindas de Goiás - Guia ...",
   "link": "https://gazetadopovo-candidatos-2016.s3.amazonaws.com/fotos/go/aguas-lindas-de-goias/paulo-jorge-31321.jpg",
   "displayLink": "especiais.gazetadopovo.com.br",
   "snippet": "Luis de Aquino 31222 PHS (Vereador) Águas Lindas de Goiás - Guia ...",
   "htmlSnippet": "Luis de Aquino 31222 PHS (Vereador) Águas Lindas de Goiás - Guia ...",
   "mime": "image/jpeg",
   "image": {
    "contextLink": "https://especiais.gazetadopovo.com.br/eleicoes/2016/aguas-lindas-de-goias-go/vereador/luis-de-aquino-31222/",
    "height": 225,
    "width": 161,
    "byteSize": 5918,
    "thumbnailLink": "https://encrypted-tbn0.gstatic.com/images?q=tbn:ANd9GcQVtOasGiQhwuKoh9ftpwOOzAwO8NQ18aPBRjRHAXbZqopsfBc1ni-I1OE",
    "thumbnailHeight": 108,
    "thumbnailWidth": 77
   }
  },
  {
   "kind": "customsearch#result",
   "title": "Amor Por Águas Lindas - Publicações | Facebook",
   "htmlTitle": "Amor Por Águas Lindas - Publicações | Facebook",
   "link": "https://lookaside.fbsbx.com/lookaside/crawler/media/?media_id=877549225698373",
   "displayLink": "pt-br.facebook.com",
   "snippet": "Amor Por Águas Lindas - Publicações | Facebook",
   "htmlSnippet": "Amor Por Águas Lindas - Publicações | Facebook",
   "mime": "image/",
   "image": {
    "contextLink": "https://pt-br.facebook.com/Amor-Por-%C3%81guas-Lindas-877549225698373/posts/",
    "height": 959,
    "width": 960,
    "byteSize": 253347,
    "thumbnailLink": "https://encrypted-tbn0.gstatic.com/images?q=tbn:ANd9GcSFiHMIHijlcbFHXwfdSfjzqsb6ISEtIepH63NEy5PRHxVcQ3Xb1OH2w8B2bw",
    "thumbnailHeight": 148,
    "thumbnailWidth": 148
   }
  },
  {
   "kind": "customsearch#result",
   "title": "Luis de Aquino 31222 PHS (Vereador) Águas Lindas de Goiás - Guia ...",
   "htmlTitle": "Luis de Aquino 31222 PHS (Vereador) Águas Lindas de Goiás - Guia ...",
   "link": "https://gazetadopovo-candidatos-2016.s3.amazonaws.com/fotos/go/aguas-lindas-de-goias/piaui-arrais-31456.jpg",
   "displayLink": "especiais.gazetadopovo.com.br",
   "snippet": "Luis de Aquino 31222 PHS (Vereador) Águas Lindas de Goiás - Guia ...",
   "htmlSnippet": "Luis de Aquino 31222 PHS (Vereador) Águas Lindas de Goiás - Guia ...",
   "mime": "image/jpeg",
   "image": {
    "contextLink": "https://especiais.gazetadopovo.com.br/eleicoes/2016/aguas-lindas-de-goias-go/vereador/luis-de-aquino-31222/",
    "height": 225,
    "width": 161,
    "byteSize": 5173,
    "thumbnailLink": "https://encrypted-tbn0.gstatic.com/images?q=tbn:ANd9GcStxB13LFuTwoduIJ8CBqMCYl8HTm_BcRG7IbxUgdEsFA97RwXmxnBuIw",
    "thumbnailHeight": 108,
    "thumbnailWidth": 77
   }
  },
  {
   "kind": "customsearch#result",
   "title": "MUNICÍPIO DE ÁGUAS LINDAS DE GOIÁS ESTADO DE GOIAS",
   "htmlTitle": "MUNICÍPIO DE ÁGUAS LINDAS DE GOIÁS ESTADO DE GOIAS",
   "link": "x-raw-image:///2c9263df2d4eb79cf2791511fdeb03d9232aa522ee2f401c09541c1838c90e7b",
   "displayLink": "aguaslindasdegoias.go.gov.br",
   "snippet": "MUNICÍPIO DE ÁGUAS LINDAS DE GOIÁS ESTADO DE GOIAS",
   "htmlSnippet": "MUNICÍPIO DE ÁGUAS LINDAS DE GOIÁS ESTADO DE GOIAS",
   "mime": "image/",
   "image": {
    "contextLink": "http://aguaslindasdegoias.go.gov.br/wp-content/uploads/2019/04/ANEXO-17.pdf",
    "height": 411,
    "width": 294,
    "byteSize": 183442,
    "thumbnailLink": "https://encrypted-tbn0.gstatic.com/images?q=tbn:ANd9GcRKCHh6ynWsihQJDWYGL6FpZt9OrDUYmL-BTTQQevxwe3dTr1tmkj8hLQ",
    "thumbnailHeight": 125,
    "thumbnailWidth": 89
   }
  },
  {
   "kind": "customsearch#result",
   "title": "Luis de Aquino 31222 PHS (Vereador) Águas Lindas de Goiás - Guia ...",
   "htmlTitle": "Luis de Aquino 31222 PHS (Vereador) Águas Lindas de Goiás - Guia ...",
   "link": "https://gazetadopovo-candidatos-2016.s3.amazonaws.com/fotos/go/aguas-lindas-de-goias/baiana-dos-pinheiros-31468.jpg",
   "displayLink": "especiais.gazetadopovo.com.br",
   "snippet": "Luis de Aquino 31222 PHS (Vereador) Águas Lindas de Goiás - Guia ...",
   "htmlSnippet": "Luis de Aquino 31222 PHS (Vereador) Águas Lindas de Goiás - Guia ...",
   "mime": "image/jpeg",
   "image": {
    "contextLink": "https://especiais.gazetadopovo.com.br/eleicoes/2016/aguas-lindas-de-goias-go/vereador/luis-de-aquino-31222/",
    "height": 225,
    "width": 161,
    "byteSize": 5012,
    "thumbnailLink": "https://encrypted-tbn0.gstatic.com/images?q=tbn:ANd9GcRfgpvBqxbYSV7Iqn7CVknNcfDeDXxwyENfV2FpLxGze2eLT_fNZNb0p6k",
    "thumbnailHeight": 108,
    "thumbnailWidth": 77
   }
  }
 ]
}
