{
 "kind": "customsearch#search",
 "url": {
  "type": "application/json",
  "template": "https://www.googleapis.com/customsearch/v1?q={searchTerms}&num={count?}&start={startIndex?}&lr={language?}&safe={safe?}&cx={cx?}&sort={sort?}&filter={filter?}&gl={gl?}&cr={cr?}&googlehost={googleHost?}&c2coff={disableCnTwTranslation?}&hq={hq?}&hl={hl?}&siteSearch={siteSearch?}&siteSearchFilter={siteSearchFilter?}&exactTerms={exactTerms?}&excludeTerms={excludeTerms?}&linkSite={linkSite?}&orTerms={orTerms?}&relatedSite={relatedSite?}&dateRestrict={dateRestrict?}&lowRange={lowRange?}&highRange={highRange?}&searchType={searchType}&fileType={fileType?}&rights={rights?}&imgSize={imgSize?}&imgType={imgType?}&imgColorType={imgColorType?}&imgDominantColor={imgDominantColor?}&alt=json"
 },
 "queries": {
  "request": [
   {
    "title": "Google Custom Search - \"LUIZ ALBERTO TRAJANO DE SOUSA\"",
    "totalResults": "28",
    "searchTerms": "\"LUIZ ALBERTO TRAJANO DE SOUSA\"",
    "count": 10,
    "startIndex": 1,
    "inputEncoding": "utf8",
    "outputEncoding": "utf8",
    "safe": "off",
    "cx": "014097292584411445814:sh5uhwve2ei",
    "searchType": "image"
   }
  ],
  "nextPage": [
   {
    "title": "Google Custom Search - \"LUIZ ALBERTO TRAJANO DE SOUSA\"",
    "totalResults": "28",
    "searchTerms": "\"LUIZ ALBERTO TRAJANO DE SOUSA\"",
    "count": 10,
    "startIndex": 11,
    "inputEncoding": "utf8",
    "outputEncoding": "utf8",
    "safe": "off",
    "cx": "014097292584411445814:sh5uhwve2ei",
    "searchType": "image"
   }
  ]
 },
 "context": {
  "title": "Eleitos"
 },
 "searchInformation": {
  "searchTime": 0.307442,
  "formattedSearchTime": "0.31",
  "totalResults": "28",
  "formattedTotalResults": "28"
 },
 "items": [
  {
   "kind": "customsearch#result",
   "title": "title | Gazeta do Povo",
   "htmlTitle": "title | Gazeta do Povo",
   "link": "https://gazetadopovo-candidatos-2016.s3.amazonaws.com/fotos/santinhos/go/abadia-de-goias/santinho-vereador-luizinho-da-saude-23456-abadia-de-goias-go.jpg",
   "displayLink": "especiais.gazetadopovo.com.br",
   "snippet": "title | Gazeta do Povo",
   "htmlSnippet": "title | Gazeta do Povo",
   "mime": "image/jpeg",
   "image": {
    "contextLink": "https://especiais.gazetadopovo.com.br/eleicoes/2016/abadia-de-goias-go/vereador/luizinho-da-saude-23456/",
    "height": 339,
    "width": 646,
    "byteSize": 20358,
    "thumbnailLink": "https://encrypted-tbn0.gstatic.com/images?q=tbn:ANd9GcQ0Bm5lkPieycJbOXFELkM5uFmRoAWrCKMS7dfD6l0bl8z-FRXIDaOfBMc",
    "thumbnailHeight": 72,
    "thumbnailWidth": 137
   }
  },
  {
   "kind": "customsearch#result",
   "title": "Câmara Municipal de Abadia de Goiás ::",
   "htmlTitle": "Câmara Municipal de Abadia de Goiás ::",
   "link": "http://www.camaradeabadiadegoias.go.gov.br/img/Topo.jpg",
   "displayLink": "www.camaradeabadiadegoias.go.gov.br",
   "snippet": "Câmara Municipal de Abadia de Goiás ::",
   "htmlSnippet": "Câmara Municipal de Abadia de Goiás ::",
   "mime": "image/jpeg",
   "image": {
    "contextLink": "http://www.camaradeabadiadegoias.go.gov.br/MostraNoticias.asp?CodNoticia=2&CodTipoNoticia=1",
    "height": 246,
    "width": 1920,
    "byteSize": 77809,
    "thumbnailLink": "https://encrypted-tbn0.gstatic.com/images?q=tbn:ANd9GcTno-dEvDfkGAy9mPnjNnnzkOTICvzHWFFmjFoW_vptWK5cyBHTIQu3scux",
    "thumbnailHeight": 19,
    "thumbnailWidth": 150
   }
  },
  {
   "kind": "customsearch#result",
   "title": "title | Gazeta do Povo",
   "htmlTitle": "title | Gazeta do Povo",
   "link": "https://gazetadopovo-candidatos-2016.s3.amazonaws.com/fotos/go/abadia-de-goias/luizinho-da-saude-23456.jpg",
   "displayLink": "especiais.gazetadopovo.com.br",
   "snippet": "title | Gazeta do Povo",
   "htmlSnippet": "title | Gazeta do Povo",
   "mime": "image/jpeg",
   "image": {
    "contextLink": "https://especiais.gazetadopovo.com.br/eleicoes/2016/abadia-de-goias-go/vereador/luizinho-da-saude-23456/",
    "height": 225,
    "width": 161,
    "byteSize": 6161,
    "thumbnailLink": "https://encrypted-tbn0.gstatic.com/images?q=tbn:ANd9GcTMzxYNHZB12WqnM-vbVOOZtR6KbnJeiWtPTGsV-0PJiGyDBMbgWM1LVQ",
    "thumbnailHeight": 108,
    "thumbnailWidth": 77
   }
  },
  {
   "kind": "customsearch#result",
   "title": "Helder Valin entrega medalhas do Mérito Legislativo a homenageados ...",
   "htmlTitle": "Helder Valin entrega medalhas do Mérito Legislativo a homenageados ...",
   "link": "https://portal.al.go.leg.br/img/logo_alego_padrao_200px.png",
   "displayLink": "portal.al.go.leg.br",
   "snippet": "Helder Valin entrega medalhas do Mérito Legislativo a homenageados ...",
   "htmlSnippet": "Helder Valin entrega medalhas do Mérito Legislativo a homenageados ...",
   "mime": "image/png",
   "image": {
    "contextLink": "https://portal.al.go.leg.br/noticias/ver/id/93920/tipo/geral/helder+valin+entrega+medalhas+do+merito+legislativo+a+homenageados",
    "height": 83,
    "width": 245,
    "byteSize": 12492,
    "thumbnailLink": "https://encrypted-tbn0.gstatic.com/images?q=tbn:ANd9GcSBLHehPFyMyi97xCvdoF2iYDsJJlviYldLdHaEO2Aq-XgjrGb-oLWBJA",
    "thumbnailHeight": 37,
    "thumbnailWidth": 110
   }
  },
  {
   "kind": "customsearch#result",
   "title": "title | Gazeta do Povo",
   "htmlTitle": "title | Gazeta do Povo",
   "link": "https://gazetadopovo-candidatos-2016.s3.amazonaws.com/fotos/go/abadia-de-goias/birajara-23000.jpg",
   "displayLink": "especiais.gazetadopovo.com.br",
   "snippet": "title | Gazeta do Povo",
   "htmlSnippet": "title | Gazeta do Povo",
   "mime": "image/jpeg",
   "image": {
    "contextLink": "https://especiais.gazetadopovo.com.br/eleicoes/2016/abadia-de-goias-go/vereador/luizinho-da-saude-23456/",
    "height": 225,
    "width": 161,
    "byteSize": 4517,
    "thumbnailLink": "https://encrypted-tbn0.gstatic.com/images?q=tbn:ANd9GcTrM76OKi_g5z6ux_4LNkc5Ot_XwtHtADDIWMypN4p8pmLPWoVryXXl9TU",
    "thumbnailHeight": 108,
    "thumbnailWidth": 77
   }
  },
  {
   "kind": "customsearch#result",
   "title": "title | Gazeta do Povo",
   "htmlTitle": "title | Gazeta do Povo",
   "link": "https://gazetadopovo-candidatos-2016.s3.amazonaws.com/fotos/go/abadia-de-goias/pastor-wellinton-23444.jpg",
   "displayLink": "especiais.gazetadopovo.com.br",
   "snippet": "title | Gazeta do Povo",
   "htmlSnippet": "title | Gazeta do Povo",
   "mime": "image/jpeg",
   "image": {
    "contextLink": "https://especiais.gazetadopovo.com.br/eleicoes/2016/abadia-de-goias-go/vereador/luizinho-da-saude-23456/",
    "height": 225,
    "width": 161,
    "byteSize": 3839,
    "thumbnailLink": "https://encrypted-tbn0.gstatic.com/images?q=tbn:ANd9GcRA3zNB8Nnl-oT05gMbOsfkHE2UEL2lW_hOjw7h7WQRWXODWkPKSGhYF98",
    "thumbnailHeight": 108,
    "thumbnailWidth": 77
   }
  },
  {
   "kind": "customsearch#result",
   "title": "title | Gazeta do Povo",
   "htmlTitle": "title | Gazeta do Povo",
   "link": "https://gazetadopovo-candidatos-2016.s3.amazonaws.com/fotos/go/abadia-de-goias/nega-das-panquecas-23100.jpg",
   "displayLink": "especiais.gazetadopovo.com.br",
   "snippet": "title | Gazeta do Povo",
   "htmlSnippet": "title | Gazeta do Povo",
   "mime": "image/jpeg",
   "image": {
    "contextLink": "https://especiais.gazetadopovo.com.br/eleicoes/2016/abadia-de-goias-go/vereador/luizinho-da-saude-23456/",
    "height": 225,
    "width": 161,
    "byteSize": 4480,
    "thumbnailLink": "https://encrypted-tbn0.gstatic.com/images?q=tbn:ANd9GcQpLJiZJK98Y8Pf5ziRwjSpK571mgFdoTUklE7rXgtipWB6rLIQF17AShc",
    "thumbnailHeight": 108,
    "thumbnailWidth": 77
   }
  },
  {
   "kind": "customsearch#result",
   "title": "title | Gazeta do Povo",
   "htmlTitle": "title | Gazeta do Povo",
   "link": "https://gazetadopovo-candidatos-2016.s3.amazonaws.com/fotos/go/abadia-de-goias/professor-nivaldo-23333.jpg",
   "displayLink": "especiais.gazetadopovo.com.br",
   "snippet": "title | Gazeta do Povo",
   "htmlSnippet": "title | Gazeta do Povo",
   "mime": "image/jpeg",
   "image": {
    "contextLink": "https://especiais.gazetadopovo.com.br/eleicoes/2016/abadia-de-goias-go/vereador/luizinho-da-saude-23456/",
    "height": 225,
    "width": 161,
    "byteSize": 4769,
    "thumbnailLink": "https://encrypted-tbn0.gstatic.com/images?q=tbn:ANd9GcQLeSpf6TEPYt855m6ruM9Rwqi1MyEjVWFtT2unh82eAbrEVBqnOsBlTA",
    "thumbnailHeight": 108,
    "thumbnailWidth": 77
   }
  },
  {
   "kind": "customsearch#result",
   "title": "title | Gazeta do Povo",
   "htmlTitle": "title | Gazeta do Povo",
   "link": "https://gazetadopovo-candidatos-2016.s3.amazonaws.com/fotos/go/abadia-de-goias/professora-regiane-23432.jpg",
   "displayLink": "especiais.gazetadopovo.com.br",
   "snippet": "title | Gazeta do Povo",
   "htmlSnippet": "title | Gazeta do Povo",
   "mime": "image/jpeg",
   "image": {
    "contextLink": "https://especiais.gazetadopovo.com.br/eleicoes/2016/abadia-de-goias-go/vereador/luizinho-da-saude-23456/",
    "height": 225,
    "width": 161,
    "byteSize": 4877,
    "thumbnailLink": "https://encrypted-tbn0.gstatic.com/images?q=tbn:ANd9GcRAf_aAPoqSSJaly-J1p_IIWugHtXGtzm7eYRhPh5J865zS74XyQhzYlso",
    "thumbnailHeight": 108,
    "thumbnailWidth": 77
   }
  },
  {
   "kind": "customsearch#result",
   "title": "title | Gazeta do Povo",
   "htmlTitle": "title | Gazeta do Povo",
   "link": "https://gazetadopovo-candidatos-2016.s3.amazonaws.com/fotos/go/abadia-de-goias/claudia-23123.jpg",
   "displayLink": "especiais.gazetadopovo.com.br",
   "snippet": "title | Gazeta do Povo",
   "htmlSnippet": "title | Gazeta do Povo",
   "mime": "image/jpeg",
   "image": {
    "contextLink": "https://especiais.gazetadopovo.com.br/eleicoes/2016/abadia-de-goias-go/vereador/luizinho-da-saude-23456/",
    "height": 225,
    "width": 161,
    "byteSize": 4845,
    "thumbnailLink": "https://encrypted-tbn0.gstatic.com/images?q=tbn:ANd9GcQEd5THQ-FJQI6DbY0V1S7_-qpzzTGwnghfyVKoKXx1fx_41mQ8uCm_nCA",
    "thumbnailHeight": 108,
    "thumbnailWidth": 77
   }
  }
 ]
}
