{
 "kind": "customsearch#search",
 "url": {
  "type": "application/json",
  "template": "https://www.googleapis.com/customsearch/v1?q={searchTerms}&num={count?}&start={startIndex?}&lr={language?}&safe={safe?}&cx={cx?}&sort={sort?}&filter={filter?}&gl={gl?}&cr={cr?}&googlehost={googleHost?}&c2coff={disableCnTwTranslation?}&hq={hq?}&hl={hl?}&siteSearch={siteSearch?}&siteSearchFilter={siteSearchFilter?}&exactTerms={exactTerms?}&excludeTerms={excludeTerms?}&linkSite={linkSite?}&orTerms={orTerms?}&relatedSite={relatedSite?}&dateRestrict={dateRestrict?}&lowRange={lowRange?}&highRange={highRange?}&searchType={searchType}&fileType={fileType?}&rights={rights?}&imgSize={imgSize?}&imgType={imgType?}&imgColorType={imgColorType?}&imgDominantColor={imgDominantColor?}&alt=json"
 },
 "queries": {
  "request": [
   {
    "title": "Google Custom Search - \"LUIZ ÂNGELO DE URZÊDA\"",
    "totalResults": "464",
    "searchTerms": "\"LUIZ ÂNGELO DE URZÊDA\"",
    "count": 10,
    "startIndex": 1,
    "inputEncoding": "utf8",
    "outputEncoding": "utf8",
    "safe": "off",
    "cx": "014097292584411445814:sh5uhwve2ei",
    "searchType": "image"
   }
  ],
  "nextPage": [
   {
    "title": "Google Custom Search - \"LUIZ ÂNGELO DE URZÊDA\"",
    "totalResults": "464",
    "searchTerms": "\"LUIZ ÂNGELO DE URZÊDA\"",
    "count": 10,
    "startIndex": 11,
    "inputEncoding": "utf8",
    "outputEncoding": "utf8",
    "safe": "off",
    "cx": "014097292584411445814:sh5uhwve2ei",
    "searchType": "image"
   }
  ]
 },
 "context": {
  "title": "Eleitos"
 },
 "searchInformation": {
  "searchTime": 0.242599,
  "formattedSearchTime": "0.24",
  "totalResults": "464",
  "formattedTotalResults": "464"
 },
 "items": [
  {
   "kind": "customsearch#result",
   "title": "ABADIA DE GOIAS",
   "htmlTitle": "ABADIA DE GOIAS",
   "link": "x-raw-image:///a76eeba3c32b5b31a297de83652fc05ce64fed8da0e936023cd207deaf7b7fa7",
   "displayLink": "www.abadiadegoias.go.gov.br",
   "snippet": "ABADIA DE GOIAS",
   "htmlSnippet": "ABADIA DE GOIAS",
   "mime": "image/",
   "image": {
    "contextLink": "http://www.abadiadegoias.go.gov.br/Documentos/Lei%20Municipal_276-2006%20-%20Disp%C3%B5e%20sobre%20doa%C3%A7%C3%A3o%20de%20lotes%20no%20per%C3%ADmetro%20urbano%20Zona%20de%20Expans%C3%A3o%20Industrial.PDF",
    "height": 2338,
    "width": 1653,
    "byteSize": 1667087,
    "thumbnailLink": "https://encrypted-tbn0.gstatic.com/images?q=tbn:ANd9GcQJSaproW2dr_yNqbqZHKTV1Q8lLNOTsX-3fIcvxvIl46aw6RowFtYERoNv",
    "thumbnailHeight": 150,
    "thumbnailWidth": 106
   }
  },
  {
   "kind": "customsearch#result",
   "title": "Prefeitura de Abadia de Goiás ::",
   "htmlTitle": "Prefeitura de Abadia de Goiás ::",
   "link": "http://www.abadiadegoias.go.gov.br/FotoNoticia/758/758.jpg",
   "displayLink": "www.abadiadegoias.go.gov.br",
   "snippet": "Prefeitura de Abadia de Goiás ::",
   "htmlSnippet": "Prefeitura de Abadia de Goiás ::",
   "mime": "image/jpeg",
   "image": {
    "contextLink": "http://www.abadiadegoias.go.gov.br/MostraNoticia.asp?CodNoticia=758",
    "height": 615,
    "width": 973,
    "byteSize": 95174,
    "thumbnailLink": "https://encrypted-tbn0.gstatic.com/images?q=tbn:ANd9GcRAX9Do9MjjXN2sHe9nWqm_M8r2bwQ8isG6gP7ipSJfD3r7va0bQQX-nSo",
    "thumbnailHeight": 94,
    "thumbnailWidth": 149
   }
  },
  {
   "kind": "customsearch#result",
   "title": "title | Gazeta do Povo",
   "htmlTitle": "title | Gazeta do Povo",
   "link": "https://gazetadopovo-candidatos-2016.s3.amazonaws.com/fotos/santinhos/go/abadia-de-goias/santinho-vereador-luizao-45666-abadia-de-goias-go.jpg",
   "displayLink": "especiais.gazetadopovo.com.br",
   "snippet": "title | Gazeta do Povo",
   "htmlSnippet": "title | Gazeta do Povo",
   "mime": "image/jpeg",
   "image": {
    "contextLink": "https://especiais.gazetadopovo.com.br/eleicoes/2016/abadia-de-goias-go/vereador/luizao-45666/",
    "height": 339,
    "width": 646,
    "byteSize": 17314,
    "thumbnailLink": "https://encrypted-tbn0.gstatic.com/images?q=tbn:ANd9GcT67ce2dBMzQ85hOZApYJIpMowdctZ64qSDWZxSiGZQAMFICKqx60uaYes",
    "thumbnailHeight": 72,
    "thumbnailWidth": 137
   }
  },
  {
   "kind": "customsearch#result",
   "title": "ABADIA DE GOIAS",
   "htmlTitle": "ABADIA DE GOIAS",
   "link": "x-raw-image:///319a2182f00a19d80287a2aeeffb0966f3a75ec26a0a1d02d3f44c049cd96e84",
   "displayLink": "www.abadiadegoias.go.gov.br",
   "snippet": "ABADIA DE GOIAS",
   "htmlSnippet": "ABADIA DE GOIAS",
   "mime": "image/",
   "image": {
    "contextLink": "http://www.abadiadegoias.go.gov.br/Documentos/Lei%20Municipal_276-2006%20-%20Disp%C3%B5e%20sobre%20doa%C3%A7%C3%A3o%20de%20lotes%20no%20per%C3%ADmetro%20urbano%20Zona%20de%20Expans%C3%A3o%20Industrial.PDF",
    "height": 2338,
    "width": 1653,
    "byteSize": 2012699,
    "thumbnailLink": "https://encrypted-tbn0.gstatic.com/images?q=tbn:ANd9GcTMLh9qTLRNUtSQ2IFsdcQwh3G8ziIDag-mmWUViebF4k899r0ltrZfmw-R",
    "thumbnailHeight": 150,
    "thumbnailWidth": 106
   }
  },
  {
   "kind": "customsearch#result",
   "title": "Câmara Municipal de Abadia de Goiás ::",
   "htmlTitle": "Câmara Municipal de Abadia de Goiás ::",
   "link": "http://www.camaradeabadiadegoias.go.gov.br/img/Topo.jpg",
   "displayLink": "www.camaradeabadiadegoias.go.gov.br",
   "snippet": "Câmara Municipal de Abadia de Goiás ::",
   "htmlSnippet": "Câmara Municipal de Abadia de Goiás ::",
   "mime": "image/jpeg",
   "image": {
    "contextLink": "http://www.camaradeabadiadegoias.go.gov.br/MostraNoticias.asp?CodNoticia=2&CodTipoNoticia=1",
    "height": 246,
    "width": 1920,
    "byteSize": 77809,
    "thumbnailLink": "https://encrypted-tbn0.gstatic.com/images?q=tbn:ANd9GcTno-dEvDfkGAy9mPnjNnnzkOTICvzHWFFmjFoW_vptWK5cyBHTIQu3scux",
    "thumbnailHeight": 19,
    "thumbnailWidth": 150
   }
  },
  {
   "kind": "customsearch#result",
   "title": "title | Gazeta do Povo",
   "htmlTitle": "title | Gazeta do Povo",
   "link": "https://gazetadopovo-candidatos-2016.s3.amazonaws.com/fotos/go/abadia-de-goias/luizao-45666.jpg",
   "displayLink": "especiais.gazetadopovo.com.br",
   "snippet": "title | Gazeta do Povo",
   "htmlSnippet": "title | Gazeta do Povo",
   "mime": "image/jpeg",
   "image": {
    "contextLink": "https://especiais.gazetadopovo.com.br/eleicoes/2016/abadia-de-goias-go/vereador/luizao-45666/",
    "height": 225,
    "width": 161,
    "byteSize": 3296,
    "thumbnailLink": "https://encrypted-tbn0.gstatic.com/images?q=tbn:ANd9GcRD7qnu0LP2LJrVw3i0C66DOsc_x3juTD8PAp6x5tW_pxpLG0LVMhT6pw",
    "thumbnailHeight": 108,
    "thumbnailWidth": 77
   }
  },
  {
   "kind": "customsearch#result",
   "title": "ABADIA DE GOLAS",
   "htmlTitle": "ABADIA DE GOLAS",
   "link": "x-raw-image:///4040f0b3e61ac4643d5ba6cd5635cba03339f9a2bf037648770f77218b25093a",
   "displayLink": "www.abadiadegoias.go.gov.br",
   "snippet": "ABADIA DE GOLAS",
   "htmlSnippet": "ABADIA DE GOLAS",
   "mime": "image/",
   "image": {
    "contextLink": "http://www.abadiadegoias.go.gov.br/Documentos/Leis%20Municipais_295-2006%20-%20Disp%C3%B5e%20sobre%20doa%C3%A7%C3%A3o%20de%20lotes%20na%20Zona%20de%20Expans%C3%A3o%20Industrial.PDF",
    "height": 2338,
    "width": 1653,
    "byteSize": 1834906,
    "thumbnailLink": "https://encrypted-tbn0.gstatic.com/images?q=tbn:ANd9GcQClbqHX0_pLmlC-5Ufe69GBKguLZsu54FZJOYDKwXOh6O-zniOagIroUA",
    "thumbnailHeight": 150,
    "thumbnailWidth": 106
   }
  },
  {
   "kind": "customsearch#result",
   "title": "title | Gazeta do Povo",
   "htmlTitle": "title | Gazeta do Povo",
   "link": "https://gazetadopovo-candidatos-2016.s3.amazonaws.com/fotos/go/abadia-de-goias/geraldo-ge-45000.jpg",
   "displayLink": "especiais.gazetadopovo.com.br",
   "snippet": "title | Gazeta do Povo",
   "htmlSnippet": "title | Gazeta do Povo",
   "mime": "image/jpeg",
   "image": {
    "contextLink": "https://especiais.gazetadopovo.com.br/eleicoes/2016/abadia-de-goias-go/vereador/luizao-45666/",
    "height": 225,
    "width": 161,
    "byteSize": 4386,
    "thumbnailLink": "https://encrypted-tbn0.gstatic.com/images?q=tbn:ANd9GcRt7rlxON-Cll1mxUx1b4y-zjYDnao1uPdcK8k5xDKyHxul_LAPZ4SANW4",
    "thumbnailHeight": 108,
    "thumbnailWidth": 77
   }
  },
  {
   "kind": "customsearch#result",
   "title": "Sumário ....... / __ /__ n_E_c_R_ET_o_s ___ _____,",
   "htmlTitle": "Sumário ....... / __ /__ n_E_c_R_ET_o_s ___ _____,",
   "link": "x-raw-image:///b4be75df7a3d9b6e1b2df7341a1148d431b8b18fd98085fb4e4bbada39d93dd1",
   "displayLink": "www.goiania.go.gov.br",
   "snippet": "Sumário ....... / __ /__ n_E_c_R_ET_o_s ___ _____,",
   "htmlSnippet": "Sumário ....... / __ /__ n_E_c_R_ET_o_s ___ _____,",
   "mime": "image/",
   "image": {
    "contextLink": "http://www.goiania.go.gov.br/Download/legislacao/diariooficial/1984/do_19841116_000000766.pdf",
    "height": 1729,
    "width": 1222,
    "byteSize": 2583136,
    "thumbnailLink": "https://encrypted-tbn0.gstatic.com/images?q=tbn:ANd9GcR4YF25I6Gcr9ubCz7abH6efPYLP45QHQUGtrzLQkJj8nF_Epks22HuP_s",
    "thumbnailHeight": 150,
    "thumbnailWidth": 106
   }
  },
  {
   "kind": "customsearch#result",
   "title": "title | Gazeta do Povo",
   "htmlTitle": "title | Gazeta do Povo",
   "link": "https://gazetadopovo-candidatos-2016.s3.amazonaws.com/fotos/go/abadia-de-goias/sandra-vieira-45045.jpg",
   "displayLink": "especiais.gazetadopovo.com.br",
   "snippet": "title | Gazeta do Povo",
   "htmlSnippet": "title | Gazeta do Povo",
   "mime": "image/jpeg",
   "image": {
    "contextLink": "https://especiais.gazetadopovo.com.br/eleicoes/2016/abadia-de-goias-go/vereador/luizao-45666/",
    "height": 225,
    "width": 161,
    "byteSize": 5118,
    "thumbnailLink": "https://encrypted-tbn0.gstatic.com/images?q=tbn:ANd9GcSNIzePW4W0msGC_nYao7tAu4ww5wnMnjufwW7EUKySWf38i2M8V0C1QQ",
    "thumbnailHeight": 108,
    "thumbnailWidth": 77
   }
  }
 ]
}
