{
 "kind": "customsearch#search",
 "url": {
  "type": "application/json",
  "template": "https://www.googleapis.com/customsearch/v1?q={searchTerms}&num={count?}&start={startIndex?}&lr={language?}&safe={safe?}&cx={cx?}&sort={sort?}&filter={filter?}&gl={gl?}&cr={cr?}&googlehost={googleHost?}&c2coff={disableCnTwTranslation?}&hq={hq?}&hl={hl?}&siteSearch={siteSearch?}&siteSearchFilter={siteSearchFilter?}&exactTerms={exactTerms?}&excludeTerms={excludeTerms?}&linkSite={linkSite?}&orTerms={orTerms?}&relatedSite={relatedSite?}&dateRestrict={dateRestrict?}&lowRange={lowRange?}&highRange={highRange?}&searchType={searchType}&fileType={fileType?}&rights={rights?}&imgSize={imgSize?}&imgType={imgType?}&imgColorType={imgColorType?}&imgDominantColor={imgDominantColor?}&alt=json"
 },
 "queries": {
  "request": [
   {
    "title": "Google Custom Search - \"MARCOS MOREIRA DE BARROS\"",
    "totalResults": "12100",
    "searchTerms": "\"MARCOS MOREIRA DE BARROS\"",
    "count": 10,
    "startIndex": 1,
    "inputEncoding": "utf8",
    "outputEncoding": "utf8",
    "safe": "off",
    "cx": "014097292584411445814:sh5uhwve2ei",
    "searchType": "image"
   }
  ],
  "nextPage": [
   {
    "title": "Google Custom Search - \"MARCOS MOREIRA DE BARROS\"",
    "totalResults": "12100",
    "searchTerms": "\"MARCOS MOREIRA DE BARROS\"",
    "count": 10,
    "startIndex": 11,
    "inputEncoding": "utf8",
    "outputEncoding": "utf8",
    "safe": "off",
    "cx": "014097292584411445814:sh5uhwve2ei",
    "searchType": "image"
   }
  ]
 },
 "context": {
  "title": "Eleitos"
 },
 "searchInformation": {
  "searchTime": 0.293019,
  "formattedSearchTime": "0.29",
  "totalResults": "12100",
  "formattedTotalResults": "12,100"
 },
 "items": [
  {
   "kind": "customsearch#result",
   "title": "title | Gazeta do Povo",
   "htmlTitle": "title | Gazeta do Povo",
   "link": "https://gazetadopovo-candidatos-2016.s3.amazonaws.com/fotos/santinhos/go/adelandia/santinho-vereador-marcos-do-povao-45222-adelandia-go.jpg",
   "displayLink": "especiais.gazetadopovo.com.br",
   "snippet": "title | Gazeta do Povo",
   "htmlSnippet": "title | Gazeta do Povo",
   "mime": "image/jpeg",
   "image": {
    "contextLink": "https://especiais.gazetadopovo.com.br/eleicoes/2016/adelandia-go/vereador/marcos-do-povao-45222/",
    "height": 339,
    "width": 646,
    "byteSize": 20003,
    "thumbnailLink": "https://encrypted-tbn0.gstatic.com/images?q=tbn:ANd9GcSDLXMKqU3NFQW8JPKeGMJKc_00i8391ZZng11oM77FXx27GAWCSFRsI0mR",
    "thumbnailHeight": 72,
    "thumbnailWidth": 137
   }
  },
  {
   "kind": "customsearch#result",
   "title": "Audiência pública discute a proibição de venda de armas",
   "htmlTitle": "Audiência pública discute a proibição de venda de armas",
   "link": "x-raw-image:///985e74e3c19946f436ad10c3e3faa65a36c21770a7f9ea3d9d998da55918929b",
   "displayLink": "www12.senado.leg.br",
   "snippet": "Audiência pública discute a proibição de venda de armas",
   "htmlSnippet": "Audiência pública discute a proibição de venda de armas",
   "mime": "image/",
   "image": {
    "contextLink": "https://www12.senado.leg.br/jornal/edicoes/2000/01/14/jornal.pdf",
    "height": 340,
    "width": 504,
    "byteSize": 117881,
    "thumbnailLink": "https://encrypted-tbn0.gstatic.com/images?q=tbn:ANd9GcR2qv0EMA5sKf6F97uhGzZektQXq4t9HC3xGyaT5V9FETaFM_6HNJhDiqf7",
    "thumbnailHeight": 88,
    "thumbnailWidth": 130
   }
  },
  {
   "kind": "customsearch#result",
   "title": "title | Gazeta do Povo",
   "htmlTitle": "title | Gazeta do Povo",
   "link": "https://gazetadopovo-candidatos-2016.s3.amazonaws.com/fotos/go/adelandia/marcos-do-povao-45222.jpg",
   "displayLink": "especiais.gazetadopovo.com.br",
   "snippet": "title | Gazeta do Povo",
   "htmlSnippet": "title | Gazeta do Povo",
   "mime": "image/jpeg",
   "image": {
    "contextLink": "https://especiais.gazetadopovo.com.br/eleicoes/2016/adelandia-go/vereador/marcos-do-povao-45222/",
    "height": 225,
    "width": 161,
    "byteSize": 5142,
    "thumbnailLink": "https://encrypted-tbn0.gstatic.com/images?q=tbn:ANd9GcQR8lbqcfFFEtqhM_x0NvEi7eUVUI6DJ3uGTLhVmdII8zXJkjLMIr2wdlw",
    "thumbnailHeight": 108,
    "thumbnailWidth": 77
   }
  },
  {
   "kind": "customsearch#result",
   "title": "Audiência pública discute a proibição de venda de armas",
   "htmlTitle": "Audiência pública discute a proibição de venda de armas",
   "link": "x-raw-image:///a01bd60a72953b1b98f1a73d5b8f432dee46e6efcd252f2da0d8e0989040467e",
   "displayLink": "www12.senado.leg.br",
   "snippet": "Audiência pública discute a proibição de venda de armas",
   "htmlSnippet": "Audiência pública discute a proibição de venda de armas",
   "mime": "image/",
   "image": {
    "contextLink": "https://www12.senado.leg.br/jornal/edicoes/2000/01/14/jornal.pdf",
    "height": 208,
    "width": 562,
    "byteSize": 79546,
    "thumbnailLink": "https://encrypted-tbn0.gstatic.com/images?q=tbn:ANd9GcTzLzReEneR7NHpB22xe5LGUDWsqOmiyhqjJFmldsZly37nxQMcK7NHCLWy",
    "thumbnailHeight": 49,
    "thumbnailWidth": 133
   }
  },
  {
   "kind": "customsearch#result",
   "title": "title | Gazeta do Povo",
   "htmlTitle": "title | Gazeta do Povo",
   "link": "https://gazetadopovo-candidatos-2016.s3.amazonaws.com/fotos/go/adelandia/ana-antonia-45999.jpg",
   "displayLink": "especiais.gazetadopovo.com.br",
   "snippet": "title | Gazeta do Povo",
   "htmlSnippet": "title | Gazeta do Povo",
   "mime": "image/jpeg",
   "image": {
    "contextLink": "https://especiais.gazetadopovo.com.br/eleicoes/2016/adelandia-go/vereador/marcos-do-povao-45222/",
    "height": 225,
    "width": 161,
    "byteSize": 4829,
    "thumbnailLink": "https://encrypted-tbn0.gstatic.com/images?q=tbn:ANd9GcSkrTq-fLpdH-IipW0vaTxcXS8A32l5MdQcMn1FWILFQZ15a3EnHIymsA",
    "thumbnailHeight": 108,
    "thumbnailWidth": 77
   }
  },
  {
   "kind": "customsearch#result",
   "title": "Audiência pública discute a proibição de venda de armas",
   "htmlTitle": "Audiência pública discute a proibição de venda de armas",
   "link": "x-raw-image:///b8241e2be6d5529406cdd640214ed318adaef33ed2079e62113880cfabdebf66",
   "displayLink": "www12.senado.leg.br",
   "snippet": "Audiência pública discute a proibição de venda de armas",
   "htmlSnippet": "Audiência pública discute a proibição de venda de armas",
   "mime": "image/",
   "image": {
    "contextLink": "https://www12.senado.leg.br/jornal/edicoes/2000/01/14/jornal.pdf",
    "height": 314,
    "width": 240,
    "byteSize": 44689,
    "thumbnailLink": "https://encrypted-tbn0.gstatic.com/images?q=tbn:ANd9GcTMpOwI7V2dJD-jkcq2AxVqto8QEs7OtXtvhMU9uU1h6Cm6aVO2gkHbfkM",
    "thumbnailHeight": 117,
    "thumbnailWidth": 89
   }
  },
  {
   "kind": "customsearch#result",
   "title": "title | Gazeta do Povo",
   "htmlTitle": "title | Gazeta do Povo",
   "link": "https://gazetadopovo-candidatos-2016.s3.amazonaws.com/fotos/go/adelandia/irmao-wanderley-45555.jpg",
   "displayLink": "especiais.gazetadopovo.com.br",
   "snippet": "title | Gazeta do Povo",
   "htmlSnippet": "title | Gazeta do Povo",
   "mime": "image/jpeg",
   "image": {
    "contextLink": "https://especiais.gazetadopovo.com.br/eleicoes/2016/adelandia-go/vereador/marcos-do-povao-45222/",
    "height": 225,
    "width": 161,
    "byteSize": 5218,
    "thumbnailLink": "https://encrypted-tbn0.gstatic.com/images?q=tbn:ANd9GcS13VMgrO34Z0eCgVeRKVGP8TATE8wP3KyU5AJFaaRHP9pLBy2o5Ff6xA",
    "thumbnailHeight": 108,
    "thumbnailWidth": 77
   }
  },
  {
   "kind": "customsearch#result",
   "title": "title | Gazeta do Povo",
   "htmlTitle": "title | Gazeta do Povo",
   "link": "https://gazetadopovo-candidatos-2016.s3.amazonaws.com/fotos/go/adelandia/jesus-dutra-zuis-veneno-45611.jpg",
   "displayLink": "especiais.gazetadopovo.com.br",
   "snippet": "title | Gazeta do Povo",
   "htmlSnippet": "title | Gazeta do Povo",
   "mime": "image/jpeg",
   "image": {
    "contextLink": "https://especiais.gazetadopovo.com.br/eleicoes/2016/adelandia-go/vereador/marcos-do-povao-45222/",
    "height": 225,
    "width": 161,
    "byteSize": 5470,
    "thumbnailLink": "https://encrypted-tbn0.gstatic.com/images?q=tbn:ANd9GcSF8btGLnasv-CLRtoaKFfJqpFWNLyS97owBwCcKxWjUGLQNJFTjLoeog",
    "thumbnailHeight": 108,
    "thumbnailWidth": 77
   }
  },
  {
   "kind": "customsearch#result",
   "title": "title | Gazeta do Povo",
   "htmlTitle": "title | Gazeta do Povo",
   "link": "https://gazetadopovo-candidatos-2016.s3.amazonaws.com/fotos/go/adelandia/ilda-maria-45567.jpg",
   "displayLink": "especiais.gazetadopovo.com.br",
   "snippet": "title | Gazeta do Povo",
   "htmlSnippet": "title | Gazeta do Povo",
   "mime": "image/jpeg",
   "image": {
    "contextLink": "https://especiais.gazetadopovo.com.br/eleicoes/2016/adelandia-go/vereador/marcos-do-povao-45222/",
    "height": 225,
    "width": 161,
    "byteSize": 5124,
    "thumbnailLink": "https://encrypted-tbn0.gstatic.com/images?q=tbn:ANd9GcT-XQ7jYQ8HRvLMPiN7uhrbWWCV4erlyBcu2udM7u1mffq86q8XoMzpt0A",
    "thumbnailHeight": 108,
    "thumbnailWidth": 77
   }
  },
  {
   "kind": "customsearch#result",
   "title": "title | Gazeta do Povo",
   "htmlTitle": "title | Gazeta do Povo",
   "link": "https://gazetadopovo-candidatos-2016.s3.amazonaws.com/fotos/go/adelandia/reginaldo-regis-45125.jpg",
   "displayLink": "especiais.gazetadopovo.com.br",
   "snippet": "title | Gazeta do Povo",
   "htmlSnippet": "title | Gazeta do Povo",
   "mime": "image/jpeg",
   "image": {
    "contextLink": "https://especiais.gazetadopovo.com.br/eleicoes/2016/adelandia-go/vereador/marcos-do-povao-45222/",
    "height": 225,
    "width": 161,
    "byteSize": 5133,
    "thumbnailLink": "https://encrypted-tbn0.gstatic.com/images?q=tbn:ANd9GcTRst2d9PIQaJfFBqWHy5qKD6THT8UrqXUxK_xp2d1PotuWtH-yJkujrA",
    "thumbnailHeight": 108,
    "thumbnailWidth": 77
   }
  }
 ]
}
