{
 "kind": "customsearch#search",
 "url": {
  "type": "application/json",
  "template": "https://www.googleapis.com/customsearch/v1?q={searchTerms}&num={count?}&start={startIndex?}&lr={language?}&safe={safe?}&cx={cx?}&sort={sort?}&filter={filter?}&gl={gl?}&cr={cr?}&googlehost={googleHost?}&c2coff={disableCnTwTranslation?}&hq={hq?}&hl={hl?}&siteSearch={siteSearch?}&siteSearchFilter={siteSearchFilter?}&exactTerms={exactTerms?}&excludeTerms={excludeTerms?}&linkSite={linkSite?}&orTerms={orTerms?}&relatedSite={relatedSite?}&dateRestrict={dateRestrict?}&lowRange={lowRange?}&highRange={highRange?}&searchType={searchType}&fileType={fileType?}&rights={rights?}&imgSize={imgSize?}&imgType={imgType?}&imgColorType={imgColorType?}&imgDominantColor={imgDominantColor?}&alt=json"
 },
 "queries": {
  "request": [
   {
    "title": "Google Custom Search - \"MARIA NATÁLIA DE SOUZA\"",
    "totalResults": "4680",
    "searchTerms": "\"MARIA NATÁLIA DE SOUZA\"",
    "count": 10,
    "startIndex": 1,
    "inputEncoding": "utf8",
    "outputEncoding": "utf8",
    "safe": "off",
    "cx": "014097292584411445814:sh5uhwve2ei",
    "searchType": "image"
   }
  ],
  "nextPage": [
   {
    "title": "Google Custom Search - \"MARIA NATÁLIA DE SOUZA\"",
    "totalResults": "4680",
    "searchTerms": "\"MARIA NATÁLIA DE SOUZA\"",
    "count": 10,
    "startIndex": 11,
    "inputEncoding": "utf8",
    "outputEncoding": "utf8",
    "safe": "off",
    "cx": "014097292584411445814:sh5uhwve2ei",
    "searchType": "image"
   }
  ]
 },
 "context": {
  "title": "Eleitos"
 },
 "searchInformation": {
  "searchTime": 0.170568,
  "formattedSearchTime": "0.17",
  "totalResults": "4680",
  "formattedTotalResults": "4,680"
 },
 "items": [
  {
   "kind": "customsearch#result",
   "title": "Natália 45123 PSDB (Vereadora) Águas Lindas de Goiás - Guia ...",
   "htmlTitle": "Natália 45123 PSDB (Vereadora) Águas Lindas de Goiás - Guia ...",
   "link": "https://gazetadopovo-candidatos-2016.s3.amazonaws.com/fotos/santinhos/go/aguas-lindas-de-goias/santinho-vereador-natalia-45123-aguas-lindas-de-goias-go.jpg",
   "displayLink": "especiais.gazetadopovo.com.br",
   "snippet": "Natália 45123 PSDB (Vereadora) Águas Lindas de Goiás - Guia ...",
   "htmlSnippet": "Natália 45123 PSDB (Vereadora) Águas Lindas de Goiás - Guia ...",
   "mime": "image/jpeg",
   "image": {
    "contextLink": "https://especiais.gazetadopovo.com.br/eleicoes/2016/aguas-lindas-de-goias-go/vereador/natalia-45123/",
    "height": 339,
    "width": 646,
    "byteSize": 19115,
    "thumbnailLink": "https://encrypted-tbn0.gstatic.com/images?q=tbn:ANd9GcS-4sg8UQWoSGxCuyrvKOKG5H0bCVrDuswuGh0xL1FtevPonpvkmVzbtFdD",
    "thumbnailHeight": 72,
    "thumbnailWidth": 137
   }
  },
  {
   "kind": "customsearch#result",
   "title": "Câmara de Vereadores de Águas Lindas de Goiás.",
   "htmlTitle": "Câmara de Vereadores de Águas Lindas de Goiás.",
   "link": "https://camaradeaguaslindas.go.gov.br/img.php?img=arquivos/lideranca/NATHALIA_(Copy).jpg&x=250&y=350&corta=1",
   "displayLink": "camaradeaguaslindas.go.gov.br",
   "snippet": "Câmara de Vereadores de Águas Lindas de Goiás.",
   "htmlSnippet": "Câmara de Vereadores de Águas Lindas de Goiás.",
   "mime": "image/",
   "image": {
    "contextLink": "https://camaradeaguaslindas.go.gov.br/vereadores",
    "height": 350,
    "width": 250,
    "byteSize": 14107,
    "thumbnailLink": "https://encrypted-tbn0.gstatic.com/images?q=tbn:ANd9GcSwjthgOSg9hBdMEwiVxYMCOw372upDYfs_XASOTYdQxe8DONYhYTXLdkE",
    "thumbnailHeight": 120,
    "thumbnailWidth": 86
   }
  },
  {
   "kind": "customsearch#result",
   "title": "Natália 45123 PSDB (Vereadora) Águas Lindas de Goiás - Guia ...",
   "htmlTitle": "Natália 45123 PSDB (Vereadora) Águas Lindas de Goiás - Guia ...",
   "link": "https://gazetadopovo-candidatos-2016.s3.amazonaws.com/fotos/go/aguas-lindas-de-goias/natalia-45123.jpg",
   "displayLink": "especiais.gazetadopovo.com.br",
   "snippet": "Natália 45123 PSDB (Vereadora) Águas Lindas de Goiás - Guia ...",
   "htmlSnippet": "Natália 45123 PSDB (Vereadora) Águas Lindas de Goiás - Guia ...",
   "mime": "image/jpeg",
   "image": {
    "contextLink": "https://especiais.gazetadopovo.com.br/eleicoes/2016/aguas-lindas-de-goias-go/vereador/natalia-45123/",
    "height": 225,
    "width": 161,
    "byteSize": 4484,
    "thumbnailLink": "https://encrypted-tbn0.gstatic.com/images?q=tbn:ANd9GcRMkOz2hOHlESYIuoBjXSGPP-0Squw0e3ZmuGlhChalS1zZjja3UYVUwgQ",
    "thumbnailHeight": 108,
    "thumbnailWidth": 77
   }
  },
  {
   "kind": "customsearch#result",
   "title": "Untitled",
   "htmlTitle": "Untitled",
   "link": "x-raw-image:///8dc9c853dddbbe5d467c366bc4b0ae5a4b54803f09e1b7aa6155c6858f858a2d",
   "displayLink": "www.dnit.gov.br",
   "snippet": "Untitled",
   "htmlSnippet": "Untitled",
   "mime": "image/",
   "image": {
    "contextLink": "http://www.dnit.gov.br/planejamento-e-pesquisa/desapropriacao-e-reassentamento/dup-2019/portaria-n-0772-dup-br-101-rn-20190208.pdf/@@download/file/Portaria%20n%200772-DUP%20BR%20101-RN%2020190208.pdf",
    "height": 1819,
    "width": 1286,
    "byteSize": 2220215,
    "thumbnailLink": "https://encrypted-tbn0.gstatic.com/images?q=tbn:ANd9GcRT3BVlt43q-gzTkq_0S2k_Z4lezZohgP3cL0GwMDtiFVVSkQloqFWV-3KL",
    "thumbnailHeight": 150,
    "thumbnailWidth": 106
   }
  },
  {
   "kind": "customsearch#result",
   "title": "Natália 45123 PSDB (Vereadora) Águas Lindas de Goiás - Guia ...",
   "htmlTitle": "Natália 45123 PSDB (Vereadora) Águas Lindas de Goiás - Guia ...",
   "link": "https://gazetadopovo-candidatos-2016.s3.amazonaws.com/fotos/go/aguas-lindas-de-goias/maria-da-feira-45100.jpg",
   "displayLink": "especiais.gazetadopovo.com.br",
   "snippet": "Natália 45123 PSDB (Vereadora) Águas Lindas de Goiás - Guia ...",
   "htmlSnippet": "Natália 45123 PSDB (Vereadora) Águas Lindas de Goiás - Guia ...",
   "mime": "image/jpeg",
   "image": {
    "contextLink": "https://especiais.gazetadopovo.com.br/eleicoes/2016/aguas-lindas-de-goias-go/vereador/natalia-45123/",
    "height": 225,
    "width": 161,
    "byteSize": 6164,
    "thumbnailLink": "https://encrypted-tbn0.gstatic.com/images?q=tbn:ANd9GcSd59Jnltvsj-Aqv6u5ISMJ5_j3W-L-5d2lWbms2wcmV9RdjpE53n8MKZI",
    "thumbnailHeight": 108,
    "thumbnailWidth": 77
   }
  },
  {
   "kind": "customsearch#result",
   "title": "Clube Caça e Tiro - Hlavní stránka | Facebook",
   "htmlTitle": "Clube Caça e Tiro - Hlavní stránka | Facebook",
   "link": "https://lookaside.fbsbx.com/lookaside/crawler/media/?media_id=386864241679431",
   "displayLink": "cs-cz.facebook.com",
   "snippet": "Clube Caça e Tiro - Hlavní stránka | Facebook",
   "htmlSnippet": "Clube Caça e Tiro - Hlavní stránka | Facebook",
   "mime": "image/",
   "image": {
    "contextLink": "https://cs-cz.facebook.com/ClubeCacaeTiro/",
    "height": 800,
    "width": 800,
    "byteSize": 202883,
    "thumbnailLink": "https://encrypted-tbn0.gstatic.com/images?q=tbn:ANd9GcRHWEkaSlYmC0PYDz8Zbmimaky4j9cBdGae-XkYDTrApzdQUM1X384LAYEYtg",
    "thumbnailHeight": 143,
    "thumbnailWidth": 143
   }
  },
  {
   "kind": "customsearch#result",
   "title": "Natália 45123 PSDB (Vereadora) Águas Lindas de Goiás - Guia ...",
   "htmlTitle": "Natália 45123 PSDB (Vereadora) Águas Lindas de Goiás - Guia ...",
   "link": "https://gazetadopovo-candidatos-2016.s3.amazonaws.com/fotos/go/aguas-lindas-de-goias/katatau-45678.jpg",
   "displayLink": "especiais.gazetadopovo.com.br",
   "snippet": "Natália 45123 PSDB (Vereadora) Águas Lindas de Goiás - Guia ...",
   "htmlSnippet": "Natália 45123 PSDB (Vereadora) Águas Lindas de Goiás - Guia ...",
   "mime": "image/jpeg",
   "image": {
    "contextLink": "https://especiais.gazetadopovo.com.br/eleicoes/2016/aguas-lindas-de-goias-go/vereador/natalia-45123/",
    "height": 225,
    "width": 161,
    "byteSize": 4327,
    "thumbnailLink": "https://encrypted-tbn0.gstatic.com/images?q=tbn:ANd9GcR2hsiuvspj_IYigmokZllT2kNoJP7CT_5intU4K4bRti3Iicv6dmAKj8o",
    "thumbnailHeight": 108,
    "thumbnailWidth": 77
   }
  },
  {
   "kind": "customsearch#result",
   "title": "ALUNOS MATRICULADOS NO PROJETO PREPARANDO O FUTURO CURSO ...",
   "htmlTitle": "ALUNOS MATRICULADOS NO PROJETO PREPARANDO O FUTURO CURSO ...",
   "link": "x-raw-image:///bbffc9fdf00b7d90a250f0ba351c2769599095504fe12a61ed352519f45e19a9",
   "displayLink": "garanhuns.pe.gov.br",
   "snippet": "ALUNOS MATRICULADOS NO PROJETO PREPARANDO O FUTURO CURSO ...",
   "htmlSnippet": "ALUNOS MATRICULADOS NO PROJETO PREPARANDO O FUTURO CURSO ...",
   "mime": "image/",
   "image": {
    "contextLink": "http://garanhuns.pe.gov.br/gid/wp-content/uploads/2017/08/LISTA-DOS-ALUNOS-CURSO-PREPARATORIO-PARA-O-ENEM-2017.pdf",
    "height": 296,
    "width": 1501,
    "byteSize": 64777,
    "thumbnailLink": "https://encrypted-tbn0.gstatic.com/images?q=tbn:ANd9GcTFvO4EjQj_CKlvvg6uXVHOwWNOGa-y8wa7xlSZQwjyUGdv56PqeT7Kn04",
    "thumbnailHeight": 30,
    "thumbnailWidth": 150
   }
  },
  {
   "kind": "customsearch#result",
   "title": "Natália 45123 PSDB (Vereadora) Águas Lindas de Goiás - Guia ...",
   "htmlTitle": "Natália 45123 PSDB (Vereadora) Águas Lindas de Goiás - Guia ...",
   "link": "https://gazetadopovo-candidatos-2016.s3.amazonaws.com/fotos/go/aguas-lindas-de-goias/tiririca-erivelton-45555.jpg",
   "displayLink": "especiais.gazetadopovo.com.br",
   "snippet": "Natália 45123 PSDB (Vereadora) Águas Lindas de Goiás - Guia ...",
   "htmlSnippet": "Natália 45123 PSDB (Vereadora) Águas Lindas de Goiás - Guia ...",
   "mime": "image/jpeg",
   "image": {
    "contextLink": "https://especiais.gazetadopovo.com.br/eleicoes/2016/aguas-lindas-de-goias-go/vereador/natalia-45123/",
    "height": 225,
    "width": 161,
    "byteSize": 5130,
    "thumbnailLink": "https://encrypted-tbn0.gstatic.com/images?q=tbn:ANd9GcT6WAXeSC7dr3YvFNgyb0asx-mPPPytgweSvYpxRYLsyaDhFH2t9A9Dvuw",
    "thumbnailHeight": 108,
    "thumbnailWidth": 77
   }
  },
  {
   "kind": "customsearch#result",
   "title": "MUNICÍPIO DE GOIÂNIA",
   "htmlTitle": "MUNICÍPIO DE GOIÂNIA",
   "link": "x-raw-image:///d53f094bab08ce87b72d25888119c99b23f4e51fbd832aad8bf52fa1a95635bc",
   "displayLink": "www.goiania.go.gov.br",
   "snippet": "MUNICÍPIO DE GOIÂNIA",
   "htmlSnippet": "MUNICÍPIO DE GOIÂNIA",
   "mime": "image/",
   "image": {
    "contextLink": "http://www.goiania.go.gov.br/Download/legislacao/diariooficial/2006/do_20060105_000003795.pdf",
    "height": 1123,
    "width": 816,
    "byteSize": 255381,
    "thumbnailLink": "https://encrypted-tbn0.gstatic.com/images?q=tbn:ANd9GcQV8EbivbZ7xqCOVo3DEQBsoKLUZEQXykphlk-rjv0sesSeRwB200axo9gi",
    "thumbnailHeight": 150,
    "thumbnailWidth": 109
   }
  }
 ]
}
