{
 "kind": "customsearch#search",
 "url": {
  "type": "application/json",
  "template": "https://www.googleapis.com/customsearch/v1?q={searchTerms}&num={count?}&start={startIndex?}&lr={language?}&safe={safe?}&cx={cx?}&sort={sort?}&filter={filter?}&gl={gl?}&cr={cr?}&googlehost={googleHost?}&c2coff={disableCnTwTranslation?}&hq={hq?}&hl={hl?}&siteSearch={siteSearch?}&siteSearchFilter={siteSearchFilter?}&exactTerms={exactTerms?}&excludeTerms={excludeTerms?}&linkSite={linkSite?}&orTerms={orTerms?}&relatedSite={relatedSite?}&dateRestrict={dateRestrict?}&lowRange={lowRange?}&highRange={highRange?}&searchType={searchType}&fileType={fileType?}&rights={rights?}&imgSize={imgSize?}&imgType={imgType?}&imgColorType={imgColorType?}&imgDominantColor={imgDominantColor?}&alt=json"
 },
 "queries": {
  "request": [
   {
    "title": "Google Custom Search - \"MARINALDO PINHEIRO BEZERRA\"",
    "totalResults": "219",
    "searchTerms": "\"MARINALDO PINHEIRO BEZERRA\"",
    "count": 10,
    "startIndex": 1,
    "inputEncoding": "utf8",
    "outputEncoding": "utf8",
    "safe": "off",
    "cx": "014097292584411445814:sh5uhwve2ei",
    "searchType": "image"
   }
  ],
  "nextPage": [
   {
    "title": "Google Custom Search - \"MARINALDO PINHEIRO BEZERRA\"",
    "totalResults": "219",
    "searchTerms": "\"MARINALDO PINHEIRO BEZERRA\"",
    "count": 10,
    "startIndex": 11,
    "inputEncoding": "utf8",
    "outputEncoding": "utf8",
    "safe": "off",
    "cx": "014097292584411445814:sh5uhwve2ei",
    "searchType": "image"
   }
  ]
 },
 "context": {
  "title": "Eleitos"
 },
 "searchInformation": {
  "searchTime": 0.172662,
  "formattedSearchTime": "0.17",
  "totalResults": "219",
  "formattedTotalResults": "219"
 },
 "items": [
  {
   "kind": "customsearch#result",
   "title": "2 º Secretario — Câmara Municipal",
   "htmlTitle": "2 º Secretario — Câmara Municipal",
   "link": "http://www.aguafriadegoias.go.leg.br/20170629_220930.jpg/@@images/587a45ce-9589-444a-90f9-84ca565594f6.jpeg",
   "displayLink": "www.aguafriadegoias.go.leg.br",
   "snippet": "2 º Secretario — Câmara Municipal",
   "htmlSnippet": "2 º Secretario — Câmara Municipal",
   "mime": "image/jpeg",
   "image": {
    "contextLink": "http://www.aguafriadegoias.go.leg.br/institucional/vereadores/1o-secretario",
    "height": 200,
    "width": 137,
    "byteSize": 9034,
    "thumbnailLink": "https://encrypted-tbn0.gstatic.com/images?q=tbn:ANd9GcRjmRiKNFx2GmALViZUhtF88u9REPxWasfXjS2OeV6tcDjk5BGnJerxrbA",
    "thumbnailHeight": 104,
    "thumbnailWidth": 71
   }
  },
  {
   "kind": "customsearch#result",
   "title": "Marinaldo 15015 PMDB (Vereador) Água Fria de Goiás - Guia Eleições ...",
   "htmlTitle": "Marinaldo 15015 PMDB (Vereador) Água Fria de Goiás - Guia Eleições ...",
   "link": "https://gazetadopovo-candidatos-2016.s3.amazonaws.com/fotos/santinhos/go/agua-fria-de-goias/santinho-vereador-marinaldo-15015-agua-fria-de-goias-go.jpg",
   "displayLink": "especiais.gazetadopovo.com.br",
   "snippet": "Marinaldo 15015 PMDB (Vereador) Água Fria de Goiás - Guia Eleições ...",
   "htmlSnippet": "Marinaldo 15015 PMDB (Vereador) Água Fria de Goiás - Guia Eleições ...",
   "mime": "image/jpeg",
   "image": {
    "contextLink": "https://especiais.gazetadopovo.com.br/eleicoes/2016/agua-fria-de-goias-go/vereador/marinaldo-15015/",
    "height": 339,
    "width": 646,
    "byteSize": 19371,
    "thumbnailLink": "https://encrypted-tbn0.gstatic.com/images?q=tbn:ANd9GcRmO8p7q7aoXsx0dOVwE1-Nxjaa3ijjPp_cBFkskezVTFDGxEyK2h7Q0Vo5",
    "thumbnailHeight": 72,
    "thumbnailWidth": 137
   }
  },
  {
   "kind": "customsearch#result",
   "title": "2 º Secretario — Câmara Municipal",
   "htmlTitle": "2 º Secretario — Câmara Municipal",
   "link": "https://www.insanespearfishing.com/image/data/blog/facebook.png",
   "displayLink": "www.aguafriadegoias.go.leg.br",
   "snippet": "2 º Secretario — Câmara Municipal",
   "htmlSnippet": "2 º Secretario — Câmara Municipal",
   "mime": "image/png",
   "image": {
    "contextLink": "http://www.aguafriadegoias.go.leg.br/institucional/vereadores/1o-secretario",
    "height": 401,
    "width": 400,
    "byteSize": 58432,
    "thumbnailLink": "https://encrypted-tbn0.gstatic.com/images?q=tbn:ANd9GcTjKDOAJkO8BvvnQ0vfBzemWsTmZLjhQ29VzuVBBlCWjbj83zgUTLUFTqs",
    "thumbnailHeight": 124,
    "thumbnailWidth": 124
   }
  },
  {
   "kind": "customsearch#result",
   "title": "Página Inicial — Câmara Municipal",
   "htmlTitle": "Página Inicial — Câmara Municipal",
   "link": "http://www.aguafriadegoias.go.leg.br/institucional/noticias/primeira-noticia/@@images/3cd3a713-531d-4740-bc3a-d6d0ee4c1f82.jpeg",
   "displayLink": "www.aguafriadegoias.go.leg.br",
   "snippet": "Página Inicial — Câmara Municipal",
   "htmlSnippet": "Página Inicial — Câmara Municipal",
   "mime": "image/jpeg",
   "image": {
    "contextLink": "http://www.aguafriadegoias.go.leg.br/",
    "height": 576,
    "width": 768,
    "byteSize": 114902,
    "thumbnailLink": "https://encrypted-tbn0.gstatic.com/images?q=tbn:ANd9GcSR7vp3bfs8daQ9FGFSeolNJ9pp8Xa05bHENeJyR7adb4XDVXWVn1X1WVA",
    "thumbnailHeight": 107,
    "thumbnailWidth": 142
   }
  },
  {
   "kind": "customsearch#result",
   "title": "Água Fria de Goiás - Berichten | Facebook",
   "htmlTitle": "Água Fria de Goiás - Berichten | Facebook",
   "link": "https://lookaside.fbsbx.com/lookaside/crawler/media/?media_id=2993149567392481",
   "displayLink": "nl-nl.facebook.com",
   "snippet": "Água Fria de Goiás - Berichten | Facebook",
   "htmlSnippet": "Água Fria de Goiás - Berichten | Facebook",
   "mime": "image/",
   "image": {
    "contextLink": "https://nl-nl.facebook.com/GrupoAguaFria/posts",
    "height": 540,
    "width": 960,
    "byteSize": 114847,
    "thumbnailLink": "https://encrypted-tbn0.gstatic.com/images?q=tbn:ANd9GcQ6Ihx1X3NTP35nmEW4iRx0RPNQ2BzJenzacCIejSOTT2rlgpZukBmH_TPB",
    "thumbnailHeight": 83,
    "thumbnailWidth": 148
   }
  },
  {
   "kind": "customsearch#result",
   "title": "Página Inicial — Câmara Municipal",
   "htmlTitle": "Página Inicial — Câmara Municipal",
   "link": "http://www.aguafriadegoias.go.leg.br/20170629_220930.jpg/@@images/5b7ca9d3-d033-438d-b656-3cfee2935bc0.jpeg",
   "displayLink": "www.aguafriadegoias.go.leg.br",
   "snippet": "Página Inicial — Câmara Municipal",
   "htmlSnippet": "Página Inicial — Câmara Municipal",
   "mime": "image/jpeg",
   "image": {
    "contextLink": "http://www.aguafriadegoias.go.leg.br/",
    "height": 128,
    "width": 88,
    "byteSize": 4616,
    "thumbnailLink": "https://encrypted-tbn0.gstatic.com/images?q=tbn:ANd9GcTGGpnlymMPgk3DMjnFcE374Heww-DmpZzCqdZvWnKjs93ZwX3x81Pq2Q",
    "thumbnailHeight": 91,
    "thumbnailWidth": 63
   }
  },
  {
   "kind": "customsearch#result",
   "title": "Água Fria de Goiás - Berichten | Facebook",
   "htmlTitle": "Água Fria de Goiás - Berichten | Facebook",
   "link": "https://lookaside.fbsbx.com/lookaside/crawler/media/?media_id=3030645896976181",
   "displayLink": "nl-nl.facebook.com",
   "snippet": "Água Fria de Goiás - Berichten | Facebook",
   "htmlSnippet": "Água Fria de Goiás - Berichten | Facebook",
   "mime": "image/",
   "image": {
    "contextLink": "https://nl-nl.facebook.com/GrupoAguaFria/posts",
    "height": 771,
    "width": 720,
    "byteSize": 41240,
    "thumbnailLink": "https://encrypted-tbn0.gstatic.com/images?q=tbn:ANd9GcT0MLuVR-h7IWen77QP4TtUavTHnixma0Iq2DXD_jWtEDatgZkQpBqOzaciZw",
    "thumbnailHeight": 142,
    "thumbnailWidth": 133
   }
  },
  {
   "kind": "customsearch#result",
   "title": "Vereadores — Câmara Municipal",
   "htmlTitle": "Vereadores — Câmara Municipal",
   "link": "http://www.aguafriadegoias.go.leg.br/copy_of_Screenshot_20180103163626.png/@@images/4d364d54-e859-478f-995d-de087813f81d.png",
   "displayLink": "www.aguafriadegoias.go.leg.br",
   "snippet": "Vereadores — Câmara Municipal",
   "htmlSnippet": "Vereadores — Câmara Municipal",
   "mime": "image/png",
   "image": {
    "contextLink": "http://www.aguafriadegoias.go.leg.br/institucional/vereadores",
    "height": 200,
    "width": 155,
    "byteSize": 55428,
    "thumbnailLink": "https://encrypted-tbn0.gstatic.com/images?q=tbn:ANd9GcS7FhKDgOMuyD7-8cgYKyojjJBGuqSnfrk_AZPnhzqt6oi1DIixiTYtTOs",
    "thumbnailHeight": 104,
    "thumbnailWidth": 81
   }
  },
  {
   "kind": "customsearch#result",
   "title": "Vereadores — Câmara Municipal",
   "htmlTitle": "Vereadores — Câmara Municipal",
   "link": "http://www.aguafriadegoias.go.leg.br/20170622_191543.jpg/@@images/23553b2e-ade2-4467-a14e-316c9405bf5a.jpeg",
   "displayLink": "www.aguafriadegoias.go.leg.br",
   "snippet": "Vereadores — Câmara Municipal",
   "htmlSnippet": "Vereadores — Câmara Municipal",
   "mime": "image/jpeg",
   "image": {
    "contextLink": "http://www.aguafriadegoias.go.leg.br/institucional/vereadores",
    "height": 200,
    "width": 150,
    "byteSize": 7726,
    "thumbnailLink": "https://encrypted-tbn0.gstatic.com/images?q=tbn:ANd9GcSDlQMFzEjTOPz-S7IoOqSMNHkBf_ErKdflZezxsmGTNluPXoBUXcbnEQ",
    "thumbnailHeight": 104,
    "thumbnailWidth": 78
   }
  },
  {
   "kind": "customsearch#result",
   "title": "Vereadores — Câmara Municipal",
   "htmlTitle": "Vereadores — Câmara Municipal",
   "link": "http://www.aguafriadegoias.go.leg.br/20170620_145541.jpg/@@images/334451cd-5e5c-400a-9d3d-42e397888bd5.jpeg",
   "displayLink": "www.aguafriadegoias.go.leg.br",
   "snippet": "Vereadores — Câmara Municipal",
   "htmlSnippet": "Vereadores — Câmara Municipal",
   "mime": "image/jpeg",
   "image": {
    "contextLink": "http://www.aguafriadegoias.go.leg.br/institucional/vereadores",
    "height": 200,
    "width": 159,
    "byteSize": 8564,
    "thumbnailLink": "https://encrypted-tbn0.gstatic.com/images?q=tbn:ANd9GcRuKez5lOJBhXs3VbD-thclTcitgtbJMww4-pwO7JoqaC0r_M-w4lgsOQ",
    "thumbnailHeight": 104,
    "thumbnailWidth": 83
   }
  }
 ]
}
