{
 "kind": "customsearch#search",
 "url": {
  "type": "application/json",
  "template": "https://www.googleapis.com/customsearch/v1?q={searchTerms}&num={count?}&start={startIndex?}&lr={language?}&safe={safe?}&cx={cx?}&sort={sort?}&filter={filter?}&gl={gl?}&cr={cr?}&googlehost={googleHost?}&c2coff={disableCnTwTranslation?}&hq={hq?}&hl={hl?}&siteSearch={siteSearch?}&siteSearchFilter={siteSearchFilter?}&exactTerms={exactTerms?}&excludeTerms={excludeTerms?}&linkSite={linkSite?}&orTerms={orTerms?}&relatedSite={relatedSite?}&dateRestrict={dateRestrict?}&lowRange={lowRange?}&highRange={highRange?}&searchType={searchType}&fileType={fileType?}&rights={rights?}&imgSize={imgSize?}&imgType={imgType?}&imgColorType={imgColorType?}&imgDominantColor={imgDominantColor?}&alt=json"
 },
 "queries": {
  "request": [
   {
    "title": "Google Custom Search - \"MARQUES ZEDEX ALVES DA SILVA\"",
    "totalResults": "572",
    "searchTerms": "\"MARQUES ZEDEX ALVES DA SILVA\"",
    "count": 10,
    "startIndex": 1,
    "inputEncoding": "utf8",
    "outputEncoding": "utf8",
    "safe": "off",
    "cx": "014097292584411445814:sh5uhwve2ei",
    "searchType": "image"
   }
  ],
  "nextPage": [
   {
    "title": "Google Custom Search - \"MARQUES ZEDEX ALVES DA SILVA\"",
    "totalResults": "572",
    "searchTerms": "\"MARQUES ZEDEX ALVES DA SILVA\"",
    "count": 10,
    "startIndex": 11,
    "inputEncoding": "utf8",
    "outputEncoding": "utf8",
    "safe": "off",
    "cx": "014097292584411445814:sh5uhwve2ei",
    "searchType": "image"
   }
  ]
 },
 "context": {
  "title": "Eleitos"
 },
 "searchInformation": {
  "searchTime": 0.129403,
  "formattedSearchTime": "0.13",
  "totalResults": "572",
  "formattedTotalResults": "572"
 },
 "items": [
  {
   "kind": "customsearch#result",
   "title": "Câmara Municipal de Alexânia-GO",
   "htmlTitle": "Câmara Municipal de Alexânia-GO",
   "link": "https://www.camaraalexania.go.gov.br/portalImages?id=862",
   "displayLink": "www.camaraalexania.go.gov.br",
   "snippet": "Câmara Municipal de Alexânia-GO",
   "htmlSnippet": "Câmara Municipal de Alexânia-GO",
   "mime": "image/",
   "image": {
    "contextLink": "https://www.camaraalexania.go.gov.br/paginas/legislativo/vereadores/exibir?id=3",
    "height": 386,
    "width": 330,
    "byteSize": 23826,
    "thumbnailLink": "https://encrypted-tbn0.gstatic.com/images?q=tbn:ANd9GcRdN3aMUlMLCT5QjTTV5rqL2zmt6ZSHESmImw2oPucjpSGocOznfK58Jg",
    "thumbnailHeight": 123,
    "thumbnailWidth": 105
   }
  },
  {
   "kind": "customsearch#result",
   "title": "Câmara Municipal de Alexânia-GO",
   "htmlTitle": "Câmara Municipal de Alexânia-GO",
   "link": "https://camaraalexania.go.gov.br/imagens_temp/parlamentar_ODYyMTUyMDM1NzYyMjYwMA==.jpg",
   "displayLink": "www.camaraalexania.go.gov.br",
   "snippet": "Câmara Municipal de Alexânia-GO",
   "htmlSnippet": "Câmara Municipal de Alexânia-GO",
   "mime": "image/jpeg",
   "image": {
    "contextLink": "https://www.camaraalexania.go.gov.br/paginas/legislativo/vereadores/exibir?id=3",
    "height": 386,
    "width": 330,
    "byteSize": 15996,
    "thumbnailLink": "https://encrypted-tbn0.gstatic.com/images?q=tbn:ANd9GcTDz50rSIea3G7GD6L52cHC6pgezTGDS7gVoH7Mv-PtjcbaHH1RC-FcdzU",
    "thumbnailHeight": 123,
    "thumbnailWidth": 105
   }
  },
  {
   "kind": "customsearch#result",
   "title": "Marques da Auto Escola 45123 PSDB (Vereador) Alexânia - Guia ...",
   "htmlTitle": "Marques da Auto Escola 45123 PSDB (Vereador) Alexânia - Guia ...",
   "link": "https://gazetadopovo-candidatos-2016.s3.amazonaws.com/fotos/santinhos/go/alexania/santinho-vereador-marques-da-auto-escola-45123-alexania-go.jpg",
   "displayLink": "especiais.gazetadopovo.com.br",
   "snippet": "Marques da Auto Escola 45123 PSDB (Vereador) Alexânia - Guia ...",
   "htmlSnippet": "Marques da Auto Escola 45123 PSDB (Vereador) Alexânia - Guia ...",
   "mime": "image/jpeg",
   "image": {
    "contextLink": "https://especiais.gazetadopovo.com.br/eleicoes/2016/alexania-go/vereador/marques-da-auto-escola-45123/",
    "height": 339,
    "width": 646,
    "byteSize": 19523,
    "thumbnailLink": "https://encrypted-tbn0.gstatic.com/images?q=tbn:ANd9GcT308TarDVpUqSeFyYUltM6QHmdkfcfzTo3iNa26olmL9iOilgJCOFnpKSy",
    "thumbnailHeight": 72,
    "thumbnailWidth": 137
   }
  },
  {
   "kind": "customsearch#result",
   "title": "Notícias - Prefeitura Municipal de Alexania",
   "htmlTitle": "Notícias - Prefeitura Municipal de Alexania",
   "link": "https://www.alexania.go.gov.br/images/copas_futebol/final_copa_society/67230433_3042323192475070_550248450931818496.jpg",
   "displayLink": "www.alexania.go.gov.br",
   "snippet": "Notícias - Prefeitura Municipal de Alexania",
   "htmlSnippet": "Notícias - Prefeitura Municipal de Alexania",
   "mime": "image/jpeg",
   "image": {
    "contextLink": "https://www.alexania.go.gov.br/noticias",
    "height": 1080,
    "width": 1440,
    "byteSize": 338016,
    "thumbnailLink": "https://encrypted-tbn0.gstatic.com/images?q=tbn:ANd9GcTlVAy_OWK1_M6xjfrrL5VPPh3HOVRxrURM9YubCNJs_88AcIUKLbbXVh4",
    "thumbnailHeight": 113,
    "thumbnailWidth": 150
   }
  },
  {
   "kind": "customsearch#result",
   "title": "Marques da Auto Escola 45123 PSDB (Vereador) Alexânia - Guia ...",
   "htmlTitle": "Marques da Auto Escola 45123 PSDB (Vereador) Alexânia - Guia ...",
   "link": "https://gazetadopovo-candidatos-2016.s3.amazonaws.com/fotos/go/alexania/marques-da-auto-escola-45123.jpg",
   "displayLink": "especiais.gazetadopovo.com.br",
   "snippet": "Marques da Auto Escola 45123 PSDB (Vereador) Alexânia - Guia ...",
   "htmlSnippet": "Marques da Auto Escola 45123 PSDB (Vereador) Alexânia - Guia ...",
   "mime": "image/jpeg",
   "image": {
    "contextLink": "https://especiais.gazetadopovo.com.br/eleicoes/2016/alexania-go/vereador/marques-da-auto-escola-45123/",
    "height": 225,
    "width": 161,
    "byteSize": 3626,
    "thumbnailLink": "https://encrypted-tbn0.gstatic.com/images?q=tbn:ANd9GcT8_oobDqanoNd-2Bza5g_2LXqtJPoDiuzOoC6x6lr3ONLcr-hNa8XGxzI",
    "thumbnailHeight": 108,
    "thumbnailWidth": 77
   }
  },
  {
   "kind": "customsearch#result",
   "title": "Notícias - Prefeitura Municipal de Alexania",
   "htmlTitle": "Notícias - Prefeitura Municipal de Alexania",
   "link": "https://www.alexania.go.gov.br/images/noticias/WhatsApp_Image_2019-08-01_at_121203.jpeg",
   "displayLink": "www.alexania.go.gov.br",
   "snippet": "Notícias - Prefeitura Municipal de Alexania",
   "htmlSnippet": "Notícias - Prefeitura Municipal de Alexania",
   "mime": "image/jpeg",
   "image": {
    "contextLink": "https://www.alexania.go.gov.br/noticias",
    "height": 960,
    "width": 1280,
    "byteSize": 132127,
    "thumbnailLink": "https://encrypted-tbn0.gstatic.com/images?q=tbn:ANd9GcRjT_YpetiPtlx7p8ZLDAuIltdMAoAMvnZX_GOLKvIbakOFqCco-m4EEDU",
    "thumbnailHeight": 113,
    "thumbnailWidth": 150
   }
  },
  {
   "kind": "customsearch#result",
   "title": "Câmara Municipal de Alexânia-GO",
   "htmlTitle": "Câmara Municipal de Alexânia-GO",
   "link": "https://www.camaraalexania.go.gov.br/imagens_temp/parlamentar_MTUxNTUwMDY3Mjc2Mjcy.png",
   "displayLink": "www.camaraalexania.go.gov.br",
   "snippet": "Câmara Municipal de Alexânia-GO",
   "htmlSnippet": "Câmara Municipal de Alexânia-GO",
   "mime": "image/png",
   "image": {
    "contextLink": "https://www.camaraalexania.go.gov.br/paginas/legislativo/vereadores/listar",
    "height": 386,
    "width": 330,
    "byteSize": 283627,
    "thumbnailLink": "https://encrypted-tbn0.gstatic.com/images?q=tbn:ANd9GcQ69NceXcfcAKT6Umbk0rOK1fvzNBb6jUqIFj5ZCkp1fMmSLFicZwBWqA",
    "thumbnailHeight": 123,
    "thumbnailWidth": 105
   }
  },
  {
   "kind": "customsearch#result",
   "title": "Notícias do Gabinete - Prefeitura Municipal de Alexania",
   "htmlTitle": "Notícias do Gabinete - Prefeitura Municipal de Alexania",
   "link": "https://www.alexania.go.gov.br/images/2019/07/12/WhatsApp%20Image%202019-07-12%20at%2009.08.17.jpeg",
   "displayLink": "www.alexania.go.gov.br",
   "snippet": "Notícias do Gabinete - Prefeitura Municipal de Alexania",
   "htmlSnippet": "Notícias do Gabinete - Prefeitura Municipal de Alexania",
   "mime": "image/jpeg",
   "image": {
    "contextLink": "https://www.alexania.go.gov.br/noticias/noticias-do-gabinete",
    "height": 1000,
    "width": 1000,
    "byteSize": 93104,
    "thumbnailLink": "https://encrypted-tbn0.gstatic.com/images?q=tbn:ANd9GcQMz26pCq2tQuc9ib4BfIaR2wenxYZGL-FHPdcl4gvpjR7WwvJdRmMq-veCzQ",
    "thumbnailHeight": 149,
    "thumbnailWidth": 149
   }
  },
  {
   "kind": "customsearch#result",
   "title": "Câmara Municipal de Alexânia-GO",
   "htmlTitle": "Câmara Municipal de Alexânia-GO",
   "link": "https://www.camaraalexania.go.gov.br/imagens_temp/parlamentar_MTQxNTIwMzU3MzY3NTU3.jpg",
   "displayLink": "www.camaraalexania.go.gov.br",
   "snippet": "Câmara Municipal de Alexânia-GO",
   "htmlSnippet": "Câmara Municipal de Alexânia-GO",
   "mime": "image/jpeg",
   "image": {
    "contextLink": "https://www.camaraalexania.go.gov.br/paginas/legislativo/vereadores/listar",
    "height": 386,
    "width": 330,
    "byteSize": 30273,
    "thumbnailLink": "https://encrypted-tbn0.gstatic.com/images?q=tbn:ANd9GcRCnyucjMf8R39P4jugxRkYiJHUO9jCVWPFKYH4mq_zUQMTa_866sULnGM",
    "thumbnailHeight": 123,
    "thumbnailWidth": 105
   }
  },
  {
   "kind": "customsearch#result",
   "title": "Notícias do Gabinete - Prefeitura Municipal de Alexania",
   "htmlTitle": "Notícias do Gabinete - Prefeitura Municipal de Alexania",
   "link": "https://www.alexania.go.gov.br/images/2019/07/12/WhatsApp%20Image%202019-07-12%20at%2013.18.39.jpeg",
   "displayLink": "www.alexania.go.gov.br",
   "snippet": "Notícias do Gabinete - Prefeitura Municipal de Alexania",
   "htmlSnippet": "Notícias do Gabinete - Prefeitura Municipal de Alexania",
   "mime": "image/jpeg",
   "image": {
    "contextLink": "https://www.alexania.go.gov.br/noticias/noticias-do-gabinete",
    "height": 1000,
    "width": 1000,
    "byteSize": 80143,
    "thumbnailLink": "https://encrypted-tbn0.gstatic.com/images?q=tbn:ANd9GcSS-i5W5Ye3hI4spKbtVDYlDM7ZNg08IIA4v_ltLD0ZqnzaF0aNaPF-Jaap",
    "thumbnailHeight": 149,
    "thumbnailWidth": 149
   }
  }
 ]
}
