{
 "kind": "customsearch#search",
 "url": {
  "type": "application/json",
  "template": "https://www.googleapis.com/customsearch/v1?q={searchTerms}&num={count?}&start={startIndex?}&lr={language?}&safe={safe?}&cx={cx?}&sort={sort?}&filter={filter?}&gl={gl?}&cr={cr?}&googlehost={googleHost?}&c2coff={disableCnTwTranslation?}&hq={hq?}&hl={hl?}&siteSearch={siteSearch?}&siteSearchFilter={siteSearchFilter?}&exactTerms={exactTerms?}&excludeTerms={excludeTerms?}&linkSite={linkSite?}&orTerms={orTerms?}&relatedSite={relatedSite?}&dateRestrict={dateRestrict?}&lowRange={lowRange?}&highRange={highRange?}&searchType={searchType}&fileType={fileType?}&rights={rights?}&imgSize={imgSize?}&imgType={imgType?}&imgColorType={imgColorType?}&imgDominantColor={imgDominantColor?}&alt=json"
 },
 "queries": {
  "request": [
   {
    "title": "Google Custom Search - \"MATHEUS DA SILVA RAMOS\"",
    "totalResults": "9970",
    "searchTerms": "\"MATHEUS DA SILVA RAMOS\"",
    "count": 10,
    "startIndex": 1,
    "inputEncoding": "utf8",
    "outputEncoding": "utf8",
    "safe": "off",
    "cx": "014097292584411445814:sh5uhwve2ei",
    "searchType": "image"
   }
  ],
  "nextPage": [
   {
    "title": "Google Custom Search - \"MATHEUS DA SILVA RAMOS\"",
    "totalResults": "9970",
    "searchTerms": "\"MATHEUS DA SILVA RAMOS\"",
    "count": 10,
    "startIndex": 11,
    "inputEncoding": "utf8",
    "outputEncoding": "utf8",
    "safe": "off",
    "cx": "014097292584411445814:sh5uhwve2ei",
    "searchType": "image"
   }
  ]
 },
 "context": {
  "title": "Eleitos"
 },
 "searchInformation": {
  "searchTime": 0.192319,
  "formattedSearchTime": "0.19",
  "totalResults": "9970",
  "formattedTotalResults": "9,970"
 },
 "items": [
  {
   "kind": "customsearch#result",
   "title": "Italo Matheus Da Silva Ramos - Home | Facebook",
   "htmlTitle": "Italo \u003cb\u003eMatheus Da Silva Ramos\u003c/b\u003e - Home | Facebook",
   "link": "https://lookaside.fbsbx.com/lookaside/crawler/media/?media_id=1963154980640849",
   "displayLink": "www.facebook.com",
   "snippet": "Italo Matheus Da Silva Ramos - Home | Facebook",
   "htmlSnippet": "Italo \u003cb\u003eMatheus Da Silva Ramos\u003c/b\u003e - Home | Facebook",
   "mime": "image/",
   "image": {
    "contextLink": "https://www.facebook.com/pages/category/Artist/Italo-Matheus-Da-Silva-Ramos-1963154980640849/",
    "height": 960,
    "width": 960,
    "byteSize": 66298,
    "thumbnailLink": "https://encrypted-tbn0.gstatic.com/images?q=tbn:ANd9GcTzwNfFH5GwsNrmNF8t4HFkz9RI2wbkzJjGfx8Mtb5Sv0e4E7N9pxoZKfwS",
    "thumbnailHeight": 148,
    "thumbnailWidth": 148
   }
  },
  {
   "kind": "customsearch#result",
   "title": "Câmara Municipal de Alexânia-GO",
   "htmlTitle": "Câmara Municipal de Alexânia-GO",
   "link": "https://www.camaraalexania.go.gov.br/portalImages?id=19",
   "displayLink": "www.camaraalexania.go.gov.br",
   "snippet": "Câmara Municipal de Alexânia-GO",
   "htmlSnippet": "Câmara Municipal de Alexânia-GO",
   "mime": "image/",
   "image": {
    "contextLink": "https://www.camaraalexania.go.gov.br/paginas/legislativo/vereadores/exibir?id=9",
    "height": 386,
    "width": 330,
    "byteSize": 18580,
    "thumbnailLink": "https://encrypted-tbn0.gstatic.com/images?q=tbn:ANd9GcRE_4Gown6YfM-TRSpsDU2pFar7wTDT9W6mapuGk0t4teg8YcpMCPJlsfA",
    "thumbnailHeight": 123,
    "thumbnailWidth": 105
   }
  },
  {
   "kind": "customsearch#result",
   "title": "Matheus Ramos 45145 (PSDB) Deputado Estadual | Goiás | Eleições 2018",
   "htmlTitle": "Matheus Ramos 45145 (PSDB) Deputado Estadual | Goiás | Eleições 2018",
   "link": "https://cdn-eleicoes.gazetadopovo.com.br/fotos/goias/deputado-estadual/matheus-ramos-45145.jpg",
   "displayLink": "especiais.gazetadopovo.com.br",
   "snippet": "Matheus Ramos 45145 (PSDB) Deputado Estadual | Goiás | Eleições 2018",
   "htmlSnippet": "Matheus Ramos 45145 (PSDB) Deputado Estadual | Goiás | Eleições 2018",
   "mime": "image/jpeg",
   "image": {
    "contextLink": "https://especiais.gazetadopovo.com.br/eleicoes/2018/candidatos/go/deputado-estadual/matheus-ramos-45145/",
    "height": 225,
    "width": 161,
    "byteSize": 4793,
    "thumbnailLink": "https://encrypted-tbn0.gstatic.com/images?q=tbn:ANd9GcTBh4-MPlj5TFek_PvR8KhcleVTR27DFIsNY3c_S7VYdcyOig6-bA_TcmU",
    "thumbnailHeight": 108,
    "thumbnailWidth": 77
   }
  },
  {
   "kind": "customsearch#result",
   "title": "Untitled",
   "htmlTitle": "Untitled",
   "link": "x-raw-image:///642a7e16e76c2adafe447c0245a15c90cec1980017eead30b750f68b5bdc5b17",
   "displayLink": "www.duartina.sp.gov.br",
   "snippet": "Untitled",
   "htmlSnippet": "Untitled",
   "mime": "image/",
   "image": {
    "contextLink": "http://www.duartina.sp.gov.br/documentos/licitacao/tomadapreco052018/ATA-DE-ABERTURA-DE-ENVELOPE-E-JULGAMENTO.pdf",
    "height": 3437,
    "width": 2480,
    "byteSize": 2890924,
    "thumbnailLink": "https://encrypted-tbn0.gstatic.com/images?q=tbn:ANd9GcQZGY-1YVtD4LgZEMvJsgOB0mF6Oez6bBc4j4OmlBHrbCMVrv5EcV-_krY",
    "thumbnailHeight": 150,
    "thumbnailWidth": 108
   }
  },
  {
   "kind": "customsearch#result",
   "title": "Matheus Ramos 45145 (PSDB) Deputado Estadual | Goiás | Eleições 2018",
   "htmlTitle": "Matheus Ramos 45145 (PSDB) Deputado Estadual | Goiás | Eleições 2018",
   "link": "https://cdn-eleicoes.gazetadopovo.com.br/santinhos/goias/deputado-estadual/santinho-deputado-estadual-matheus-ramos-45145-goias.jpg",
   "displayLink": "especiais.gazetadopovo.com.br",
   "snippet": "Matheus Ramos 45145 (PSDB) Deputado Estadual | Goiás | Eleições 2018",
   "htmlSnippet": "Matheus Ramos 45145 (PSDB) Deputado Estadual | Goiás | Eleições 2018",
   "mime": "image/jpeg",
   "image": {
    "contextLink": "https://especiais.gazetadopovo.com.br/eleicoes/2018/candidatos/go/deputado-estadual/matheus-ramos-45145/",
    "height": 315,
    "width": 601,
    "byteSize": 29154,
    "thumbnailLink": "https://encrypted-tbn0.gstatic.com/images?q=tbn:ANd9GcSjzYE9uUv8XFALBtT1LcpzsqKKymzIDIUTA41APU7VAUCA3RXpjJqNt5Y",
    "thumbnailHeight": 71,
    "thumbnailWidth": 135
   }
  },
  {
   "kind": "customsearch#result",
   "title": "Matheus Ramos 45000 PSDB (Vereador) Alexânia - Guia Eleições 2016",
   "htmlTitle": "Matheus Ramos 45000 PSDB (Vereador) Alexânia - Guia Eleições 2016",
   "link": "https://gazetadopovo-candidatos-2016.s3.amazonaws.com/fotos/santinhos/go/alexania/santinho-vereador-matheus-ramos-45000-alexania-go.jpg",
   "displayLink": "especiais.gazetadopovo.com.br",
   "snippet": "Matheus Ramos 45000 PSDB (Vereador) Alexânia - Guia Eleições 2016",
   "htmlSnippet": "Matheus Ramos 45000 PSDB (Vereador) Alexânia - Guia Eleições 2016",
   "mime": "image/jpeg",
   "image": {
    "contextLink": "https://especiais.gazetadopovo.com.br/eleicoes/2016/alexania-go/vereador/matheus-ramos-45000/",
    "height": 339,
    "width": 646,
    "byteSize": 17880,
    "thumbnailLink": "https://encrypted-tbn0.gstatic.com/images?q=tbn:ANd9GcTVxo1VQdoAHtR-IZX59Xk7S5AO-B7MJZOPLFFEPrKGs8LOyznzJJSWOmY",
    "thumbnailHeight": 72,
    "thumbnailWidth": 137
   }
  },
  {
   "kind": "customsearch#result",
   "title": "José Matheus da Silva Ramos - Home | Facebook",
   "htmlTitle": "José \u003cb\u003eMatheus da Silva Ramos\u003c/b\u003e - Home | Facebook",
   "link": "https://lookaside.fbsbx.com/lookaside/crawler/media/?media_id=383211289166326",
   "displayLink": "www.facebook.com",
   "snippet": "José Matheus da Silva Ramos - Home | Facebook",
   "htmlSnippet": "José \u003cb\u003eMatheus da Silva Ramos\u003c/b\u003e - Home | Facebook",
   "mime": "image/",
   "image": {
    "contextLink": "https://www.facebook.com/Jos%C3%A9-Matheus-da-Silva-Ramos-257197681666183/?ref=page_internal",
    "height": 672,
    "width": 690,
    "byteSize": 116753,
    "thumbnailLink": "https://encrypted-tbn0.gstatic.com/images?q=tbn:ANd9GcS-Bx516mQvug1DP0cNV4A18KHQTYAPYpk80USnCbju9dwQaV_0ZnyfNYbZxA",
    "thumbnailHeight": 135,
    "thumbnailWidth": 139
   }
  },
  {
   "kind": "customsearch#result",
   "title": "Câmara Municipal de Alexânia-GO",
   "htmlTitle": "Câmara Municipal de Alexânia-GO",
   "link": "https://camaraalexania.go.gov.br/imagens_temp/parlamentar_MTkxNTIwMzU3NDk4NzA0.jpg",
   "displayLink": "www.camaraalexania.go.gov.br",
   "snippet": "Câmara Municipal de Alexânia-GO",
   "htmlSnippet": "Câmara Municipal de Alexânia-GO",
   "mime": "image/jpeg",
   "image": {
    "contextLink": "https://www.camaraalexania.go.gov.br/paginas/legislativo/vereadores/exibir?id=9",
    "height": 386,
    "width": 330,
    "byteSize": 13758,
    "thumbnailLink": "https://encrypted-tbn0.gstatic.com/images?q=tbn:ANd9GcQmCVK9xN5bGrbuYxTg3yBjMbEMv1BH3HJ3e6kgmicBb4r_6LLyawtzLg",
    "thumbnailHeight": 123,
    "thumbnailWidth": 105
   }
  },
  {
   "kind": "customsearch#result",
   "title": "José Matheus da Silva Ramos - Home | Facebook",
   "htmlTitle": "José \u003cb\u003eMatheus da Silva Ramos\u003c/b\u003e - Home | Facebook",
   "link": "https://lookaside.fbsbx.com/lookaside/crawler/media/?media_id=835630123474930",
   "displayLink": "www.facebook.com",
   "snippet": "José Matheus da Silva Ramos - Home | Facebook",
   "htmlSnippet": "José \u003cb\u003eMatheus da Silva Ramos\u003c/b\u003e - Home | Facebook",
   "mime": "image/",
   "image": {
    "contextLink": "https://www.facebook.com/Jos%C3%A9-Matheus-da-Silva-Ramos-257197681666183/?ref=page_internal",
    "height": 960,
    "width": 959,
    "byteSize": 84302,
    "thumbnailLink": "https://encrypted-tbn0.gstatic.com/images?q=tbn:ANd9GcQcEAttbjWOI72Nnylg9XGVyize0q_uaPt0kK2oug_2j4B17QI1ij2uFNu7",
    "thumbnailHeight": 148,
    "thumbnailWidth": 148
   }
  },
  {
   "kind": "customsearch#result",
   "title": "Notícias do Gabinete - Prefeitura Municipal de Alexania",
   "htmlTitle": "Notícias do Gabinete - Prefeitura Municipal de Alexania",
   "link": "https://www.alexania.go.gov.br/images/2019/07/12/WhatsApp%20Image%202019-07-12%20at%2009.08.17.jpeg",
   "displayLink": "www.alexania.go.gov.br",
   "snippet": "Notícias do Gabinete - Prefeitura Municipal de Alexania",
   "htmlSnippet": "Notícias do Gabinete - Prefeitura Municipal de Alexania",
   "mime": "image/jpeg",
   "image": {
    "contextLink": "https://www.alexania.go.gov.br/noticias/noticias-do-gabinete",
    "height": 1000,
    "width": 1000,
    "byteSize": 93104,
    "thumbnailLink": "https://encrypted-tbn0.gstatic.com/images?q=tbn:ANd9GcQMz26pCq2tQuc9ib4BfIaR2wenxYZGL-FHPdcl4gvpjR7WwvJdRmMq-veCzQ",
    "thumbnailHeight": 149,
    "thumbnailWidth": 149
   }
  }
 ]
}
