{
 "kind": "customsearch#search",
 "url": {
  "type": "application/json",
  "template": "https://www.googleapis.com/customsearch/v1?q={searchTerms}&num={count?}&start={startIndex?}&lr={language?}&safe={safe?}&cx={cx?}&sort={sort?}&filter={filter?}&gl={gl?}&cr={cr?}&googlehost={googleHost?}&c2coff={disableCnTwTranslation?}&hq={hq?}&hl={hl?}&siteSearch={siteSearch?}&siteSearchFilter={siteSearchFilter?}&exactTerms={exactTerms?}&excludeTerms={excludeTerms?}&linkSite={linkSite?}&orTerms={orTerms?}&relatedSite={relatedSite?}&dateRestrict={dateRestrict?}&lowRange={lowRange?}&highRange={highRange?}&searchType={searchType}&fileType={fileType?}&rights={rights?}&imgSize={imgSize?}&imgType={imgType?}&imgColorType={imgColorType?}&imgDominantColor={imgDominantColor?}&alt=json"
 },
 "queries": {
  "request": [
   {
    "title": "Google Custom Search - \"MONIKELE TEODORO GOMES\"",
    "totalResults": "73",
    "searchTerms": "\"MONIKELE TEODORO GOMES\"",
    "count": 10,
    "startIndex": 1,
    "inputEncoding": "utf8",
    "outputEncoding": "utf8",
    "safe": "off",
    "cx": "014097292584411445814:sh5uhwve2ei",
    "searchType": "image"
   }
  ],
  "nextPage": [
   {
    "title": "Google Custom Search - \"MONIKELE TEODORO GOMES\"",
    "totalResults": "73",
    "searchTerms": "\"MONIKELE TEODORO GOMES\"",
    "count": 10,
    "startIndex": 11,
    "inputEncoding": "utf8",
    "outputEncoding": "utf8",
    "safe": "off",
    "cx": "014097292584411445814:sh5uhwve2ei",
    "searchType": "image"
   }
  ]
 },
 "context": {
  "title": "Eleitos"
 },
 "searchInformation": {
  "searchTime": 0.124438,
  "formattedSearchTime": "0.12",
  "totalResults": "73",
  "formattedTotalResults": "73"
 },
 "items": [
  {
   "kind": "customsearch#result",
   "title": "title | Gazeta do Povo",
   "htmlTitle": "title | Gazeta do Povo",
   "link": "https://gazetadopovo-candidatos-2016.s3.amazonaws.com/fotos/go/adelandia/monikele-teodoro-gomes-45000.jpg",
   "displayLink": "especiais.gazetadopovo.com.br",
   "snippet": "title | Gazeta do Povo",
   "htmlSnippet": "title | Gazeta do Povo",
   "mime": "image/jpeg",
   "image": {
    "contextLink": "https://especiais.gazetadopovo.com.br/eleicoes/2016/adelandia-go/vereador/jesus-dutra-zuis-veneno-45611/",
    "height": 225,
    "width": 161,
    "byteSize": 6637,
    "thumbnailLink": "https://encrypted-tbn0.gstatic.com/images?q=tbn:ANd9GcQiJSznjnMJsjM0ydXSUeFqCjmSez1UFKHk-QSxzAN-tfY9EZOf-FbQaf8",
    "thumbnailHeight": 108,
    "thumbnailWidth": 77
   }
  },
  {
   "kind": "customsearch#result",
   "title": "Atento, vice-governador ouve lideranças dos municípios - Vice ...",
   "htmlTitle": "Atento, vice-governador ouve lideranças dos municípios - Vice ...",
   "link": "http://www.vicegovernadoria.go.gov.br/images/tjfoto-5.jpg",
   "displayLink": "www.vicegovernadoria.go.gov.br",
   "snippet": "Atento, vice-governador ouve lideranças dos municípios - Vice ...",
   "htmlSnippet": "Atento, vice-governador ouve lideranças dos municípios - Vice ...",
   "mime": "image/jpeg",
   "image": {
    "contextLink": "http://www.vicegovernadoria.go.gov.br/noticias/896-atento,-vice-governador-ouve%20-lideran%C3%A7as-dos-munic%C3%ADpios.html",
    "height": 1249,
    "width": 1280,
    "byteSize": 226101,
    "thumbnailLink": "https://encrypted-tbn0.gstatic.com/images?q=tbn:ANd9GcR0vmPtXX776Oxc48BD2JCNKNOpQzoRf8gjE3Qcz6sphx9aoHwQ6XmLme5l",
    "thumbnailHeight": 146,
    "thumbnailWidth": 150
   }
  },
  {
   "kind": "customsearch#result",
   "title": "title | Gazeta do Povo",
   "htmlTitle": "title | Gazeta do Povo",
   "link": "https://gazetadopovo-candidatos-2016.s3.amazonaws.com/fotos/santinhos/go/adelandia/santinho-vereador-jesus-dutra-zuis-veneno-45611-adelandia-go.jpg",
   "displayLink": "especiais.gazetadopovo.com.br",
   "snippet": "title | Gazeta do Povo",
   "htmlSnippet": "title | Gazeta do Povo",
   "mime": "image/jpeg",
   "image": {
    "contextLink": "https://especiais.gazetadopovo.com.br/eleicoes/2016/adelandia-go/vereador/jesus-dutra-zuis-veneno-45611/",
    "height": 339,
    "width": 646,
    "byteSize": 20917,
    "thumbnailLink": "https://encrypted-tbn0.gstatic.com/images?q=tbn:ANd9GcSkzakwVpaYH3Xj6L7FuMTSvwt8wU-Aoh5ODtFZLmfddXmSmYLTy2M77Hs",
    "thumbnailHeight": 72,
    "thumbnailWidth": 137
   }
  },
  {
   "kind": "customsearch#result",
   "title": "title | Gazeta do Povo",
   "htmlTitle": "title | Gazeta do Povo",
   "link": "https://gazetadopovo-candidatos-2016.s3.amazonaws.com/fotos/santinhos/go/adelandia/santinho-vereador-reginaldo-regis-45125-adelandia-go.jpg",
   "displayLink": "especiais.gazetadopovo.com.br",
   "snippet": "title | Gazeta do Povo",
   "htmlSnippet": "title | Gazeta do Povo",
   "mime": "image/jpeg",
   "image": {
    "contextLink": "https://especiais.gazetadopovo.com.br/eleicoes/2016/adelandia-go/vereador/reginaldo-regis-45125/",
    "height": 339,
    "width": 646,
    "byteSize": 19967,
    "thumbnailLink": "https://encrypted-tbn0.gstatic.com/images?q=tbn:ANd9GcR6VoL4ro_QJlXcBHJLNs06VzNWrVytRkuoMF4JklqqVhfS41WXcIqQ1PE",
    "thumbnailHeight": 72,
    "thumbnailWidth": 137
   }
  },
  {
   "kind": "customsearch#result",
   "title": "title | Gazeta do Povo",
   "htmlTitle": "title | Gazeta do Povo",
   "link": "https://gazetadopovo-candidatos-2016.s3.amazonaws.com/fotos/go/adelandia/jesus-dutra-zuis-veneno-45611.jpg",
   "displayLink": "especiais.gazetadopovo.com.br",
   "snippet": "title | Gazeta do Povo",
   "htmlSnippet": "title | Gazeta do Povo",
   "mime": "image/jpeg",
   "image": {
    "contextLink": "https://especiais.gazetadopovo.com.br/eleicoes/2016/adelandia-go/vereador/jesus-dutra-zuis-veneno-45611/",
    "height": 225,
    "width": 161,
    "byteSize": 5470,
    "thumbnailLink": "https://encrypted-tbn0.gstatic.com/images?q=tbn:ANd9GcSF8btGLnasv-CLRtoaKFfJqpFWNLyS97owBwCcKxWjUGLQNJFTjLoeog",
    "thumbnailHeight": 108,
    "thumbnailWidth": 77
   }
  },
  {
   "kind": "customsearch#result",
   "title": "title | Gazeta do Povo",
   "htmlTitle": "title | Gazeta do Povo",
   "link": "https://gazetadopovo-candidatos-2016.s3.amazonaws.com/fotos/santinhos/go/adelandia/santinho-vereador-marcos-do-povao-45222-adelandia-go.jpg",
   "displayLink": "especiais.gazetadopovo.com.br",
   "snippet": "title | Gazeta do Povo",
   "htmlSnippet": "title | Gazeta do Povo",
   "mime": "image/jpeg",
   "image": {
    "contextLink": "https://especiais.gazetadopovo.com.br/eleicoes/2016/adelandia-go/vereador/marcos-do-povao-45222/",
    "height": 339,
    "width": 646,
    "byteSize": 20003,
    "thumbnailLink": "https://encrypted-tbn0.gstatic.com/images?q=tbn:ANd9GcSDLXMKqU3NFQW8JPKeGMJKc_00i8391ZZng11oM77FXx27GAWCSFRsI0mR",
    "thumbnailHeight": 72,
    "thumbnailWidth": 137
   }
  },
  {
   "kind": "customsearch#result",
   "title": "title | Gazeta do Povo",
   "htmlTitle": "title | Gazeta do Povo",
   "link": "https://gazetadopovo-candidatos-2016.s3.amazonaws.com/fotos/santinhos/go/adelandia/santinho-vereador-wesly-sabino-cateco-45145-adelandia-go.jpg",
   "displayLink": "especiais.gazetadopovo.com.br",
   "snippet": "title | Gazeta do Povo",
   "htmlSnippet": "title | Gazeta do Povo",
   "mime": "image/jpeg",
   "image": {
    "contextLink": "https://especiais.gazetadopovo.com.br/eleicoes/2016/adelandia-go/vereador/wesly-sabino-cateco-45145/",
    "height": 339,
    "width": 646,
    "byteSize": 19499,
    "thumbnailLink": "https://encrypted-tbn0.gstatic.com/images?q=tbn:ANd9GcQRx3-HuQ2Q-kiJdwNlqf85uLUbVBHrhewFQKnoKbg7_ApKWOsM42RmLpc",
    "thumbnailHeight": 72,
    "thumbnailWidth": 137
   }
  },
  {
   "kind": "customsearch#result",
   "title": "title | Gazeta do Povo",
   "htmlTitle": "title | Gazeta do Povo",
   "link": "https://gazetadopovo-candidatos-2016.s3.amazonaws.com/fotos/santinhos/go/adelandia/santinho-vereador-cesar-do-eraque-45445-adelandia-go.jpg",
   "displayLink": "especiais.gazetadopovo.com.br",
   "snippet": "title | Gazeta do Povo",
   "htmlSnippet": "title | Gazeta do Povo",
   "mime": "image/jpeg",
   "image": {
    "contextLink": "https://especiais.gazetadopovo.com.br/eleicoes/2016/adelandia-go/vereador/cesar-do-eraque-45445/",
    "height": 339,
    "width": 646,
    "byteSize": 19651,
    "thumbnailLink": "https://encrypted-tbn0.gstatic.com/images?q=tbn:ANd9GcQtRIzCRczfPtbhQL4DUDqMBuvLWENsYx8JDS1JqBs4iTxbYW0lcgOafHOa",
    "thumbnailHeight": 72,
    "thumbnailWidth": 137
   }
  },
  {
   "kind": "customsearch#result",
   "title": "Elivan 45456 PSDB (Vereador) Adelândia - Guia Eleições 2016",
   "htmlTitle": "Elivan 45456 PSDB (Vereador) Adelândia - Guia Eleições 2016",
   "link": "https://gazetadopovo-candidatos-2016.s3.amazonaws.com/fotos/santinhos/go/adelandia/santinho-vereador-elivan-45456-adelandia-go.jpg",
   "displayLink": "especiais.gazetadopovo.com.br",
   "snippet": "Elivan 45456 PSDB (Vereador) Adelândia - Guia Eleições 2016",
   "htmlSnippet": "Elivan 45456 PSDB (Vereador) Adelândia - Guia Eleições 2016",
   "mime": "image/jpeg",
   "image": {
    "contextLink": "https://especiais.gazetadopovo.com.br/eleicoes/2016/adelandia-go/vereador/elivan-45456/",
    "height": 339,
    "width": 646,
    "byteSize": 19435,
    "thumbnailLink": "https://encrypted-tbn0.gstatic.com/images?q=tbn:ANd9GcTf4s6ZO03MFgaz5vOEDLUlXPLDZ5Y8RPL6XK4It4FWCmTbi06IAo5OULY",
    "thumbnailHeight": 72,
    "thumbnailWidth": 137
   }
  },
  {
   "kind": "customsearch#result",
   "title": "title | Gazeta do Povo",
   "htmlTitle": "title | Gazeta do Povo",
   "link": "https://gazetadopovo-candidatos-2016.s3.amazonaws.com/fotos/santinhos/go/adelandia/santinho-vereador-romar-soares-45123-adelandia-go.jpg",
   "displayLink": "especiais.gazetadopovo.com.br",
   "snippet": "title | Gazeta do Povo",
   "htmlSnippet": "title | Gazeta do Povo",
   "mime": "image/jpeg",
   "image": {
    "contextLink": "https://especiais.gazetadopovo.com.br/eleicoes/2016/adelandia-go/vereador/romar-soares-45123/",
    "height": 339,
    "width": 646,
    "byteSize": 19444,
    "thumbnailLink": "https://encrypted-tbn0.gstatic.com/images?q=tbn:ANd9GcTN0CQaAm3KyGlfuTt9vX8HwfuKmdgY3uYIWNU9yZEbC7nKgbjYsEBEMSU",
    "thumbnailHeight": 72,
    "thumbnailWidth": 137
   }
  }
 ]
}
