{
 "kind": "customsearch#search",
 "url": {
  "type": "application/json",
  "template": "https://www.googleapis.com/customsearch/v1?q={searchTerms}&num={count?}&start={startIndex?}&lr={language?}&safe={safe?}&cx={cx?}&sort={sort?}&filter={filter?}&gl={gl?}&cr={cr?}&googlehost={googleHost?}&c2coff={disableCnTwTranslation?}&hq={hq?}&hl={hl?}&siteSearch={siteSearch?}&siteSearchFilter={siteSearchFilter?}&exactTerms={exactTerms?}&excludeTerms={excludeTerms?}&linkSite={linkSite?}&orTerms={orTerms?}&relatedSite={relatedSite?}&dateRestrict={dateRestrict?}&lowRange={lowRange?}&highRange={highRange?}&searchType={searchType}&fileType={fileType?}&rights={rights?}&imgSize={imgSize?}&imgType={imgType?}&imgColorType={imgColorType?}&imgDominantColor={imgDominantColor?}&alt=json"
 },
 "queries": {
  "request": [
   {
    "title": "Google Custom Search - \"NEUSA JACINTO DINIZ\"",
    "totalResults": "34",
    "searchTerms": "\"NEUSA JACINTO DINIZ\"",
    "count": 10,
    "startIndex": 1,
    "inputEncoding": "utf8",
    "outputEncoding": "utf8",
    "safe": "off",
    "cx": "014097292584411445814:sh5uhwve2ei",
    "searchType": "image"
   }
  ],
  "nextPage": [
   {
    "title": "Google Custom Search - \"NEUSA JACINTO DINIZ\"",
    "totalResults": "34",
    "searchTerms": "\"NEUSA JACINTO DINIZ\"",
    "count": 10,
    "startIndex": 11,
    "inputEncoding": "utf8",
    "outputEncoding": "utf8",
    "safe": "off",
    "cx": "014097292584411445814:sh5uhwve2ei",
    "searchType": "image"
   }
  ]
 },
 "context": {
  "title": "Eleitos"
 },
 "searchInformation": {
  "searchTime": 0.233073,
  "formattedSearchTime": "0.23",
  "totalResults": "34",
  "formattedTotalResults": "34"
 },
 "items": [
  {
   "kind": "customsearch#result",
   "title": "Neusa Diniz 22222 PR (Vereadora) Abadiânia - Guia Eleições 2016",
   "htmlTitle": "Neusa Diniz 22222 PR (Vereadora) Abadiânia - Guia Eleições 2016",
   "link": "https://gazetadopovo-candidatos-2016.s3.amazonaws.com/fotos/go/abadiania/neusa-diniz-22222.jpg",
   "displayLink": "especiais.gazetadopovo.com.br",
   "snippet": "Neusa Diniz 22222 PR (Vereadora) Abadiânia - Guia Eleições 2016",
   "htmlSnippet": "Neusa Diniz 22222 PR (Vereadora) Abadiânia - Guia Eleições 2016",
   "mime": "image/jpeg",
   "image": {
    "contextLink": "https://especiais.gazetadopovo.com.br/eleicoes/2016/abadiania-go/vereador/neusa-diniz-22222/",
    "height": 225,
    "width": 161,
    "byteSize": 4959,
    "thumbnailLink": "https://encrypted-tbn0.gstatic.com/images?q=tbn:ANd9GcTysXI4lJRbObFuhcIQmAkNT3kD8JOtv48Sn8fAtBPEf6E5hjoXHzLVaA",
    "thumbnailHeight": 108,
    "thumbnailWidth": 77
   }
  },
  {
   "kind": "customsearch#result",
   "title": "Sessão de homenagens hoje - Assembleia Legislativa do Estado de Goiás",
   "htmlTitle": "Sessão de homenagens hoje - Assembleia Legislativa do Estado de Goiás",
   "link": "https://portal.al.go.leg.br/imagens/miniatura/d/32942/a/662358/w/1024/h/648/",
   "displayLink": "portal.al.go.leg.br",
   "snippet": "Sessão de homenagens hoje - Assembleia Legislativa do Estado de Goiás",
   "htmlSnippet": "Sessão de homenagens hoje - Assembleia Legislativa do Estado de Goiás",
   "mime": "image/",
   "image": {
    "contextLink": "https://portal.al.go.leg.br/noticias/ver/id/163584/tipo/gabinete/sessao+de+homenagens+hoje",
    "height": 648,
    "width": 1024,
    "byteSize": 68749,
    "thumbnailLink": "https://encrypted-tbn0.gstatic.com/images?q=tbn:ANd9GcTqO6ZtmzAoR1NGhNztLWKPZ5TNcgTsaJYJSnq9Y9Oi2ib1KKCt4RsLXWs",
    "thumbnailHeight": 95,
    "thumbnailWidth": 150
   }
  },
  {
   "kind": "customsearch#result",
   "title": "Neusa Diniz 22222 PR (Vereadora) Abadiânia - Guia Eleições 2016",
   "htmlTitle": "Neusa Diniz 22222 PR (Vereadora) Abadiânia - Guia Eleições 2016",
   "link": "https://gazetadopovo-candidatos-2016.s3.amazonaws.com/fotos/go/abadiania/davy-felix-22322.jpg",
   "displayLink": "especiais.gazetadopovo.com.br",
   "snippet": "Neusa Diniz 22222 PR (Vereadora) Abadiânia - Guia Eleições 2016",
   "htmlSnippet": "Neusa Diniz 22222 PR (Vereadora) Abadiânia - Guia Eleições 2016",
   "mime": "image/jpeg",
   "image": {
    "contextLink": "https://especiais.gazetadopovo.com.br/eleicoes/2016/abadiania-go/vereador/neusa-diniz-22222/",
    "height": 225,
    "width": 161,
    "byteSize": 4499,
    "thumbnailLink": "https://encrypted-tbn0.gstatic.com/images?q=tbn:ANd9GcS0jovubRApsZODnsCwGSJU8IF_S1VLyyOB2GqYOFsc93K-1lBUM82RlVI",
    "thumbnailHeight": 108,
    "thumbnailWidth": 77
   }
  },
  {
   "kind": "customsearch#result",
   "title": "Homenagem a destaques sociais - Assembleia Legislativa do Estado ...",
   "htmlTitle": "Homenagem a destaques sociais - Assembleia Legislativa do Estado ...",
   "link": "https://portal.al.go.leg.br/imagens/miniatura/d/32943/a/662362/w/1024/h/648/",
   "displayLink": "portal.al.go.leg.br",
   "snippet": "Homenagem a destaques sociais - Assembleia Legislativa do Estado ...",
   "htmlSnippet": "Homenagem a destaques sociais - Assembleia Legislativa do Estado ...",
   "mime": "image/",
   "image": {
    "contextLink": "https://portal.al.go.leg.br/noticias/ver/id/163773/tipo/gabinete/homenagem+a+destaques+sociais",
    "height": 648,
    "width": 1024,
    "byteSize": 101315,
    "thumbnailLink": "https://encrypted-tbn0.gstatic.com/images?q=tbn:ANd9GcTW5-ZS3rXBral9sQKAbNxgRfTzXJ2XL-HCxkhn5ECuWNLZJ3QmUgnCbrU",
    "thumbnailHeight": 95,
    "thumbnailWidth": 150
   }
  },
  {
   "kind": "customsearch#result",
   "title": "Neusa Diniz 22222 PR (Vereadora) Abadiânia - Guia Eleições 2016",
   "htmlTitle": "Neusa Diniz 22222 PR (Vereadora) Abadiânia - Guia Eleições 2016",
   "link": "https://gazetadopovo-candidatos-2016.s3.amazonaws.com/fotos/go/abadiania/beth-chaul-22001.jpg",
   "displayLink": "especiais.gazetadopovo.com.br",
   "snippet": "Neusa Diniz 22222 PR (Vereadora) Abadiânia - Guia Eleições 2016",
   "htmlSnippet": "Neusa Diniz 22222 PR (Vereadora) Abadiânia - Guia Eleições 2016",
   "mime": "image/jpeg",
   "image": {
    "contextLink": "https://especiais.gazetadopovo.com.br/eleicoes/2016/abadiania-go/vereador/neusa-diniz-22222/",
    "height": 225,
    "width": 161,
    "byteSize": 6974,
    "thumbnailLink": "https://encrypted-tbn0.gstatic.com/images?q=tbn:ANd9GcRt55psOBR165wufX5dEwWvxIemo4pDl3bMH_zUCqmXnULT-4wh2QDNLrA",
    "thumbnailHeight": 108,
    "thumbnailWidth": 77
   }
  },
  {
   "kind": "customsearch#result",
   "title": "Criado pela Lei nº 1.552, de 21/08/1959. Versão digital instituída ...",
   "htmlTitle": "Criado pela Lei nº 1.552, de 21/08/1959. Versão digital instituída ...",
   "link": "x-raw-image:///a7de24ebb950101b32e9f76ca5b570f9ff8e3be122009d004b59b4f1e3f567b7",
   "displayLink": "www.goiania.go.gov.br",
   "snippet": "Criado pela Lei nº 1.552, de 21/08/1959. Versão digital instituída ...",
   "htmlSnippet": "Criado pela Lei nº 1.552, de 21/08/1959. Versão digital instituída ...",
   "mime": "image/",
   "image": {
    "contextLink": "http://www.goiania.go.gov.br/Download/legislacao/diariooficial/2014/do_20140424_000005821.pdf",
    "height": 827,
    "width": 1180,
    "byteSize": 22164,
    "thumbnailLink": "https://encrypted-tbn0.gstatic.com/images?q=tbn:ANd9GcRLRUL6WOmQOIvJnI3wQWl4Uu6a1LtG92bZ00Fcgv0A86NTI6rN_raEAPY",
    "thumbnailHeight": 105,
    "thumbnailWidth": 150
   }
  },
  {
   "kind": "customsearch#result",
   "title": "Neusa Diniz 22222 PR (Vereadora) Abadiânia - Guia Eleições 2016",
   "htmlTitle": "Neusa Diniz 22222 PR (Vereadora) Abadiânia - Guia Eleições 2016",
   "link": "https://gazetadopovo-candidatos-2016.s3.amazonaws.com/fotos/go/abadiania/alex-alves-22022.jpg",
   "displayLink": "especiais.gazetadopovo.com.br",
   "snippet": "Neusa Diniz 22222 PR (Vereadora) Abadiânia - Guia Eleições 2016",
   "htmlSnippet": "Neusa Diniz 22222 PR (Vereadora) Abadiânia - Guia Eleições 2016",
   "mime": "image/jpeg",
   "image": {
    "contextLink": "https://especiais.gazetadopovo.com.br/eleicoes/2016/abadiania-go/vereador/neusa-diniz-22222/",
    "height": 225,
    "width": 161,
    "byteSize": 5613,
    "thumbnailLink": "https://encrypted-tbn0.gstatic.com/images?q=tbn:ANd9GcTxjKB4Ee4776Urj7cweKeDkvL1AcB2jmdxa9eko1Q5SgV7IFM6Bw_5_LY",
    "thumbnailHeight": 108,
    "thumbnailWidth": 77
   }
  },
  {
   "kind": "customsearch#result",
   "title": "Criado pela Lei nº 1.552, de 21/08/1959. Versão digital instituída ...",
   "htmlTitle": "Criado pela Lei nº 1.552, de 21/08/1959. Versão digital instituída ...",
   "link": "x-raw-image:///94044802537066ea212f0c41b4946d3a09572d7b0e47cb71a8e04a008d1254f4",
   "displayLink": "www.goiania.go.gov.br",
   "snippet": "Criado pela Lei nº 1.552, de 21/08/1959. Versão digital instituída ...",
   "htmlSnippet": "Criado pela Lei nº 1.552, de 21/08/1959. Versão digital instituída ...",
   "mime": "image/",
   "image": {
    "contextLink": "http://www.goiania.go.gov.br/Download/legislacao/diariooficial/2014/do_20140424_000005821.pdf",
    "height": 1696,
    "width": 1180,
    "byteSize": 30996,
    "thumbnailLink": "https://encrypted-tbn0.gstatic.com/images?q=tbn:ANd9GcSMdnMQt3iM-Y5FDwyBqdYi5Xe5DIMVk_i2lfpfdYg6Z-CWYwLvMpxWKk60",
    "thumbnailHeight": 150,
    "thumbnailWidth": 104
   }
  },
  {
   "kind": "customsearch#result",
   "title": "Neusa Diniz 22222 PR (Vereadora) Abadiânia - Guia Eleições 2016",
   "htmlTitle": "Neusa Diniz 22222 PR (Vereadora) Abadiânia - Guia Eleições 2016",
   "link": "https://gazetadopovo-candidatos-2016.s3.amazonaws.com/fotos/go/abadiania/wladimir-toledo-22321.jpg",
   "displayLink": "especiais.gazetadopovo.com.br",
   "snippet": "Neusa Diniz 22222 PR (Vereadora) Abadiânia - Guia Eleições 2016",
   "htmlSnippet": "Neusa Diniz 22222 PR (Vereadora) Abadiânia - Guia Eleições 2016",
   "mime": "image/jpeg",
   "image": {
    "contextLink": "https://especiais.gazetadopovo.com.br/eleicoes/2016/abadiania-go/vereador/neusa-diniz-22222/",
    "height": 225,
    "width": 161,
    "byteSize": 3843,
    "thumbnailLink": "https://encrypted-tbn0.gstatic.com/images?q=tbn:ANd9GcRcpJtMDLh11bU-bd3hf0935jQZXK_uy1OWEITZgSvFKFRTgALW3wSUWA",
    "thumbnailHeight": 108,
    "thumbnailWidth": 77
   }
  },
  {
   "kind": "customsearch#result",
   "title": "Criado pela Lei nº 1.552, de 21/08/1959. Versão digital instituída ...",
   "htmlTitle": "Criado pela Lei nº 1.552, de 21/08/1959. Versão digital instituída ...",
   "link": "x-raw-image:///2acef8f27765875c87b2e0581d5cb5e092fb3e42e3129b66d183de4c877e157f",
   "displayLink": "www.goiania.go.gov.br",
   "snippet": "Criado pela Lei nº 1.552, de 21/08/1959. Versão digital instituída ...",
   "htmlSnippet": "Criado pela Lei nº 1.552, de 21/08/1959. Versão digital instituída ...",
   "mime": "image/",
   "image": {
    "contextLink": "http://www.goiania.go.gov.br/Download/legislacao/diariooficial/2014/do_20140424_000005821.pdf",
    "height": 826,
    "width": 1180,
    "byteSize": 10896,
    "thumbnailLink": "https://encrypted-tbn0.gstatic.com/images?q=tbn:ANd9GcQYHzsDpWZ_xUXGtFtPlU7E6DfPLvg8TD8UYgKularamFRouDNhqhcSoSJ-",
    "thumbnailHeight": 105,
    "thumbnailWidth": 150
   }
  }
 ]
}
