{
 "kind": "customsearch#search",
 "url": {
  "type": "application/json",
  "template": "https://www.googleapis.com/customsearch/v1?q={searchTerms}&num={count?}&start={startIndex?}&lr={language?}&safe={safe?}&cx={cx?}&sort={sort?}&filter={filter?}&gl={gl?}&cr={cr?}&googlehost={googleHost?}&c2coff={disableCnTwTranslation?}&hq={hq?}&hl={hl?}&siteSearch={siteSearch?}&siteSearchFilter={siteSearchFilter?}&exactTerms={exactTerms?}&excludeTerms={excludeTerms?}&linkSite={linkSite?}&orTerms={orTerms?}&relatedSite={relatedSite?}&dateRestrict={dateRestrict?}&lowRange={lowRange?}&highRange={highRange?}&searchType={searchType}&fileType={fileType?}&rights={rights?}&imgSize={imgSize?}&imgType={imgType?}&imgColorType={imgColorType?}&imgDominantColor={imgDominantColor?}&alt=json"
 },
 "queries": {
  "request": [
   {
    "title": "Google Custom Search - \"NILSON TELES SALGADO\"",
    "totalResults": "712",
    "searchTerms": "\"NILSON TELES SALGADO\"",
    "count": 10,
    "startIndex": 1,
    "inputEncoding": "utf8",
    "outputEncoding": "utf8",
    "safe": "off",
    "cx": "014097292584411445814:sh5uhwve2ei",
    "searchType": "image"
   }
  ],
  "nextPage": [
   {
    "title": "Google Custom Search - \"NILSON TELES SALGADO\"",
    "totalResults": "712",
    "searchTerms": "\"NILSON TELES SALGADO\"",
    "count": 10,
    "startIndex": 11,
    "inputEncoding": "utf8",
    "outputEncoding": "utf8",
    "safe": "off",
    "cx": "014097292584411445814:sh5uhwve2ei",
    "searchType": "image"
   }
  ]
 },
 "context": {
  "title": "Eleitos"
 },
 "searchInformation": {
  "searchTime": 0.211565,
  "formattedSearchTime": "0.21",
  "totalResults": "712",
  "formattedTotalResults": "712"
 },
 "items": [
  {
   "kind": "customsearch#result",
   "title": "Vereador — Câmara Municipal",
   "htmlTitle": "Vereador — Câmara Municipal",
   "link": "http://www.aguafriadegoias.go.leg.br/20170620_145644.png/@@images/c85b6a0d-b487-4b07-941f-4219b1b43861.png",
   "displayLink": "www.aguafriadegoias.go.leg.br",
   "snippet": "Vereador — Câmara Municipal",
   "htmlSnippet": "Vereador — Câmara Municipal",
   "mime": "image/png",
   "image": {
    "contextLink": "http://www.aguafriadegoias.go.leg.br/institucional/vereadores/vereador-1",
    "height": 196,
    "width": 200,
    "byteSize": 63907,
    "thumbnailLink": "https://encrypted-tbn0.gstatic.com/images?q=tbn:ANd9GcT4B9z4Uzyk1lXQpvJYG0AKq03DQQ-M7IxqoYQbuIQXfMxWb2tDwyYjTQ",
    "thumbnailHeight": 102,
    "thumbnailWidth": 104
   }
  },
  {
   "kind": "customsearch#result",
   "title": "Nilson Teles 15123 PMDB (Vereador) Água Fria de Goiás - Guia ...",
   "htmlTitle": "Nilson Teles 15123 PMDB (Vereador) Água Fria de Goiás - Guia ...",
   "link": "https://gazetadopovo-candidatos-2016.s3.amazonaws.com/fotos/go/agua-fria-de-goias/nilson-teles-15123.jpg",
   "displayLink": "especiais.gazetadopovo.com.br",
   "snippet": "Nilson Teles 15123 PMDB (Vereador) Água Fria de Goiás - Guia ...",
   "htmlSnippet": "Nilson Teles 15123 PMDB (Vereador) Água Fria de Goiás - Guia ...",
   "mime": "image/jpeg",
   "image": {
    "contextLink": "https://especiais.gazetadopovo.com.br/eleicoes/2016/agua-fria-de-goias-go/vereador/nilson-teles-15123/",
    "height": 225,
    "width": 161,
    "byteSize": 6216,
    "thumbnailLink": "https://encrypted-tbn0.gstatic.com/images?q=tbn:ANd9GcRdsVgQb5nNRdDL-_GmTLc3BvVNgjY6j-sSS-jDtvNc0hLadmraA4x2WQ",
    "thumbnailHeight": 108,
    "thumbnailWidth": 77
   }
  },
  {
   "kind": "customsearch#result",
   "title": "Página Inicial — Câmara Municipal",
   "htmlTitle": "Página Inicial — Câmara Municipal",
   "link": "http://www.aguafriadegoias.go.leg.br/institucional/noticias/primeira-noticia/@@images/3cd3a713-531d-4740-bc3a-d6d0ee4c1f82.jpeg",
   "displayLink": "www.aguafriadegoias.go.leg.br",
   "snippet": "Página Inicial — Câmara Municipal",
   "htmlSnippet": "Página Inicial — Câmara Municipal",
   "mime": "image/jpeg",
   "image": {
    "contextLink": "http://www.aguafriadegoias.go.leg.br/",
    "height": 576,
    "width": 768,
    "byteSize": 114902,
    "thumbnailLink": "https://encrypted-tbn0.gstatic.com/images?q=tbn:ANd9GcSR7vp3bfs8daQ9FGFSeolNJ9pp8Xa05bHENeJyR7adb4XDVXWVn1X1WVA",
    "thumbnailHeight": 107,
    "thumbnailWidth": 142
   }
  },
  {
   "kind": "customsearch#result",
   "title": "Nilson Teles 15123 PMDB (Vereador) Água Fria de Goiás - Guia ...",
   "htmlTitle": "Nilson Teles 15123 PMDB (Vereador) Água Fria de Goiás - Guia ...",
   "link": "https://gazetadopovo-candidatos-2016.s3.amazonaws.com/fotos/go/agua-fria-de-goias/edinei-15000.jpg",
   "displayLink": "especiais.gazetadopovo.com.br",
   "snippet": "Nilson Teles 15123 PMDB (Vereador) Água Fria de Goiás - Guia ...",
   "htmlSnippet": "Nilson Teles 15123 PMDB (Vereador) Água Fria de Goiás - Guia ...",
   "mime": "image/jpeg",
   "image": {
    "contextLink": "https://especiais.gazetadopovo.com.br/eleicoes/2016/agua-fria-de-goias-go/vereador/nilson-teles-15123/",
    "height": 225,
    "width": 161,
    "byteSize": 4305,
    "thumbnailLink": "https://encrypted-tbn0.gstatic.com/images?q=tbn:ANd9GcRGaaWhZxl4qFbKCOK83tMbpKVPTS6i7b4PnHViqCc2eQZBqZYqbMBx5g",
    "thumbnailHeight": 108,
    "thumbnailWidth": 77
   }
  },
  {
   "kind": "customsearch#result",
   "title": "Página Inicial — Câmara Municipal",
   "htmlTitle": "Página Inicial — Câmara Municipal",
   "link": "http://www.aguafriadegoias.go.leg.br/20170620_145644.png/@@images/383270a5-5933-4636-b65d-4c555153916f.png",
   "displayLink": "www.aguafriadegoias.go.leg.br",
   "snippet": "Página Inicial — Câmara Municipal",
   "htmlSnippet": "Página Inicial — Câmara Municipal",
   "mime": "image/png",
   "image": {
    "contextLink": "http://www.aguafriadegoias.go.leg.br/",
    "height": 125,
    "width": 128,
    "byteSize": 28685,
    "thumbnailLink": "https://encrypted-tbn0.gstatic.com/images?q=tbn:ANd9GcTKmRHF3Mu2B1nb4jDsejGOeD8mB2LEmpsji2VOnZIim9f7LibElnon6gw",
    "thumbnailHeight": 89,
    "thumbnailWidth": 91
   }
  },
  {
   "kind": "customsearch#result",
   "title": "Nilson Teles 15123 PMDB (Vereador) Água Fria de Goiás - Guia ...",
   "htmlTitle": "Nilson Teles 15123 PMDB (Vereador) Água Fria de Goiás - Guia ...",
   "link": "https://gazetadopovo-candidatos-2016.s3.amazonaws.com/fotos/go/agua-fria-de-goias/alessandra-15614.jpg",
   "displayLink": "especiais.gazetadopovo.com.br",
   "snippet": "Nilson Teles 15123 PMDB (Vereador) Água Fria de Goiás - Guia ...",
   "htmlSnippet": "Nilson Teles 15123 PMDB (Vereador) Água Fria de Goiás - Guia ...",
   "mime": "image/jpeg",
   "image": {
    "contextLink": "https://especiais.gazetadopovo.com.br/eleicoes/2016/agua-fria-de-goias-go/vereador/nilson-teles-15123/",
    "height": 225,
    "width": 161,
    "byteSize": 5195,
    "thumbnailLink": "https://encrypted-tbn0.gstatic.com/images?q=tbn:ANd9GcT3TK0Z50El16vsJRJynwRdXa3mWZ2UNjZ9GgnOOgPYFreBAs5x63N2vcI",
    "thumbnailHeight": 108,
    "thumbnailWidth": 77
   }
  },
  {
   "kind": "customsearch#result",
   "title": "Vereador — Câmara Municipal",
   "htmlTitle": "Vereador — Câmara Municipal",
   "link": "https://www.insanespearfishing.com/image/data/blog/facebook.png",
   "displayLink": "www.aguafriadegoias.go.leg.br",
   "snippet": "Vereador — Câmara Municipal",
   "htmlSnippet": "Vereador — Câmara Municipal",
   "mime": "image/png",
   "image": {
    "contextLink": "http://www.aguafriadegoias.go.leg.br/institucional/vereadores/vereador-1",
    "height": 401,
    "width": 400,
    "byteSize": 58432,
    "thumbnailLink": "https://encrypted-tbn0.gstatic.com/images?q=tbn:ANd9GcTjKDOAJkO8BvvnQ0vfBzemWsTmZLjhQ29VzuVBBlCWjbj83zgUTLUFTqs",
    "thumbnailHeight": 124,
    "thumbnailWidth": 124
   }
  },
  {
   "kind": "customsearch#result",
   "title": "Nilson Teles 15123 PMDB (Vereador) Água Fria de Goiás - Guia ...",
   "htmlTitle": "Nilson Teles 15123 PMDB (Vereador) Água Fria de Goiás - Guia ...",
   "link": "https://gazetadopovo-candidatos-2016.s3.amazonaws.com/fotos/go/agua-fria-de-goias/marinaldo-15015.jpg",
   "displayLink": "especiais.gazetadopovo.com.br",
   "snippet": "Nilson Teles 15123 PMDB (Vereador) Água Fria de Goiás - Guia ...",
   "htmlSnippet": "Nilson Teles 15123 PMDB (Vereador) Água Fria de Goiás - Guia ...",
   "mime": "image/jpeg",
   "image": {
    "contextLink": "https://especiais.gazetadopovo.com.br/eleicoes/2016/agua-fria-de-goias-go/vereador/nilson-teles-15123/",
    "height": 225,
    "width": 161,
    "byteSize": 5647,
    "thumbnailLink": "https://encrypted-tbn0.gstatic.com/images?q=tbn:ANd9GcQPB6TRD7LxqrAvCTOmlwQV-OSimKBCu9q5LOO0Eo8yxAMNfAkVuVXX0w",
    "thumbnailHeight": 108,
    "thumbnailWidth": 77
   }
  },
  {
   "kind": "customsearch#result",
   "title": "Presidentes — Câmara Municipal",
   "htmlTitle": "Presidentes — Câmara Municipal",
   "link": "http://www.aguafriadegoias.go.leg.br/20170629_0917401.jpg/@@images/43b6a0e9-23da-4af8-a88a-21243b6c55a5.jpeg",
   "displayLink": "www.aguafriadegoias.go.leg.br",
   "snippet": "Presidentes — Câmara Municipal",
   "htmlSnippet": "Presidentes — Câmara Municipal",
   "mime": "image/jpeg",
   "image": {
    "contextLink": "http://www.aguafriadegoias.go.leg.br/processo-legislativo/parlamentares",
    "height": 200,
    "width": 170,
    "byteSize": 7584,
    "thumbnailLink": "https://encrypted-tbn0.gstatic.com/images?q=tbn:ANd9GcR2SHYZuDUs3xHxDakuJ8BH-ltqpw1Zb-qmNABRW6ylrmNzzPD3I66xkw",
    "thumbnailHeight": 104,
    "thumbnailWidth": 88
   }
  },
  {
   "kind": "customsearch#result",
   "title": "Nilson Teles 15123 PMDB (Vereador) Água Fria de Goiás - Guia ...",
   "htmlTitle": "Nilson Teles 15123 PMDB (Vereador) Água Fria de Goiás - Guia ...",
   "link": "https://gazetadopovo-candidatos-2016.s3.amazonaws.com/fotos/go/agua-fria-de-goias/deda-15111.jpg",
   "displayLink": "especiais.gazetadopovo.com.br",
   "snippet": "Nilson Teles 15123 PMDB (Vereador) Água Fria de Goiás - Guia ...",
   "htmlSnippet": "Nilson Teles 15123 PMDB (Vereador) Água Fria de Goiás - Guia ...",
   "mime": "image/jpeg",
   "image": {
    "contextLink": "https://especiais.gazetadopovo.com.br/eleicoes/2016/agua-fria-de-goias-go/vereador/nilson-teles-15123/",
    "height": 225,
    "width": 161,
    "byteSize": 6968,
    "thumbnailLink": "https://encrypted-tbn0.gstatic.com/images?q=tbn:ANd9GcR25kgDbyZkZe3puQDBbSfDjaKiiAGfjJF6lC0BRl76N_OXMnXktKS-2Q",
    "thumbnailHeight": 108,
    "thumbnailWidth": 77
   }
  }
 ]
}
