{
 "kind": "customsearch#search",
 "url": {
  "type": "application/json",
  "template": "https://www.googleapis.com/customsearch/v1?q={searchTerms}&num={count?}&start={startIndex?}&lr={language?}&safe={safe?}&cx={cx?}&sort={sort?}&filter={filter?}&gl={gl?}&cr={cr?}&googlehost={googleHost?}&c2coff={disableCnTwTranslation?}&hq={hq?}&hl={hl?}&siteSearch={siteSearch?}&siteSearchFilter={siteSearchFilter?}&exactTerms={exactTerms?}&excludeTerms={excludeTerms?}&linkSite={linkSite?}&orTerms={orTerms?}&relatedSite={relatedSite?}&dateRestrict={dateRestrict?}&lowRange={lowRange?}&highRange={highRange?}&searchType={searchType}&fileType={fileType?}&rights={rights?}&imgSize={imgSize?}&imgType={imgType?}&imgColorType={imgColorType?}&imgDominantColor={imgDominantColor?}&alt=json"
 },
 "queries": {
  "request": [
   {
    "title": "Google Custom Search - \"NILTON NUNES DE MORAIS\"",
    "totalResults": "9",
    "searchTerms": "\"NILTON NUNES DE MORAIS\"",
    "count": 9,
    "startIndex": 1,
    "inputEncoding": "utf8",
    "outputEncoding": "utf8",
    "safe": "off",
    "cx": "014097292584411445814:sh5uhwve2ei",
    "searchType": "image"
   }
  ]
 },
 "context": {
  "title": "Eleitos"
 },
 "searchInformation": {
  "searchTime": 0.146634,
  "formattedSearchTime": "0.15",
  "totalResults": "9",
  "formattedTotalResults": "9"
 },
 "items": [
  {
   "kind": "customsearch#result",
   "title": "Nome: Nilton Nunes de Morais - Vereador Nilton (PP) — Câmara ...",
   "htmlTitle": "Nome: \u003cb\u003eNilton Nunes de Morais\u003c/b\u003e - Vereador Nilton (PP) — Câmara ...",
   "link": "http://www.abadiania.go.leg.br/processo-legislativo/parlamentares/Vereadores%202013%202016/IMG_1450.JPG/image_preview",
   "displayLink": "www.abadiania.go.leg.br",
   "snippet": "Nome: Nilton Nunes de Morais - Vereador Nilton (PP) — Câmara ...",
   "htmlSnippet": "Nome: \u003cb\u003eNilton Nunes de Morais\u003c/b\u003e - Vereador Nilton (PP) — Câmara ...",
   "mime": "image/",
   "image": {
    "contextLink": "http://www.abadiania.go.leg.br/processo-legislativo/parlamentares/Vereadores%202013%202016/IMG_1450.JPG/view",
    "height": 400,
    "width": 266,
    "byteSize": 23341,
    "thumbnailLink": "https://encrypted-tbn0.gstatic.com/images?q=tbn:ANd9GcRWXSmI1lOpD2xRYcf9YbTSuXHaUHMhLpwU3ugZx5WGZp48RmDNZWP7u5Q",
    "thumbnailHeight": 124,
    "thumbnailWidth": 82
   }
  },
  {
   "kind": "customsearch#result",
   "title": "Nilton Preto 11234 PP (Vereador) Abadiânia - Guia Eleições 2016",
   "htmlTitle": "Nilton Preto 11234 PP (Vereador) Abadiânia - Guia Eleições 2016",
   "link": "https://gazetadopovo-candidatos-2016.s3.amazonaws.com/fotos/go/abadiania/nilton-preto-11234.jpg",
   "displayLink": "especiais.gazetadopovo.com.br",
   "snippet": "Nilton Preto 11234 PP (Vereador) Abadiânia - Guia Eleições 2016",
   "htmlSnippet": "Nilton Preto 11234 PP (Vereador) Abadiânia - Guia Eleições 2016",
   "mime": "image/jpeg",
   "image": {
    "contextLink": "https://especiais.gazetadopovo.com.br/eleicoes/2016/abadiania-go/vereador/nilton-preto-11234/",
    "height": 225,
    "width": 161,
    "byteSize": 8171,
    "thumbnailLink": "https://encrypted-tbn0.gstatic.com/images?q=tbn:ANd9GcT1U1uowtkMIA4H2XYjZgH12CIVwI1FsxZQlvOvc4Gn7XqQkaGv37y0i0A",
    "thumbnailHeight": 108,
    "thumbnailWidth": 77
   }
  },
  {
   "kind": "customsearch#result",
   "title": "Conselho Tutelar de Abadiânia solicita reforma de prédio ...",
   "htmlTitle": "Conselho Tutelar de Abadiânia solicita reforma de prédio ...",
   "link": "https://portal.al.go.leg.br/imagens/miniatura/d/32031/a/646868/w/1024/h/648/",
   "displayLink": "portal.al.go.leg.br",
   "snippet": "Conselho Tutelar de Abadiânia solicita reforma de prédio ...",
   "htmlSnippet": "Conselho Tutelar de Abadiânia solicita reforma de prédio ...",
   "mime": "image/",
   "image": {
    "contextLink": "https://portal.al.go.leg.br/noticias/ver/id/158029/conselho+tutelar+de+abadiania+solicita+reforma+de+predio",
    "height": 648,
    "width": 1024,
    "byteSize": 82915,
    "thumbnailLink": "https://encrypted-tbn0.gstatic.com/images?q=tbn:ANd9GcQ_FYV5pbDIcGVKfVMu53VqDhP7criGWgb5x2e6dqCsGk4gOz9hiugD4zs",
    "thumbnailHeight": 95,
    "thumbnailWidth": 150
   }
  },
  {
   "kind": "customsearch#result",
   "title": "Nilton Preto 11234 PP (Vereador) Abadiânia - Guia Eleições 2016",
   "htmlTitle": "Nilton Preto 11234 PP (Vereador) Abadiânia - Guia Eleições 2016",
   "link": "https://gazetadopovo-candidatos-2016.s3.amazonaws.com/fotos/santinhos/go/abadiania/santinho-vereador-nilton-preto-11234-abadiania-go.jpg",
   "displayLink": "especiais.gazetadopovo.com.br",
   "snippet": "Nilton Preto 11234 PP (Vereador) Abadiânia - Guia Eleições 2016",
   "htmlSnippet": "Nilton Preto 11234 PP (Vereador) Abadiânia - Guia Eleições 2016",
   "mime": "image/jpeg",
   "image": {
    "contextLink": "https://especiais.gazetadopovo.com.br/eleicoes/2016/abadiania-go/vereador/nilton-preto-11234/",
    "height": 339,
    "width": 646,
    "byteSize": 21622,
    "thumbnailLink": "https://encrypted-tbn0.gstatic.com/images?q=tbn:ANd9GcTqWpHgnAP40CToaH3t0IoLjLirbH7f8aUFXgafWaI1yEIvou_yM6310XKU",
    "thumbnailHeight": 72,
    "thumbnailWidth": 137
   }
  },
  {
   "kind": "customsearch#result",
   "title": "Conselhos Tutelares - Assembleia Legislativa do Estado de Goiás",
   "htmlTitle": "Conselhos Tutelares - Assembleia Legislativa do Estado de Goiás",
   "link": "https://portal.al.go.leg.br/imagens/miniatura/d/32040/a/647032/w/1024/h/648/",
   "displayLink": "portal.al.go.leg.br",
   "snippet": "Conselhos Tutelares - Assembleia Legislativa do Estado de Goiás",
   "htmlSnippet": "Conselhos Tutelares - Assembleia Legislativa do Estado de Goiás",
   "mime": "image/",
   "image": {
    "contextLink": "https://portal.al.go.leg.br/noticias/ver/id/158150/tipo/gabinete/conselhos+tutelares",
    "height": 648,
    "width": 1024,
    "byteSize": 103746,
    "thumbnailLink": "https://encrypted-tbn0.gstatic.com/images?q=tbn:ANd9GcSyfvbOEffPEKCdkIsjL7w3O2pBdhy2xqSrWQVje8vl4TrUW1X5PeAIDIw",
    "thumbnailHeight": 95,
    "thumbnailWidth": 150
   }
  },
  {
   "kind": "customsearch#result",
   "title": "Nilton Preto 11234 PP (Vereador) Abadiânia - Guia Eleições 2016",
   "htmlTitle": "Nilton Preto 11234 PP (Vereador) Abadiânia - Guia Eleições 2016",
   "link": "https://gazetadopovo-candidatos-2016.s3.amazonaws.com/fotos/go/abadiania/helena-11777.jpg",
   "displayLink": "especiais.gazetadopovo.com.br",
   "snippet": "Nilton Preto 11234 PP (Vereador) Abadiânia - Guia Eleições 2016",
   "htmlSnippet": "Nilton Preto 11234 PP (Vereador) Abadiânia - Guia Eleições 2016",
   "mime": "image/jpeg",
   "image": {
    "contextLink": "https://especiais.gazetadopovo.com.br/eleicoes/2016/abadiania-go/vereador/nilton-preto-11234/",
    "height": 225,
    "width": 161,
    "byteSize": 6519,
    "thumbnailLink": "https://encrypted-tbn0.gstatic.com/images?q=tbn:ANd9GcQUjAd2PQYPYcUTlyjwN6AaFtZdjzg35NRyjoWGUmsdOKwz-3thg3046Zg",
    "thumbnailHeight": 108,
    "thumbnailWidth": 77
   }
  },
  {
   "kind": "customsearch#result",
   "title": "Nilton Preto 11234 PP (Vereador) Abadiânia - Guia Eleições 2016",
   "htmlTitle": "Nilton Preto 11234 PP (Vereador) Abadiânia - Guia Eleições 2016",
   "link": "https://gazetadopovo-candidatos-2016.s3.amazonaws.com/fotos/go/abadiania/suelem-enfermeira-11100.jpg",
   "displayLink": "especiais.gazetadopovo.com.br",
   "snippet": "Nilton Preto 11234 PP (Vereador) Abadiânia - Guia Eleições 2016",
   "htmlSnippet": "Nilton Preto 11234 PP (Vereador) Abadiânia - Guia Eleições 2016",
   "mime": "image/jpeg",
   "image": {
    "contextLink": "https://especiais.gazetadopovo.com.br/eleicoes/2016/abadiania-go/vereador/nilton-preto-11234/",
    "height": 225,
    "width": 161,
    "byteSize": 5888,
    "thumbnailLink": "https://encrypted-tbn0.gstatic.com/images?q=tbn:ANd9GcR7aIBuuuB6rcZ7QREnbxrOxIVpf2G8_nQL8XDzXMesMDjCFIy02IjhnA",
    "thumbnailHeight": 108,
    "thumbnailWidth": 77
   }
  },
  {
   "kind": "customsearch#result",
   "title": "Nilton Preto 11234 PP (Vereador) Abadiânia - Guia Eleições 2016",
   "htmlTitle": "Nilton Preto 11234 PP (Vereador) Abadiânia - Guia Eleições 2016",
   "link": "https://gazetadopovo-candidatos-2016.s3.amazonaws.com/fotos/go/abadiania/moche-11112.jpg",
   "displayLink": "especiais.gazetadopovo.com.br",
   "snippet": "Nilton Preto 11234 PP (Vereador) Abadiânia - Guia Eleições 2016",
   "htmlSnippet": "Nilton Preto 11234 PP (Vereador) Abadiânia - Guia Eleições 2016",
   "mime": "image/jpeg",
   "image": {
    "contextLink": "https://especiais.gazetadopovo.com.br/eleicoes/2016/abadiania-go/vereador/nilton-preto-11234/",
    "height": 225,
    "width": 161,
    "byteSize": 6189,
    "thumbnailLink": "https://encrypted-tbn0.gstatic.com/images?q=tbn:ANd9GcQsYAavBYH7cw5cHXSaSG6YfO5M-LMA4cRU1yZ_0mXU0B2ftuaQPAdK2Q",
    "thumbnailHeight": 108,
    "thumbnailWidth": 77
   }
  },
  {
   "kind": "customsearch#result",
   "title": "Nilton Preto 11234 PP (Vereador) Abadiânia - Guia Eleições 2016",
   "htmlTitle": "Nilton Preto 11234 PP (Vereador) Abadiânia - Guia Eleições 2016",
   "link": "https://gazetadopovo-candidatos-2016.s3.amazonaws.com/fotos/go/abadiania/romilton-grande-11124.jpg",
   "displayLink": "especiais.gazetadopovo.com.br",
   "snippet": "Nilton Preto 11234 PP (Vereador) Abadiânia - Guia Eleições 2016",
   "htmlSnippet": "Nilton Preto 11234 PP (Vereador) Abadiânia - Guia Eleições 2016",
   "mime": "image/jpeg",
   "image": {
    "contextLink": "https://especiais.gazetadopovo.com.br/eleicoes/2016/abadiania-go/vereador/nilton-preto-11234/",
    "height": 225,
    "width": 161,
    "byteSize": 4435,
    "thumbnailLink": "https://encrypted-tbn0.gstatic.com/images?q=tbn:ANd9GcRCojN2O4J0jLTaO61aZjgJ9Nnh7QU9BwhadiKKIG6Fx4Zou8XLOlJkqQ",
    "thumbnailHeight": 108,
    "thumbnailWidth": 77
   }
  }
 ]
}
