{
 "kind": "customsearch#search",
 "url": {
  "type": "application/json",
  "template": "https://www.googleapis.com/customsearch/v1?q={searchTerms}&num={count?}&start={startIndex?}&lr={language?}&safe={safe?}&cx={cx?}&sort={sort?}&filter={filter?}&gl={gl?}&cr={cr?}&googlehost={googleHost?}&c2coff={disableCnTwTranslation?}&hq={hq?}&hl={hl?}&siteSearch={siteSearch?}&siteSearchFilter={siteSearchFilter?}&exactTerms={exactTerms?}&excludeTerms={excludeTerms?}&linkSite={linkSite?}&orTerms={orTerms?}&relatedSite={relatedSite?}&dateRestrict={dateRestrict?}&lowRange={lowRange?}&highRange={highRange?}&searchType={searchType}&fileType={fileType?}&rights={rights?}&imgSize={imgSize?}&imgType={imgType?}&imgColorType={imgColorType?}&imgDominantColor={imgDominantColor?}&alt=json"
 },
 "queries": {
  "request": [
   {
    "title": "Google Custom Search - \"ODENIR MOUREIRA DA SILVA\"",
    "totalResults": "83",
    "searchTerms": "\"ODENIR MOUREIRA DA SILVA\"",
    "count": 10,
    "startIndex": 1,
    "inputEncoding": "utf8",
    "outputEncoding": "utf8",
    "safe": "off",
    "cx": "014097292584411445814:sh5uhwve2ei",
    "searchType": "image"
   }
  ],
  "nextPage": [
   {
    "title": "Google Custom Search - \"ODENIR MOUREIRA DA SILVA\"",
    "totalResults": "83",
    "searchTerms": "\"ODENIR MOUREIRA DA SILVA\"",
    "count": 10,
    "startIndex": 11,
    "inputEncoding": "utf8",
    "outputEncoding": "utf8",
    "safe": "off",
    "cx": "014097292584411445814:sh5uhwve2ei",
    "searchType": "image"
   }
  ]
 },
 "context": {
  "title": "Eleitos"
 },
 "searchInformation": {
  "searchTime": 0.288922,
  "formattedSearchTime": "0.29",
  "totalResults": "83",
  "formattedTotalResults": "83"
 },
 "spelling": {
  "correctedQuery": "\"ODENIR MOREIRA DA SILVA\"",
  "htmlCorrectedQuery": "&quot;ODENIR \u003cb\u003e\u003ci\u003eMOREIRA\u003c/i\u003e\u003c/b\u003e DA SILVA&quot;"
 },
 "items": [
  {
   "kind": "customsearch#result",
   "title": "Odenir Moureira da Silva - Câmara Municipal de Acreúna",
   "htmlTitle": "\u003cb\u003eOdenir Moureira da Silva\u003c/b\u003e - Câmara Municipal de Acreúna",
   "link": "http://camaraacreuna.go.gov.br/res/midias/img/07c5efee7e52379a32a38f08ed8450ae.jpg",
   "displayLink": "www.camaraacreuna.go.gov.br",
   "snippet": "Odenir Moureira da Silva - Câmara Municipal de Acreúna",
   "htmlSnippet": "\u003cb\u003eOdenir Moureira da Silva\u003c/b\u003e - Câmara Municipal de Acreúna",
   "mime": "image/jpeg",
   "image": {
    "contextLink": "http://www.camaraacreuna.go.gov.br/pagina/151-odenir-moureira-da-silva",
    "height": 1000,
    "width": 666,
    "byteSize": 53698,
    "thumbnailLink": "https://encrypted-tbn0.gstatic.com/images?q=tbn:ANd9GcR5eCvKpjP8hTsHmHhZfdT8xP9x0v_ZCMmAG55ofgo0pFVj_eiQnqk1PiI",
    "thumbnailHeight": 149,
    "thumbnailWidth": 99
   }
  },
  {
   "kind": "customsearch#result",
   "title": "title | Gazeta do Povo",
   "htmlTitle": "title | Gazeta do Povo",
   "link": "https://gazetadopovo-candidatos-2016.s3.amazonaws.com/fotos/santinhos/go/acreuna/santinho-vereador-deni-odenir-denir-40123-acreuna-go.jpg",
   "displayLink": "especiais.gazetadopovo.com.br",
   "snippet": "title | Gazeta do Povo",
   "htmlSnippet": "title | Gazeta do Povo",
   "mime": "image/jpeg",
   "image": {
    "contextLink": "https://especiais.gazetadopovo.com.br/eleicoes/2016/acreuna-go/vereador/deni-odenir-denir-40123/",
    "height": 339,
    "width": 646,
    "byteSize": 21336,
    "thumbnailLink": "https://encrypted-tbn0.gstatic.com/images?q=tbn:ANd9GcTVGJH6SiQJ3awyCTZXJq6zyisFSi8Ck1US4wX_PGvb1DW32Fb9aNZo1mJm",
    "thumbnailHeight": 72,
    "thumbnailWidth": 137
   }
  },
  {
   "kind": "customsearch#result",
   "title": "Odenir Moureira da Silva - Câmara Municipal de Acreúna",
   "htmlTitle": "\u003cb\u003eOdenir Moureira da Silva\u003c/b\u003e - Câmara Municipal de Acreúna",
   "link": "http://www.camaraacreuna.go.gov.br/res/midias/img/3a0c0ecd13f17d9509f4ee1e08fd9d0a.jpg?x=NaN&y=0&w=NaN&h=0&mw=83&mh=62",
   "displayLink": "www.camaraacreuna.go.gov.br",
   "snippet": "Odenir Moureira da Silva - Câmara Municipal de Acreúna",
   "htmlSnippet": "\u003cb\u003eOdenir Moureira da Silva\u003c/b\u003e - Câmara Municipal de Acreúna",
   "mime": "image/jpeg",
   "image": {
    "contextLink": "http://www.camaraacreuna.go.gov.br/pagina/151-odenir-moureira-da-silva",
    "height": 750,
    "width": 1000,
    "byteSize": 37332,
    "thumbnailLink": "https://encrypted-tbn0.gstatic.com/images?q=tbn:ANd9GcScnmeC1KZKNz6fTxErRax3ScShanmoMHx_5sTgSNFP2hyoUDDZgqorUZo",
    "thumbnailHeight": 112,
    "thumbnailWidth": 149
   }
  },
  {
   "kind": "customsearch#result",
   "title": "title | Gazeta do Povo",
   "htmlTitle": "title | Gazeta do Povo",
   "link": "https://gazetadopovo-candidatos-2016.s3.amazonaws.com/fotos/go/acreuna/deni-odenir-denir-40123.jpg",
   "displayLink": "especiais.gazetadopovo.com.br",
   "snippet": "title | Gazeta do Povo",
   "htmlSnippet": "title | Gazeta do Povo",
   "mime": "image/jpeg",
   "image": {
    "contextLink": "https://especiais.gazetadopovo.com.br/eleicoes/2016/acreuna-go/vereador/deni-odenir-denir-40123/",
    "height": 225,
    "width": 161,
    "byteSize": 6539,
    "thumbnailLink": "https://encrypted-tbn0.gstatic.com/images?q=tbn:ANd9GcTNztpgx0cJTGVRM0nimOLFJmS3UcuDsdQ4EnduvwUN3fr-5KC-jAv3fQ",
    "thumbnailHeight": 108,
    "thumbnailWidth": 77
   }
  },
  {
   "kind": "customsearch#result",
   "title": "Odenir Moureira da Silva - Câmara Municipal de Acreúna",
   "htmlTitle": "\u003cb\u003eOdenir Moureira da Silva\u003c/b\u003e - Câmara Municipal de Acreúna",
   "link": "http://www.camaraacreuna.go.gov.br/res/midias/img/844ffb6eb83524f53cc20dd600a94011.png?x=0&y=0&w=1000&h=1000",
   "displayLink": "www.camaraacreuna.go.gov.br",
   "snippet": "Odenir Moureira da Silva - Câmara Municipal de Acreúna",
   "htmlSnippet": "\u003cb\u003eOdenir Moureira da Silva\u003c/b\u003e - Câmara Municipal de Acreúna",
   "mime": "image/png",
   "image": {
    "contextLink": "http://www.camaraacreuna.go.gov.br/pagina/151-odenir-moureira-da-silva",
    "height": 1000,
    "width": 1000,
    "byteSize": 281917,
    "thumbnailLink": "https://encrypted-tbn0.gstatic.com/images?q=tbn:ANd9GcQbTXgmsasLZvkR2fT7YtWCXgGSlxFeg0C3VF3HXwYleKLS9I3FSFkots9iCg",
    "thumbnailHeight": 149,
    "thumbnailWidth": 149
   }
  },
  {
   "kind": "customsearch#result",
   "title": "RESULTADO PRELIMINAR DE SELEÇÃO PARA DOCENTE DO CURSO DE ...",
   "htmlTitle": "RESULTADO PRELIMINAR DE SELEÇÃO PARA DOCENTE DO CURSO DE ...",
   "link": "x-raw-image:///690d1482371bbebfd58fb3cace49e4917f64b3315878d58818dd7dc930ecd18a",
   "displayLink": "www.sgc.goias.gov.br",
   "snippet": "RESULTADO PRELIMINAR DE SELEÇÃO PARA DOCENTE DO CURSO DE ...",
   "htmlSnippet": "RESULTADO PRELIMINAR DE SELEÇÃO PARA DOCENTE DO CURSO DE ...",
   "mime": "image/",
   "image": {
    "contextLink": "http://www.sgc.goias.gov.br/upload/arquivos/2019-06/resultado-preliminar-edital-08.pdf",
    "height": 221,
    "width": 648,
    "byteSize": 27305,
    "thumbnailLink": "https://encrypted-tbn0.gstatic.com/images?q=tbn:ANd9GcRY81DJ_M9nWTyI639jf6p66WfNP-_oa1jXZfLCUYWmUZAgganabb0OcKI",
    "thumbnailHeight": 47,
    "thumbnailWidth": 137
   }
  },
  {
   "kind": "customsearch#result",
   "title": "Odenir Moureira da Silva - Câmara Municipal de Acreúna",
   "htmlTitle": "\u003cb\u003eOdenir Moureira da Silva\u003c/b\u003e - Câmara Municipal de Acreúna",
   "link": "http://www.camaraacreuna.go.gov.br/res/midias/img/844ffb6eb83524f53cc20dd600a94011.png?x=0&y=0&w=1000&h=1000&mw=170&mh=170",
   "displayLink": "www.camaraacreuna.go.gov.br",
   "snippet": "Odenir Moureira da Silva - Câmara Municipal de Acreúna",
   "htmlSnippet": "\u003cb\u003eOdenir Moureira da Silva\u003c/b\u003e - Câmara Municipal de Acreúna",
   "mime": "image/png",
   "image": {
    "contextLink": "http://www.camaraacreuna.go.gov.br/pagina/151-odenir-moureira-da-silva",
    "height": 170,
    "width": 170,
    "byteSize": 61331,
    "thumbnailLink": "https://encrypted-tbn0.gstatic.com/images?q=tbn:ANd9GcTWu1AN97gp17CqSHlj_3RwhlZ_zSFOJ9nwXDQ8o3msLn5wzsq6eJCa-w",
    "thumbnailHeight": 99,
    "thumbnailWidth": 99
   }
  },
  {
   "kind": "customsearch#result",
   "title": "RESULTADO PRELIMINAR DA SELEÇÃO DE DISCENTES DO CURSO DE ...",
   "htmlTitle": "RESULTADO PRELIMINAR DA SELEÇÃO DE DISCENTES DO CURSO DE ...",
   "link": "x-raw-image:///38a671862deeb12f1dc2c29e1ecdd5e34bd270232b8f5ee944c7e824bb5cc740",
   "displayLink": "www.sgc.goias.gov.br",
   "snippet": "RESULTADO PRELIMINAR DA SELEÇÃO DE DISCENTES DO CURSO DE ...",
   "htmlSnippet": "RESULTADO PRELIMINAR DA SELEÇÃO DE DISCENTES DO CURSO DE ...",
   "mime": "image/",
   "image": {
    "contextLink": "http://www.sgc.goias.gov.br/upload/arquivos/2018-08/resultado-preliminar.pdf",
    "height": 152,
    "width": 1397,
    "byteSize": 41397,
    "thumbnailLink": "https://encrypted-tbn0.gstatic.com/images?q=tbn:ANd9GcSlQFR_KXhS89qrKRH4QQ6fbP41VNKB2bP4ehrq4nLecx1XgZBPiwfSCaVh",
    "thumbnailHeight": 16,
    "thumbnailWidth": 150
   }
  },
  {
   "kind": "customsearch#result",
   "title": "Diego Rodrigues da Silva Arantes - Câmara Municipal de Acreúna",
   "htmlTitle": "Diego Rodrigues da Silva Arantes - Câmara Municipal de Acreúna",
   "link": "http://camaraacreuna.go.gov.br/res/midias/img/e6d49ca436aff3e4e0908621bffa8df7.jpg",
   "displayLink": "www.camaraacreuna.go.gov.br",
   "snippet": "Diego Rodrigues da Silva Arantes - Câmara Municipal de Acreúna",
   "htmlSnippet": "Diego Rodrigues da Silva Arantes - Câmara Municipal de Acreúna",
   "mime": "image/jpeg",
   "image": {
    "contextLink": "http://www.camaraacreuna.go.gov.br/pagina/157-diego-rodrigues-da-silva-arantes",
    "height": 1000,
    "width": 666,
    "byteSize": 54824,
    "thumbnailLink": "https://encrypted-tbn0.gstatic.com/images?q=tbn:ANd9GcRzIdlaVV79wFuFCdVkhWFT4-dtF0gtdyiNxM5_lelfCe2wftb4c6ik5hk",
    "thumbnailHeight": 149,
    "thumbnailWidth": 99
   }
  },
  {
   "kind": "customsearch#result",
   "title": "RESULTADO PRELIMINAR DA SELEÇÃO DE DISCENTES DO CURSO DE ...",
   "htmlTitle": "RESULTADO PRELIMINAR DA SELEÇÃO DE DISCENTES DO CURSO DE ...",
   "link": "x-raw-image:///616c6c5a262398a8fe395261631b907407a3a38eb03d84f3e5683f2a7a90623f",
   "displayLink": "www.sgc.goias.gov.br",
   "snippet": "RESULTADO PRELIMINAR DA SELEÇÃO DE DISCENTES DO CURSO DE ...",
   "htmlSnippet": "RESULTADO PRELIMINAR DA SELEÇÃO DE DISCENTES DO CURSO DE ...",
   "mime": "image/",
   "image": {
    "contextLink": "http://www.sgc.goias.gov.br/upload/arquivos/2018-05/resultado_preliminar_edital_007_2018.pdf",
    "height": 133,
    "width": 1256,
    "byteSize": 52118,
    "thumbnailLink": "https://encrypted-tbn0.gstatic.com/images?q=tbn:ANd9GcSu3bcrz8esUBQPhZ7RjzTONDh1T8bOIU9cp7ZDd14Wr5d8h01s74mdmPtw",
    "thumbnailHeight": 16,
    "thumbnailWidth": 150
   }
  }
 ]
}
