{
 "kind": "customsearch#search",
 "url": {
  "type": "application/json",
  "template": "https://www.googleapis.com/customsearch/v1?q={searchTerms}&num={count?}&start={startIndex?}&lr={language?}&safe={safe?}&cx={cx?}&sort={sort?}&filter={filter?}&gl={gl?}&cr={cr?}&googlehost={googleHost?}&c2coff={disableCnTwTranslation?}&hq={hq?}&hl={hl?}&siteSearch={siteSearch?}&siteSearchFilter={siteSearchFilter?}&exactTerms={exactTerms?}&excludeTerms={excludeTerms?}&linkSite={linkSite?}&orTerms={orTerms?}&relatedSite={relatedSite?}&dateRestrict={dateRestrict?}&lowRange={lowRange?}&highRange={highRange?}&searchType={searchType}&fileType={fileType?}&rights={rights?}&imgSize={imgSize?}&imgType={imgType?}&imgColorType={imgColorType?}&imgDominantColor={imgDominantColor?}&alt=json"
 },
 "queries": {
  "request": [
   {
    "title": "Google Custom Search - \"OSMARILDO ALVES DE SOUSA\"",
    "totalResults": "1140",
    "searchTerms": "\"OSMARILDO ALVES DE SOUSA\"",
    "count": 10,
    "startIndex": 1,
    "inputEncoding": "utf8",
    "outputEncoding": "utf8",
    "safe": "off",
    "cx": "014097292584411445814:sh5uhwve2ei",
    "searchType": "image"
   }
  ],
  "nextPage": [
   {
    "title": "Google Custom Search - \"OSMARILDO ALVES DE SOUSA\"",
    "totalResults": "1140",
    "searchTerms": "\"OSMARILDO ALVES DE SOUSA\"",
    "count": 10,
    "startIndex": 11,
    "inputEncoding": "utf8",
    "outputEncoding": "utf8",
    "safe": "off",
    "cx": "014097292584411445814:sh5uhwve2ei",
    "searchType": "image"
   }
  ]
 },
 "context": {
  "title": "Eleitos"
 },
 "searchInformation": {
  "searchTime": 0.32703,
  "formattedSearchTime": "0.33",
  "totalResults": "1140",
  "formattedTotalResults": "1,140"
 },
 "spelling": {
  "correctedQuery": "\"AMARILDO ALVES DE SOUSA\"",
  "htmlCorrectedQuery": "&quot;\u003cb\u003e\u003ci\u003eAMARILDO\u003c/i\u003e\u003c/b\u003e ALVES DE SOUSA&quot;"
 },
 "items": [
  {
   "kind": "customsearch#result",
   "title": "Scanned Document",
   "htmlTitle": "Scanned Document",
   "link": "x-raw-image:///43f396bd2d8f38f0c4a23e7989fddb6382945134719895a2f33e23289cb891a8",
   "displayLink": "www.sema.df.gov.br",
   "snippet": "Scanned Document",
   "htmlSnippet": "Scanned Document",
   "mime": "image/",
   "image": {
    "contextLink": "http://www.sema.df.gov.br/wp-conteudo/uploads/2019/05/SEI_00393_00001835_2018_75-Prefeitura-Aguas-Lindas.pdf",
    "height": 1754,
    "width": 1240,
    "byteSize": 265963,
    "thumbnailLink": "https://encrypted-tbn0.gstatic.com/images?q=tbn:ANd9GcQHi0spmAIFNwAeG8LdyJRaJLgQlMTowgW1BvGmA3Tf46nbE99N6iYuv7_P",
    "thumbnailHeight": 150,
    "thumbnailWidth": 106
   }
  },
  {
   "kind": "customsearch#result",
   "title": "Estado e municípios fazem pacto pela educação infantil ...",
   "htmlTitle": "Estado e municípios fazem pacto pela educação infantil ...",
   "link": "http://site.seduce.go.gov.br/wp-content/uploads/2017/02/Goi%C3%A1s-mais-competitivo.jpg",
   "displayLink": "site.seduce.go.gov.br",
   "snippet": "Estado e municípios fazem pacto pela educação infantil ...",
   "htmlSnippet": "Estado e municípios fazem pacto pela educação infantil ...",
   "mime": "image/jpeg",
   "image": {
    "contextLink": "https://site.seduce.go.gov.br/educacao/estado-e-municipios-fazem-pacto-pela-educacao-infantil/",
    "height": 270,
    "width": 502,
    "byteSize": 59157,
    "thumbnailLink": "https://encrypted-tbn0.gstatic.com/images?q=tbn:ANd9GcQC-hnYmasLblFh_V33wI3mdKMjZyO4SeKmQHD5dMkloUJgRZgNL-iC1S-z",
    "thumbnailHeight": 70,
    "thumbnailWidth": 130
   }
  },
  {
   "kind": "customsearch#result",
   "title": "Untitled",
   "htmlTitle": "Untitled",
   "link": "x-raw-image:///f56e00392f1bca2dbbecc1be32bb796a9ddf50c0d47e3774e21abed3d1efb829",
   "displayLink": "aguaslindasdegoias.go.gov.br",
   "snippet": "Untitled",
   "htmlSnippet": "Untitled",
   "mime": "image/",
   "image": {
    "contextLink": "http://aguaslindasdegoias.go.gov.br/wp-content/uploads/2019/01/Lei_Municipal_1.374-ALTERA-LDO2019.pdf",
    "height": 2200,
    "width": 1700,
    "byteSize": 948202,
    "thumbnailLink": "https://encrypted-tbn0.gstatic.com/images?q=tbn:ANd9GcT-IEYRJkYgS5SSNndW9SZsNnxlzVESJ1-AKgUlzBA2QJlUmAHmYv3o6TY",
    "thumbnailHeight": 150,
    "thumbnailWidth": 116
   }
  },
  {
   "kind": "customsearch#result",
   "title": "Hildo do Candango 45 PSDB (Prefeito) Águas Lindas de Goiás - Guia ...",
   "htmlTitle": "Hildo do Candango 45 PSDB (Prefeito) Águas Lindas de Goiás - Guia ...",
   "link": "https://gazetadopovo-candidatos-2016.s3.amazonaws.com/fotos/santinhos/go/aguas-lindas-de-goias/santinho-prefeito-hildo-do-candango-45-aguas-lindas-de-goias-go.jpg",
   "displayLink": "especiais.gazetadopovo.com.br",
   "snippet": "Hildo do Candango 45 PSDB (Prefeito) Águas Lindas de Goiás - Guia ...",
   "htmlSnippet": "Hildo do Candango 45 PSDB (Prefeito) Águas Lindas de Goiás - Guia ...",
   "mime": "image/jpeg",
   "image": {
    "contextLink": "https://especiais.gazetadopovo.com.br/eleicoes/2016/aguas-lindas-de-goias-go/prefeito/hildo-do-candango-45/",
    "height": 339,
    "width": 646,
    "byteSize": 18063,
    "thumbnailLink": "https://encrypted-tbn0.gstatic.com/images?q=tbn:ANd9GcSDoZkq0kIQ629hwDg4EwA9IJV-ULkZqrm1PZBjtMOCGF_63jIr9b934MI",
    "thumbnailHeight": 72,
    "thumbnailWidth": 137
   }
  },
  {
   "kind": "customsearch#result",
   "title": "Autos nº: 119.817/2016 Assunto: Representação Eleitoral ...",
   "htmlTitle": "Autos nº: 119.817/2016 Assunto: Representação Eleitoral ...",
   "link": "x-raw-image:///3f1fa13fc8e50d106729154a0ee6243dab7effc105510fb696b729bd14a8487c",
   "displayLink": "apps.tre-go.gov.br",
   "snippet": "Autos nº: 119.817/2016 Assunto: Representação Eleitoral ...",
   "htmlSnippet": "Autos nº: 119.817/2016 Assunto: Representação Eleitoral ...",
   "mime": "image/",
   "image": {
    "contextLink": "http://apps.tre-go.gov.br/mural-eletronico/doc/sentenca_73850",
    "height": 3430,
    "width": 2600,
    "byteSize": 2446583,
    "thumbnailLink": "https://encrypted-tbn0.gstatic.com/images?q=tbn:ANd9GcQ0TGbtcWXAralDCq1fnVoP7dw4nUqIbaL98i6im8OUu3H_kpfLSP0XLfM",
    "thumbnailHeight": 150,
    "thumbnailWidth": 114
   }
  },
  {
   "kind": "customsearch#result",
   "title": "Prefeitura de Águas Lindas de Goiás e FNDE inauguram nova creche ...",
   "htmlTitle": "Prefeitura de Águas Lindas de Goiás e FNDE inauguram nova creche ...",
   "link": "https://www.fnde.gov.br/images/phocagallery/Comunicacao/Noticias/Programas/Proinfancia/20150818_placa.jpg",
   "displayLink": "www.fnde.gov.br",
   "snippet": "Prefeitura de Águas Lindas de Goiás e FNDE inauguram nova creche ...",
   "htmlSnippet": "Prefeitura de Águas Lindas de Goiás e FNDE inauguram nova creche ...",
   "mime": "image/jpeg",
   "image": {
    "contextLink": "https://www.fnde.gov.br/index.php/acesso-a-informacao/institucional/area-de-imprensa/noticias/item/7051-prefeitura-de-%C3%A1guas-lindas-de-goi%C3%A1s-e-fnde-inauguram-nova-creche",
    "height": 747,
    "width": 1328,
    "byteSize": 152937,
    "thumbnailLink": "https://encrypted-tbn0.gstatic.com/images?q=tbn:ANd9GcQEcfNTfIpevUjtYeqNdn0AZC4J0PRR_27t1UH2h-ifblb8tqIDTE-lXAQ",
    "thumbnailHeight": 84,
    "thumbnailWidth": 150
   }
  },
  {
   "kind": "customsearch#result",
   "title": "Untitled",
   "htmlTitle": "Untitled",
   "link": "x-raw-image:///7045bcd947bdb160bd8288faf03a473e3685b240ebc368beb925e47ca24cf217",
   "displayLink": "aguaslindasdegoias.go.gov.br",
   "snippet": "Untitled",
   "htmlSnippet": "Untitled",
   "mime": "image/",
   "image": {
    "contextLink": "http://aguaslindasdegoias.go.gov.br/wp-content/uploads/2018/12/201812211126.pdf",
    "height": 4400,
    "width": 3400,
    "byteSize": 2697260,
    "thumbnailLink": "https://encrypted-tbn0.gstatic.com/images?q=tbn:ANd9GcSBOUlmGhPKRrqG74s0lXA92Jfl6-pAMyG1rkerFm6tM_0V2l5BBv6DVLA",
    "thumbnailHeight": 150,
    "thumbnailWidth": 116
   }
  },
  {
   "kind": "customsearch#result",
   "title": "Hildo do Candango 45 PSDB (Prefeito) Águas Lindas de Goiás - Guia ...",
   "htmlTitle": "Hildo do Candango 45 PSDB (Prefeito) Águas Lindas de Goiás - Guia ...",
   "link": "https://gazetadopovo-candidatos-2016.s3.amazonaws.com/fotos/go/aguas-lindas-de-goias/maria-da-feira-45100.jpg",
   "displayLink": "especiais.gazetadopovo.com.br",
   "snippet": "Hildo do Candango 45 PSDB (Prefeito) Águas Lindas de Goiás - Guia ...",
   "htmlSnippet": "Hildo do Candango 45 PSDB (Prefeito) Águas Lindas de Goiás - Guia ...",
   "mime": "image/jpeg",
   "image": {
    "contextLink": "https://especiais.gazetadopovo.com.br/eleicoes/2016/aguas-lindas-de-goias-go/prefeito/hildo-do-candango-45/",
    "height": 225,
    "width": 161,
    "byteSize": 6164,
    "thumbnailLink": "https://encrypted-tbn0.gstatic.com/images?q=tbn:ANd9GcSd59Jnltvsj-Aqv6u5ISMJ5_j3W-L-5d2lWbms2wcmV9RdjpE53n8MKZI",
    "thumbnailHeight": 108,
    "thumbnailWidth": 77
   }
  },
  {
   "kind": "customsearch#result",
   "title": "Untitled",
   "htmlTitle": "Untitled",
   "link": "x-raw-image:///e854b1ff6a90d2233dfb74e7fef55825a82475520d18006e28c306e7bbded803",
   "displayLink": "aguaslindasdegoias.go.gov.br",
   "snippet": "Untitled",
   "htmlSnippet": "Untitled",
   "mime": "image/",
   "image": {
    "contextLink": "http://aguaslindasdegoias.go.gov.br/wp-content/uploads/2016/12/LEI-MUNICIPAL-1276-2016.pdf",
    "height": 2340,
    "width": 1654,
    "byteSize": 912579,
    "thumbnailLink": "https://encrypted-tbn0.gstatic.com/images?q=tbn:ANd9GcS2meUic3wZNBvZ7IFwU2f3cXztx32at6crxqfc7d3VjqSSdoBYHG372MS7",
    "thumbnailHeight": 150,
    "thumbnailWidth": 106
   }
  },
  {
   "kind": "customsearch#result",
   "title": "Hildo do Candango 45 PSDB (Prefeito) Águas Lindas de Goiás - Guia ...",
   "htmlTitle": "Hildo do Candango 45 PSDB (Prefeito) Águas Lindas de Goiás - Guia ...",
   "link": "https://gazetadopovo-candidatos-2016.s3.amazonaws.com/fotos/go/aguas-lindas-de-goias/katatau-45678.jpg",
   "displayLink": "especiais.gazetadopovo.com.br",
   "snippet": "Hildo do Candango 45 PSDB (Prefeito) Águas Lindas de Goiás - Guia ...",
   "htmlSnippet": "Hildo do Candango 45 PSDB (Prefeito) Águas Lindas de Goiás - Guia ...",
   "mime": "image/jpeg",
   "image": {
    "contextLink": "https://especiais.gazetadopovo.com.br/eleicoes/2016/aguas-lindas-de-goias-go/prefeito/hildo-do-candango-45/",
    "height": 225,
    "width": 161,
    "byteSize": 4327,
    "thumbnailLink": "https://encrypted-tbn0.gstatic.com/images?q=tbn:ANd9GcR2hsiuvspj_IYigmokZllT2kNoJP7CT_5intU4K4bRti3Iicv6dmAKj8o",
    "thumbnailHeight": 108,
    "thumbnailWidth": 77
   }
  }
 ]
}
