{
 "kind": "customsearch#search",
 "url": {
  "type": "application/json",
  "template": "https://www.googleapis.com/customsearch/v1?q={searchTerms}&num={count?}&start={startIndex?}&lr={language?}&safe={safe?}&cx={cx?}&sort={sort?}&filter={filter?}&gl={gl?}&cr={cr?}&googlehost={googleHost?}&c2coff={disableCnTwTranslation?}&hq={hq?}&hl={hl?}&siteSearch={siteSearch?}&siteSearchFilter={siteSearchFilter?}&exactTerms={exactTerms?}&excludeTerms={excludeTerms?}&linkSite={linkSite?}&orTerms={orTerms?}&relatedSite={relatedSite?}&dateRestrict={dateRestrict?}&lowRange={lowRange?}&highRange={highRange?}&searchType={searchType}&fileType={fileType?}&rights={rights?}&imgSize={imgSize?}&imgType={imgType?}&imgColorType={imgColorType?}&imgDominantColor={imgDominantColor?}&alt=json"
 },
 "queries": {
  "request": [
   {
    "title": "Google Custom Search - \"PABLO BORBA FERREIRA\"",
    "totalResults": "106",
    "searchTerms": "\"PABLO BORBA FERREIRA\"",
    "count": 10,
    "startIndex": 1,
    "inputEncoding": "utf8",
    "outputEncoding": "utf8",
    "safe": "off",
    "cx": "014097292584411445814:sh5uhwve2ei",
    "searchType": "image"
   }
  ],
  "nextPage": [
   {
    "title": "Google Custom Search - \"PABLO BORBA FERREIRA\"",
    "totalResults": "106",
    "searchTerms": "\"PABLO BORBA FERREIRA\"",
    "count": 10,
    "startIndex": 11,
    "inputEncoding": "utf8",
    "outputEncoding": "utf8",
    "safe": "off",
    "cx": "014097292584411445814:sh5uhwve2ei",
    "searchType": "image"
   }
  ]
 },
 "context": {
  "title": "Eleitos"
 },
 "searchInformation": {
  "searchTime": 0.117401,
  "formattedSearchTime": "0.12",
  "totalResults": "106",
  "formattedTotalResults": "106"
 },
 "items": [
  {
   "kind": "customsearch#result",
   "title": "Pablo Borba 14620 PTB (Vereador) Acreúna - Guia Eleições 2016",
   "htmlTitle": "Pablo Borba 14620 PTB (Vereador) Acreúna - Guia Eleições 2016",
   "link": "https://gazetadopovo-candidatos-2016.s3.amazonaws.com/fotos/santinhos/go/acreuna/santinho-vereador-pablo-borba-14620-acreuna-go.jpg",
   "displayLink": "especiais.gazetadopovo.com.br",
   "snippet": "Pablo Borba 14620 PTB (Vereador) Acreúna - Guia Eleições 2016",
   "htmlSnippet": "Pablo Borba 14620 PTB (Vereador) Acreúna - Guia Eleições 2016",
   "mime": "image/jpeg",
   "image": {
    "contextLink": "https://especiais.gazetadopovo.com.br/eleicoes/2016/acreuna-go/vereador/pablo-borba-14620/",
    "height": 339,
    "width": 646,
    "byteSize": 18305,
    "thumbnailLink": "https://encrypted-tbn0.gstatic.com/images?q=tbn:ANd9GcSAAVMnR00Q8S7_Pg1fjNDBS2uL4s3P2xbWGmpAu-WPuWXHfREni2JpK4Q-",
    "thumbnailHeight": 72,
    "thumbnailWidth": 137
   }
  },
  {
   "kind": "customsearch#result",
   "title": "Untitled",
   "htmlTitle": "Untitled",
   "link": "x-raw-image:///4d98fb55c3427ab16cbfc0f2a673bcb082a02b1e85c526ae471831df960aec09",
   "displayLink": "mineiros.go.gov.br",
   "snippet": "Untitled",
   "htmlSnippet": "Untitled",
   "mime": "image/",
   "image": {
    "contextLink": "http://mineiros.go.gov.br/arquivos/mineiros_go_gov_br_20180424113819.pdf",
    "height": 1139,
    "width": 816,
    "byteSize": 317579,
    "thumbnailLink": "https://encrypted-tbn0.gstatic.com/images?q=tbn:ANd9GcRerp-4dEStLzlSODehLeCIXaHJu88ZmCQX0pMALZ-7DYECsf6AIzlUSSuw",
    "thumbnailHeight": 150,
    "thumbnailWidth": 107
   }
  },
  {
   "kind": "customsearch#result",
   "title": "Pablo Borba 14620 PTB (Vereador) Acreúna - Guia Eleições 2016",
   "htmlTitle": "Pablo Borba 14620 PTB (Vereador) Acreúna - Guia Eleições 2016",
   "link": "https://gazetadopovo-candidatos-2016.s3.amazonaws.com/fotos/go/acreuna/pablo-borba-14620.jpg",
   "displayLink": "especiais.gazetadopovo.com.br",
   "snippet": "Pablo Borba 14620 PTB (Vereador) Acreúna - Guia Eleições 2016",
   "htmlSnippet": "Pablo Borba 14620 PTB (Vereador) Acreúna - Guia Eleições 2016",
   "mime": "image/jpeg",
   "image": {
    "contextLink": "https://especiais.gazetadopovo.com.br/eleicoes/2016/acreuna-go/vereador/pablo-borba-14620/",
    "height": 225,
    "width": 161,
    "byteSize": 4457,
    "thumbnailLink": "https://encrypted-tbn0.gstatic.com/images?q=tbn:ANd9GcRbwHQ44Ls4-4k6y0EbpYqy5sCT26giColHF9Z4JUlFv-3M_VjtiJLz-iA",
    "thumbnailHeight": 108,
    "thumbnailWidth": 77
   }
  },
  {
   "kind": "customsearch#result",
   "title": "Pablo Borba Ferreira - Câmara Municipal de Acreúna",
   "htmlTitle": "\u003cb\u003ePablo Borba Ferreira\u003c/b\u003e - Câmara Municipal de Acreúna",
   "link": "http://www.camaraacreuna.go.gov.br/res/midias/img/3a0c0ecd13f17d9509f4ee1e08fd9d0a.jpg?x=NaN&y=0&w=NaN&h=0&mw=83&mh=62",
   "displayLink": "www.camaraacreuna.go.gov.br",
   "snippet": "Pablo Borba Ferreira - Câmara Municipal de Acreúna",
   "htmlSnippet": "\u003cb\u003ePablo Borba Ferreira\u003c/b\u003e - Câmara Municipal de Acreúna",
   "mime": "image/jpeg",
   "image": {
    "contextLink": "http://www.camaraacreuna.go.gov.br/pagina/152-pablo-borba-ferreira",
    "height": 750,
    "width": 1000,
    "byteSize": 37332,
    "thumbnailLink": "https://encrypted-tbn0.gstatic.com/images?q=tbn:ANd9GcScnmeC1KZKNz6fTxErRax3ScShanmoMHx_5sTgSNFP2hyoUDDZgqorUZo",
    "thumbnailHeight": 112,
    "thumbnailWidth": 149
   }
  },
  {
   "kind": "customsearch#result",
   "title": "Pablo Borba 14620 PTB (Vereador) Acreúna - Guia Eleições 2016",
   "htmlTitle": "Pablo Borba 14620 PTB (Vereador) Acreúna - Guia Eleições 2016",
   "link": "https://gazetadopovo-candidatos-2016.s3.amazonaws.com/fotos/go/acreuna/wilian-wika-14567.jpg",
   "displayLink": "especiais.gazetadopovo.com.br",
   "snippet": "Pablo Borba 14620 PTB (Vereador) Acreúna - Guia Eleições 2016",
   "htmlSnippet": "Pablo Borba 14620 PTB (Vereador) Acreúna - Guia Eleições 2016",
   "mime": "image/jpeg",
   "image": {
    "contextLink": "https://especiais.gazetadopovo.com.br/eleicoes/2016/acreuna-go/vereador/pablo-borba-14620/",
    "height": 225,
    "width": 161,
    "byteSize": 6013,
    "thumbnailLink": "https://encrypted-tbn0.gstatic.com/images?q=tbn:ANd9GcRZ1uTPDh76_1Og0jyHrNH7WRq8o3MUleBOpEmxMBhp_0LhIf2s8KrrRUs",
    "thumbnailHeight": 108,
    "thumbnailWidth": 77
   }
  },
  {
   "kind": "customsearch#result",
   "title": "Pablo Borba Ferreira - Câmara Municipal de Acreúna",
   "htmlTitle": "\u003cb\u003ePablo Borba Ferreira\u003c/b\u003e - Câmara Municipal de Acreúna",
   "link": "http://www.camaraacreuna.go.gov.br/res/midias/img/844ffb6eb83524f53cc20dd600a94011.png?x=0&y=0&w=1000&h=1000",
   "displayLink": "www.camaraacreuna.go.gov.br",
   "snippet": "Pablo Borba Ferreira - Câmara Municipal de Acreúna",
   "htmlSnippet": "\u003cb\u003ePablo Borba Ferreira\u003c/b\u003e - Câmara Municipal de Acreúna",
   "mime": "image/png",
   "image": {
    "contextLink": "http://www.camaraacreuna.go.gov.br/pagina/152-pablo-borba-ferreira",
    "height": 1000,
    "width": 1000,
    "byteSize": 281917,
    "thumbnailLink": "https://encrypted-tbn0.gstatic.com/images?q=tbn:ANd9GcQbTXgmsasLZvkR2fT7YtWCXgGSlxFeg0C3VF3HXwYleKLS9I3FSFkots9iCg",
    "thumbnailHeight": 149,
    "thumbnailWidth": 149
   }
  },
  {
   "kind": "customsearch#result",
   "title": "Pablo Borba 14620 PTB (Vereador) Acreúna - Guia Eleições 2016",
   "htmlTitle": "Pablo Borba 14620 PTB (Vereador) Acreúna - Guia Eleições 2016",
   "link": "https://gazetadopovo-candidatos-2016.s3.amazonaws.com/fotos/go/acreuna/lucimar-14700.jpg",
   "displayLink": "especiais.gazetadopovo.com.br",
   "snippet": "Pablo Borba 14620 PTB (Vereador) Acreúna - Guia Eleições 2016",
   "htmlSnippet": "Pablo Borba 14620 PTB (Vereador) Acreúna - Guia Eleições 2016",
   "mime": "image/jpeg",
   "image": {
    "contextLink": "https://especiais.gazetadopovo.com.br/eleicoes/2016/acreuna-go/vereador/pablo-borba-14620/",
    "height": 225,
    "width": 161,
    "byteSize": 4167,
    "thumbnailLink": "https://encrypted-tbn0.gstatic.com/images?q=tbn:ANd9GcQ1NZXoVOhy1uAkLvMhRuv8qSz-1MHrsuKD_SGy1iqw6bGd1XgIqUr9nA",
    "thumbnailHeight": 108,
    "thumbnailWidth": 77
   }
  },
  {
   "kind": "customsearch#result",
   "title": "Lígia Ferreira de Oliveira - Câmara Municipal de Acreúna",
   "htmlTitle": "Lígia Ferreira de Oliveira - Câmara Municipal de Acreúna",
   "link": "http://camaraacreuna.go.gov.br/res/midias/img/a5ed70361b8e2f7cb4c0280846519967.jpg",
   "displayLink": "www.camaraacreuna.go.gov.br",
   "snippet": "Lígia Ferreira de Oliveira - Câmara Municipal de Acreúna",
   "htmlSnippet": "Lígia Ferreira de Oliveira - Câmara Municipal de Acreúna",
   "mime": "image/jpeg",
   "image": {
    "contextLink": "http://www.camaraacreuna.go.gov.br/pagina/148-ligia-ferreira-de-oliveira",
    "height": 1000,
    "width": 666,
    "byteSize": 81457,
    "thumbnailLink": "https://encrypted-tbn0.gstatic.com/images?q=tbn:ANd9GcQyHox4f-suxb-jEMEsh5BJ8aCjzuhaUMpaOrw-05Ur4veWZEcPF4Uqdho",
    "thumbnailHeight": 149,
    "thumbnailWidth": 99
   }
  },
  {
   "kind": "customsearch#result",
   "title": "Pablo Borba 14620 PTB (Vereador) Acreúna - Guia Eleições 2016",
   "htmlTitle": "Pablo Borba 14620 PTB (Vereador) Acreúna - Guia Eleições 2016",
   "link": "https://gazetadopovo-candidatos-2016.s3.amazonaws.com/fotos/go/acreuna/fabiana-14300.jpg",
   "displayLink": "especiais.gazetadopovo.com.br",
   "snippet": "Pablo Borba 14620 PTB (Vereador) Acreúna - Guia Eleições 2016",
   "htmlSnippet": "Pablo Borba 14620 PTB (Vereador) Acreúna - Guia Eleições 2016",
   "mime": "image/jpeg",
   "image": {
    "contextLink": "https://especiais.gazetadopovo.com.br/eleicoes/2016/acreuna-go/vereador/pablo-borba-14620/",
    "height": 225,
    "width": 161,
    "byteSize": 5744,
    "thumbnailLink": "https://encrypted-tbn0.gstatic.com/images?q=tbn:ANd9GcQRDE8cOkvvyzd0szm5G2e-6n8ejjjNUOSNek-x3GtgZNt2qyAoeyF0PvU",
    "thumbnailHeight": 108,
    "thumbnailWidth": 77
   }
  },
  {
   "kind": "customsearch#result",
   "title": "Untitled",
   "htmlTitle": "Untitled",
   "link": "x-raw-image:///fc560812f0db684bbbc4976293438419e09bf6f46cb0d9546db86dc3d4bbf40d",
   "displayLink": "www.mineiros.go.gov.br",
   "snippet": "Untitled",
   "htmlSnippet": "Untitled",
   "mime": "image/",
   "image": {
    "contextLink": "http://www.mineiros.go.gov.br/arquivos/mineiros_go_gov_br_20180424113819.pdf",
    "height": 1141,
    "width": 816,
    "byteSize": 1010303,
    "thumbnailLink": "https://encrypted-tbn0.gstatic.com/images?q=tbn:ANd9GcSa7Gg-BByob9DKkpzlyr7nn9slO5pUbcQ0kss1WnrRxa7HshbHp7685wQ",
    "thumbnailHeight": 150,
    "thumbnailWidth": 107
   }
  }
 ]
}
