{
 "kind": "customsearch#search",
 "url": {
  "type": "application/json",
  "template": "https://www.googleapis.com/customsearch/v1?q={searchTerms}&num={count?}&start={startIndex?}&lr={language?}&safe={safe?}&cx={cx?}&sort={sort?}&filter={filter?}&gl={gl?}&cr={cr?}&googlehost={googleHost?}&c2coff={disableCnTwTranslation?}&hq={hq?}&hl={hl?}&siteSearch={siteSearch?}&siteSearchFilter={siteSearchFilter?}&exactTerms={exactTerms?}&excludeTerms={excludeTerms?}&linkSite={linkSite?}&orTerms={orTerms?}&relatedSite={relatedSite?}&dateRestrict={dateRestrict?}&lowRange={lowRange?}&highRange={highRange?}&searchType={searchType}&fileType={fileType?}&rights={rights?}&imgSize={imgSize?}&imgType={imgType?}&imgColorType={imgColorType?}&imgDominantColor={imgDominantColor?}&alt=json"
 },
 "queries": {
  "request": [
   {
    "title": "Google Custom Search - \"RENNAN CLAUDINO MARINHO\"",
    "totalResults": "6",
    "searchTerms": "\"RENNAN CLAUDINO MARINHO\"",
    "count": 6,
    "startIndex": 1,
    "inputEncoding": "utf8",
    "outputEncoding": "utf8",
    "safe": "off",
    "cx": "014097292584411445814:sh5uhwve2ei",
    "searchType": "image"
   }
  ]
 },
 "context": {
  "title": "Eleitos"
 },
 "searchInformation": {
  "searchTime": 0.309519,
  "formattedSearchTime": "0.31",
  "totalResults": "6",
  "formattedTotalResults": "6"
 },
 "items": [
  {
   "kind": "customsearch#result",
   "title": "title | Gazeta do Povo",
   "htmlTitle": "title | Gazeta do Povo",
   "link": "https://gazetadopovo-candidatos-2016.s3.amazonaws.com/fotos/santinhos/go/abadia-de-goias/santinho-vereador-rennan-23580-abadia-de-goias-go.jpg",
   "displayLink": "especiais.gazetadopovo.com.br",
   "snippet": "title | Gazeta do Povo",
   "htmlSnippet": "title | Gazeta do Povo",
   "mime": "image/jpeg",
   "image": {
    "contextLink": "https://especiais.gazetadopovo.com.br/eleicoes/2016/abadia-de-goias-go/vereador/rennan-23580/",
    "height": 339,
    "width": 646,
    "byteSize": 17654,
    "thumbnailLink": "https://encrypted-tbn0.gstatic.com/images?q=tbn:ANd9GcRnviN0PYRlMVk3BM429ZGZDuRDunr2_4XRB9JDeRj4eMRjpM2_m_9Naa43",
    "thumbnailHeight": 72,
    "thumbnailWidth": 137
   }
  },
  {
   "kind": "customsearch#result",
   "title": "Criado pela Lei nº 1.552, de 21/08/1959. Versão digital instituída ...",
   "htmlTitle": "Criado pela Lei nº 1.552, de 21/08/1959. Versão digital instituída ...",
   "link": "x-raw-image:///9278e44778866ccc74025079786f1345914a11ba0360519063fb61bf8c9d8da0",
   "displayLink": "www.goiania.go.gov.br",
   "snippet": "Criado pela Lei nº 1.552, de 21/08/1959. Versão digital instituída ...",
   "htmlSnippet": "Criado pela Lei nº 1.552, de 21/08/1959. Versão digital instituída ...",
   "mime": "image/",
   "image": {
    "contextLink": "http://www.goiania.go.gov.br/download/legislacao/diariooficial/2016/do_20160219_000006268.pdf",
    "height": 581,
    "width": 1653,
    "byteSize": 42306,
    "thumbnailLink": "https://encrypted-tbn0.gstatic.com/images?q=tbn:ANd9GcRHio5EWWaCyNIwEKp-p2WLiqHLS2gNS9CHBLMajxvpXIm3ka6-PO8FMOPy",
    "thumbnailHeight": 53,
    "thumbnailWidth": 150
   }
  },
  {
   "kind": "customsearch#result",
   "title": "title | Gazeta do Povo",
   "htmlTitle": "title | Gazeta do Povo",
   "link": "https://gazetadopovo-candidatos-2016.s3.amazonaws.com/fotos/go/abadia-de-goias/rennan-23580.jpg",
   "displayLink": "especiais.gazetadopovo.com.br",
   "snippet": "title | Gazeta do Povo",
   "htmlSnippet": "title | Gazeta do Povo",
   "mime": "image/jpeg",
   "image": {
    "contextLink": "https://especiais.gazetadopovo.com.br/eleicoes/2016/abadia-de-goias-go/vereador/rennan-23580/",
    "height": 225,
    "width": 161,
    "byteSize": 4000,
    "thumbnailLink": "https://encrypted-tbn0.gstatic.com/images?q=tbn:ANd9GcS50YSEciuuVAbZC7oLhhsGoIZOseB5j1exjxpnHZIENPPpkifoY3IhlUM",
    "thumbnailHeight": 108,
    "thumbnailWidth": 77
   }
  },
  {
   "kind": "customsearch#result",
   "title": "Criado pela Lei nº 1.552, de 21/08/1959. Versão digital instituída ...",
   "htmlTitle": "Criado pela Lei nº 1.552, de 21/08/1959. Versão digital instituída ...",
   "link": "x-raw-image:///f996d4e6d81c83e9fe30af50299d2aed8b3d105498436a3cbcc9f43b5e77b7c4",
   "displayLink": "www.goiania.go.gov.br",
   "snippet": "Criado pela Lei nº 1.552, de 21/08/1959. Versão digital instituída ...",
   "htmlSnippet": "Criado pela Lei nº 1.552, de 21/08/1959. Versão digital instituída ...",
   "mime": "image/",
   "image": {
    "contextLink": "http://www.goiania.go.gov.br/download/legislacao/diariooficial/2016/do_20160219_000006268.pdf",
    "height": 580,
    "width": 1653,
    "byteSize": 11492,
    "thumbnailLink": "https://encrypted-tbn0.gstatic.com/images?q=tbn:ANd9GcQiS3d6BS4Z5Ry9qXBbIqrqs9eALwsBSVh311J02VzEhxi97GJQ5DXdGn4",
    "thumbnailHeight": 53,
    "thumbnailWidth": 150
   }
  },
  {
   "kind": "customsearch#result",
   "title": "Criado pela Lei nº 1.552, de 21/08/1959. Versão digital instituída ...",
   "htmlTitle": "Criado pela Lei nº 1.552, de 21/08/1959. Versão digital instituída ...",
   "link": "x-raw-image:///99e2e3e416265cd4e1f09de5cda89a37f609e14d4ddac954c6a7438dd792c00d",
   "displayLink": "www.goiania.go.gov.br",
   "snippet": "Criado pela Lei nº 1.552, de 21/08/1959. Versão digital instituída ...",
   "htmlSnippet": "Criado pela Lei nº 1.552, de 21/08/1959. Versão digital instituída ...",
   "mime": "image/",
   "image": {
    "contextLink": "http://www.goiania.go.gov.br/download/legislacao/diariooficial/2016/do_20160219_000006268.pdf",
    "height": 444,
    "width": 173,
    "byteSize": 9000,
    "thumbnailLink": "https://encrypted-tbn0.gstatic.com/images?q=tbn:ANd9GcTKKPXrczRFccIYN55xuE0_8ZHW8X4MUb0fAGXi6AcFayEUT8vWgsD2BA",
    "thumbnailHeight": 127,
    "thumbnailWidth": 49
   }
  },
  {
   "kind": "customsearch#result",
   "title": "Criado pela Lei nº 1.552, de 21/08/1959. Versão digital instituída ...",
   "htmlTitle": "Criado pela Lei nº 1.552, de 21/08/1959. Versão digital instituída ...",
   "link": "x-raw-image:///21ab59bf5f94f8b4d1e04f3a849039cb3c3bac3071e7957c1772658a65427564",
   "displayLink": "www.goiania.go.gov.br",
   "snippet": "Criado pela Lei nº 1.552, de 21/08/1959. Versão digital instituída ...",
   "htmlSnippet": "Criado pela Lei nº 1.552, de 21/08/1959. Versão digital instituída ...",
   "mime": "image/",
   "image": {
    "contextLink": "http://www.goiania.go.gov.br/download/legislacao/diariooficial/2016/do_20160219_000006268.pdf",
    "height": 443,
    "width": 173,
    "byteSize": 8446,
    "thumbnailLink": "https://encrypted-tbn0.gstatic.com/images?q=tbn:ANd9GcTcX4ldtccRV2KTldCW_33Mkia32xGZYKzpAogLEIe2avDuWe8OJkA8fw",
    "thumbnailHeight": 127,
    "thumbnailWidth": 50
   }
  }
 ]
}
