{
 "kind": "customsearch#search",
 "url": {
  "type": "application/json",
  "template": "https://www.googleapis.com/customsearch/v1?q={searchTerms}&num={count?}&start={startIndex?}&lr={language?}&safe={safe?}&cx={cx?}&sort={sort?}&filter={filter?}&gl={gl?}&cr={cr?}&googlehost={googleHost?}&c2coff={disableCnTwTranslation?}&hq={hq?}&hl={hl?}&siteSearch={siteSearch?}&siteSearchFilter={siteSearchFilter?}&exactTerms={exactTerms?}&excludeTerms={excludeTerms?}&linkSite={linkSite?}&orTerms={orTerms?}&relatedSite={relatedSite?}&dateRestrict={dateRestrict?}&lowRange={lowRange?}&highRange={highRange?}&searchType={searchType}&fileType={fileType?}&rights={rights?}&imgSize={imgSize?}&imgType={imgType?}&imgColorType={imgColorType?}&imgDominantColor={imgDominantColor?}&alt=json"
 },
 "queries": {
  "request": [
   {
    "title": "Google Custom Search - \"ROBERTO MARCIO MORAES DE CASTRO\"",
    "totalResults": "656",
    "searchTerms": "\"ROBERTO MARCIO MORAES DE CASTRO\"",
    "count": 10,
    "startIndex": 1,
    "inputEncoding": "utf8",
    "outputEncoding": "utf8",
    "safe": "off",
    "cx": "014097292584411445814:sh5uhwve2ei",
    "searchType": "image"
   }
  ],
  "nextPage": [
   {
    "title": "Google Custom Search - \"ROBERTO MARCIO MORAES DE CASTRO\"",
    "totalResults": "656",
    "searchTerms": "\"ROBERTO MARCIO MORAES DE CASTRO\"",
    "count": 10,
    "startIndex": 11,
    "inputEncoding": "utf8",
    "outputEncoding": "utf8",
    "safe": "off",
    "cx": "014097292584411445814:sh5uhwve2ei",
    "searchType": "image"
   }
  ]
 },
 "context": {
  "title": "Eleitos"
 },
 "searchInformation": {
  "searchTime": 0.133952,
  "formattedSearchTime": "0.13",
  "totalResults": "656",
  "formattedTotalResults": "656"
 },
 "items": [
  {
   "kind": "customsearch#result",
   "title": "2018 — Câmara Municipal",
   "htmlTitle": "2018 — Câmara Municipal",
   "link": "http://www.aguafriadegoias.go.leg.br/20170622_191543.jpg/@@images/23553b2e-ade2-4467-a14e-316c9405bf5a.jpeg",
   "displayLink": "www.aguafriadegoias.go.leg.br",
   "snippet": "2018 — Câmara Municipal",
   "htmlSnippet": "2018 — Câmara Municipal",
   "mime": "image/jpeg",
   "image": {
    "contextLink": "http://www.aguafriadegoias.go.leg.br/processo-legislativo/parlamentares/2018",
    "height": 200,
    "width": 150,
    "byteSize": 7726,
    "thumbnailLink": "https://encrypted-tbn0.gstatic.com/images?q=tbn:ANd9GcSDlQMFzEjTOPz-S7IoOqSMNHkBf_ErKdflZezxsmGTNluPXoBUXcbnEQ",
    "thumbnailHeight": 104,
    "thumbnailWidth": 78
   }
  },
  {
   "kind": "customsearch#result",
   "title": "Márcio 45123 PSDB (Vereador) Água Fria de Goiás - Guia Eleições 2016",
   "htmlTitle": "Márcio 45123 PSDB (Vereador) Água Fria de Goiás - Guia Eleições 2016",
   "link": "https://gazetadopovo-candidatos-2016.s3.amazonaws.com/fotos/santinhos/go/agua-fria-de-goias/santinho-vereador-marcio-45123-agua-fria-de-goias-go.jpg",
   "displayLink": "especiais.gazetadopovo.com.br",
   "snippet": "Márcio 45123 PSDB (Vereador) Água Fria de Goiás - Guia Eleições 2016",
   "htmlSnippet": "Márcio 45123 PSDB (Vereador) Água Fria de Goiás - Guia Eleições 2016",
   "mime": "image/jpeg",
   "image": {
    "contextLink": "https://especiais.gazetadopovo.com.br/eleicoes/2016/agua-fria-de-goias-go/vereador/marcio-45123/",
    "height": 339,
    "width": 646,
    "byteSize": 19122,
    "thumbnailLink": "https://encrypted-tbn0.gstatic.com/images?q=tbn:ANd9GcS3J0nt8-staCPHeeWA5pllAniqXh0HDagkHJ7H3tXyeljl8n9jm3Tgt-lz",
    "thumbnailHeight": 72,
    "thumbnailWidth": 137
   }
  },
  {
   "kind": "customsearch#result",
   "title": "EX-DEPUTADO JOÃO DE DEUS É PRESO POR... - Brasilinha Urgente ...",
   "htmlTitle": "EX-DEPUTADO JOÃO DE DEUS É PRESO POR... - Brasilinha Urgente ...",
   "link": "https://lookaside.fbsbx.com/lookaside/crawler/media/?media_id=898926436954760",
   "displayLink": "es-la.facebook.com",
   "snippet": "EX-DEPUTADO JOÃO DE DEUS É PRESO POR... - Brasilinha Urgente ...",
   "htmlSnippet": "EX-DEPUTADO JOÃO DE DEUS É PRESO POR... - Brasilinha Urgente ...",
   "mime": "image/",
   "image": {
    "contextLink": "https://es-la.facebook.com/brasilinhaurgente/photos/ex-deputado-jo%C3%A3o-de-deus-%C3%A9-preso-por-asocia%C3%A7%C3%A3o-criminosao-mp-e-a-pol%C3%ADcia-civil-d/898926436954760/",
    "height": 568,
    "width": 840,
    "byteSize": 40770,
    "thumbnailLink": "https://encrypted-tbn0.gstatic.com/images?q=tbn:ANd9GcQpRgGzebEaOY3S2MfENaqBh6FwLIaulrGj-TglAic6TbJ1-k9wAQFGu6c",
    "thumbnailHeight": 98,
    "thumbnailWidth": 145
   }
  },
  {
   "kind": "customsearch#result",
   "title": "Márcio 45123 PSDB (Vereador) Água Fria de Goiás - Guia Eleições 2016",
   "htmlTitle": "Márcio 45123 PSDB (Vereador) Água Fria de Goiás - Guia Eleições 2016",
   "link": "https://gazetadopovo-candidatos-2016.s3.amazonaws.com/fotos/go/agua-fria-de-goias/marcio-45123.jpg",
   "displayLink": "especiais.gazetadopovo.com.br",
   "snippet": "Márcio 45123 PSDB (Vereador) Água Fria de Goiás - Guia Eleições 2016",
   "htmlSnippet": "Márcio 45123 PSDB (Vereador) Água Fria de Goiás - Guia Eleições 2016",
   "mime": "image/jpeg",
   "image": {
    "contextLink": "https://especiais.gazetadopovo.com.br/eleicoes/2016/agua-fria-de-goias-go/vereador/marcio-45123/",
    "height": 225,
    "width": 161,
    "byteSize": 5675,
    "thumbnailLink": "https://encrypted-tbn0.gstatic.com/images?q=tbn:ANd9GcRtzaEvHrD1FhwAKlGgmpxzpXnYnmC1esBQjfcTOzoxbNJqzflzkaH4CA",
    "thumbnailHeight": 108,
    "thumbnailWidth": 77
   }
  },
  {
   "kind": "customsearch#result",
   "title": "Cerrado InFoco - EX-DEPUTADO JOÃO DE DEUS É PRESO POR ...",
   "htmlTitle": "Cerrado InFoco - EX-DEPUTADO JOÃO DE DEUS É PRESO POR ...",
   "link": "https://lookaside.fbsbx.com/lookaside/crawler/media/?media_id=1004430806388710",
   "displayLink": "pt-br.facebook.com",
   "snippet": "?media_id=1004430806388710",
   "htmlSnippet": "?media_id=1004430806388710",
   "mime": "image/",
   "image": {
    "contextLink": "https://pt-br.facebook.com/cerradoinfoco/photos/a.608631362635325/1004430806388710/?type=3",
    "height": 527,
    "width": 693,
    "byteSize": 36829,
    "thumbnailLink": "https://encrypted-tbn0.gstatic.com/images?q=tbn:ANd9GcQsgCggNP-AEAzio1Qhmrn4bso9BvTDwO6tCLaDGHCipaCORf45DVotACU",
    "thumbnailHeight": 106,
    "thumbnailWidth": 139
   }
  },
  {
   "kind": "customsearch#result",
   "title": "Márcio 45123 PSDB (Vereador) Água Fria de Goiás - Guia Eleições 2016",
   "htmlTitle": "Márcio 45123 PSDB (Vereador) Água Fria de Goiás - Guia Eleições 2016",
   "link": "https://gazetadopovo-candidatos-2016.s3.amazonaws.com/fotos/go/agua-fria-de-goias/elisio-45678.jpg",
   "displayLink": "especiais.gazetadopovo.com.br",
   "snippet": "Márcio 45123 PSDB (Vereador) Água Fria de Goiás - Guia Eleições 2016",
   "htmlSnippet": "Márcio 45123 PSDB (Vereador) Água Fria de Goiás - Guia Eleições 2016",
   "mime": "image/jpeg",
   "image": {
    "contextLink": "https://especiais.gazetadopovo.com.br/eleicoes/2016/agua-fria-de-goias-go/vereador/marcio-45123/",
    "height": 225,
    "width": 161,
    "byteSize": 5499,
    "thumbnailLink": "https://encrypted-tbn0.gstatic.com/images?q=tbn:ANd9GcQ5UgTUVsNiB3BOYXz54QZi1u-mI-VAtNVZZdPI_tfDY8Rl_IN_8K1riQ",
    "thumbnailHeight": 108,
    "thumbnailWidth": 77
   }
  },
  {
   "kind": "customsearch#result",
   "title": "DO DISTRITO FEDERAL",
   "htmlTitle": "DO DISTRITO FEDERAL",
   "link": "x-raw-image:///1c376bb6cc040bf0a1b3f2cccfae9e0caafdc7292afdc4f2bef020ee8bfa4a4f",
   "displayLink": "www.tc.df.gov.br",
   "snippet": "DO DISTRITO FEDERAL",
   "htmlSnippet": "DO DISTRITO FEDERAL",
   "mime": "image/",
   "image": {
    "contextLink": "http://www.tc.df.gov.br/SINJ/Diario/bd3d48d461614fa1b7f22be96d202476/1cbae531-a38e-323c-b617-08d487a37ede/arq/0/DODF_25_02_2002.pdf",
    "height": 1270,
    "width": 1125,
    "byteSize": 1429988,
    "thumbnailLink": "https://encrypted-tbn0.gstatic.com/images?q=tbn:ANd9GcRhZzN7Z94c3BOGLkQ8UoCX_tHHnrnH4pZf8kmUuXvWR7q0A8dRx4tLy-Zt",
    "thumbnailHeight": 150,
    "thumbnailWidth": 133
   }
  },
  {
   "kind": "customsearch#result",
   "title": "Márcio 45123 PSDB (Vereador) Água Fria de Goiás - Guia Eleições 2016",
   "htmlTitle": "Márcio 45123 PSDB (Vereador) Água Fria de Goiás - Guia Eleições 2016",
   "link": "https://gazetadopovo-candidatos-2016.s3.amazonaws.com/fotos/go/agua-fria-de-goias/joel-lobo-15.jpg",
   "displayLink": "especiais.gazetadopovo.com.br",
   "snippet": "Márcio 45123 PSDB (Vereador) Água Fria de Goiás - Guia Eleições 2016",
   "htmlSnippet": "Márcio 45123 PSDB (Vereador) Água Fria de Goiás - Guia Eleições 2016",
   "mime": "image/jpeg",
   "image": {
    "contextLink": "https://especiais.gazetadopovo.com.br/eleicoes/2016/agua-fria-de-goias-go/vereador/marcio-45123/",
    "height": 225,
    "width": 161,
    "byteSize": 4916,
    "thumbnailLink": "https://encrypted-tbn0.gstatic.com/images?q=tbn:ANd9GcTPiFOJQ7ctNM2uIZxlEAzUjHl9bOHjm1GrWVRjMEVybpql-lvxbn6u6w",
    "thumbnailHeight": 108,
    "thumbnailWidth": 77
   }
  },
  {
   "kind": "customsearch#result",
   "title": "Iniciado os trabalhos na Câmara Municipal — Câmara Municipal",
   "htmlTitle": "Iniciado os trabalhos na Câmara Municipal — Câmara Municipal",
   "link": "http://www.aguafriadegoias.go.leg.br/institucional/noticias/primeira-noticia/image_mini",
   "displayLink": "www.aguafriadegoias.go.leg.br",
   "snippet": "Iniciado os trabalhos na Câmara Municipal — Câmara Municipal",
   "htmlSnippet": "Iniciado os trabalhos na Câmara Municipal — Câmara Municipal",
   "mime": "image/",
   "image": {
    "contextLink": "http://www.aguafriadegoias.go.leg.br/institucional/noticias/primeira-noticia",
    "height": 133,
    "width": 200,
    "byteSize": 8493,
    "thumbnailLink": "https://encrypted-tbn0.gstatic.com/images?q=tbn:ANd9GcRai1Ua2CZYIShJeV5eo2-OxwDwRmz-x5R8aI_64EBrih8xl_enpo3QgMA",
    "thumbnailHeight": 69,
    "thumbnailWidth": 104
   }
  },
  {
   "kind": "customsearch#result",
   "title": "Márcio 45123 PSDB (Vereador) Água Fria de Goiás - Guia Eleições 2016",
   "htmlTitle": "Márcio 45123 PSDB (Vereador) Água Fria de Goiás - Guia Eleições 2016",
   "link": "https://gazetadopovo-candidatos-2016.s3.amazonaws.com/fotos/go/agua-fria-de-goias/alvenicio-90.jpg",
   "displayLink": "especiais.gazetadopovo.com.br",
   "snippet": "Márcio 45123 PSDB (Vereador) Água Fria de Goiás - Guia Eleições 2016",
   "htmlSnippet": "Márcio 45123 PSDB (Vereador) Água Fria de Goiás - Guia Eleições 2016",
   "mime": "image/jpeg",
   "image": {
    "contextLink": "https://especiais.gazetadopovo.com.br/eleicoes/2016/agua-fria-de-goias-go/vereador/marcio-45123/",
    "height": 225,
    "width": 161,
    "byteSize": 4743,
    "thumbnailLink": "https://encrypted-tbn0.gstatic.com/images?q=tbn:ANd9GcSuhfI49DKh1stgfhcYkojFlZ7-7Ua9pEdmyMGKp6WRatFBDSG2WBmnZA",
    "thumbnailHeight": 108,
    "thumbnailWidth": 77
   }
  }
 ]
}
