{
 "kind": "customsearch#search",
 "url": {
  "type": "application/json",
  "template": "https://www.googleapis.com/customsearch/v1?q={searchTerms}&num={count?}&start={startIndex?}&lr={language?}&safe={safe?}&cx={cx?}&sort={sort?}&filter={filter?}&gl={gl?}&cr={cr?}&googlehost={googleHost?}&c2coff={disableCnTwTranslation?}&hq={hq?}&hl={hl?}&siteSearch={siteSearch?}&siteSearchFilter={siteSearchFilter?}&exactTerms={exactTerms?}&excludeTerms={excludeTerms?}&linkSite={linkSite?}&orTerms={orTerms?}&relatedSite={relatedSite?}&dateRestrict={dateRestrict?}&lowRange={lowRange?}&highRange={highRange?}&searchType={searchType}&fileType={fileType?}&rights={rights?}&imgSize={imgSize?}&imgType={imgType?}&imgColorType={imgColorType?}&imgDominantColor={imgDominantColor?}&alt=json"
 },
 "queries": {
  "request": [
   {
    "title": "Google Custom Search - \"ROGEMBERG DA SILVA BARBOSA\"",
    "totalResults": "651",
    "searchTerms": "\"ROGEMBERG DA SILVA BARBOSA\"",
    "count": 10,
    "startIndex": 1,
    "inputEncoding": "utf8",
    "outputEncoding": "utf8",
    "safe": "off",
    "cx": "014097292584411445814:sh5uhwve2ei",
    "searchType": "image"
   }
  ],
  "nextPage": [
   {
    "title": "Google Custom Search - \"ROGEMBERG DA SILVA BARBOSA\"",
    "totalResults": "651",
    "searchTerms": "\"ROGEMBERG DA SILVA BARBOSA\"",
    "count": 10,
    "startIndex": 11,
    "inputEncoding": "utf8",
    "outputEncoding": "utf8",
    "safe": "off",
    "cx": "014097292584411445814:sh5uhwve2ei",
    "searchType": "image"
   }
  ]
 },
 "context": {
  "title": "Eleitos"
 },
 "searchInformation": {
  "searchTime": 0.114936,
  "formattedSearchTime": "0.11",
  "totalResults": "651",
  "formattedTotalResults": "651"
 },
 "items": [
  {
   "kind": "customsearch#result",
   "title": "Rogemberg 10789 (PRB) Deputado Estadual | Goiás | Eleições 2018",
   "htmlTitle": "Rogemberg 10789 (PRB) Deputado Estadual | Goiás | Eleições 2018",
   "link": "https://cdn-eleicoes.gazetadopovo.com.br/fotos/goias/deputado-estadual/rogemberg-10789.jpg",
   "displayLink": "especiais.gazetadopovo.com.br",
   "snippet": "Rogemberg 10789 (PRB) Deputado Estadual | Goiás | Eleições 2018",
   "htmlSnippet": "Rogemberg 10789 (PRB) Deputado Estadual | Goiás | Eleições 2018",
   "mime": "image/jpeg",
   "image": {
    "contextLink": "https://especiais.gazetadopovo.com.br/eleicoes/2018/candidatos/go/deputado-estadual/rogemberg-10789/",
    "height": 225,
    "width": 161,
    "byteSize": 4003,
    "thumbnailLink": "https://encrypted-tbn0.gstatic.com/images?q=tbn:ANd9GcRdBYsYxc6ZojOiH6o7vDG17Ko_GuF4kujkqwKwqHtnRtupC34L57im6ic",
    "thumbnailHeight": 108,
    "thumbnailWidth": 77
   }
  },
  {
   "kind": "customsearch#result",
   "title": "Rogemberg Barbosa - Home | Facebook",
   "htmlTitle": "Rogemberg Barbosa - Home | Facebook",
   "link": "https://lookaside.fbsbx.com/lookaside/crawler/media/?media_id=1245692222234768",
   "displayLink": "www.facebook.com",
   "snippet": "Rogemberg Barbosa - Home | Facebook",
   "htmlSnippet": "Rogemberg Barbosa - Home | Facebook",
   "mime": "image/",
   "image": {
    "contextLink": "https://www.facebook.com/Rogemberg10/",
    "height": 800,
    "width": 800,
    "byteSize": 455947,
    "thumbnailLink": "https://encrypted-tbn0.gstatic.com/images?q=tbn:ANd9GcSv5JwI9jtJWpSAEW6xLx4vuZLQODDqvzbMnz4d7f9wXT0gcGUB3Q6gwDetTg",
    "thumbnailHeight": 143,
    "thumbnailWidth": 143
   }
  },
  {
   "kind": "customsearch#result",
   "title": "Rogemberg 10789 (PRB) Deputado Estadual | Goiás | Eleições 2018",
   "htmlTitle": "Rogemberg 10789 (PRB) Deputado Estadual | Goiás | Eleições 2018",
   "link": "https://cdn-eleicoes.gazetadopovo.com.br/santinhos/goias/deputado-estadual/santinho-deputado-estadual-rogemberg-10789-goias.jpg",
   "displayLink": "especiais.gazetadopovo.com.br",
   "snippet": "Rogemberg 10789 (PRB) Deputado Estadual | Goiás | Eleições 2018",
   "htmlSnippet": "Rogemberg 10789 (PRB) Deputado Estadual | Goiás | Eleições 2018",
   "mime": "image/jpeg",
   "image": {
    "contextLink": "https://especiais.gazetadopovo.com.br/eleicoes/2018/candidatos/go/deputado-estadual/rogemberg-10789/",
    "height": 315,
    "width": 601,
    "byteSize": 26271,
    "thumbnailLink": "https://encrypted-tbn0.gstatic.com/images?q=tbn:ANd9GcSaeB_zeU7wwK44fzNMrZo4qQHUfB-pVkdFLP_1SKPuzMSo1qvmIgdVb3Lb",
    "thumbnailHeight": 71,
    "thumbnailWidth": 135
   }
  },
  {
   "kind": "customsearch#result",
   "title": "Rogemberg 10789 (PRB) Deputado Estadual | Goiás | Eleições 2018",
   "htmlTitle": "Rogemberg 10789 (PRB) Deputado Estadual | Goiás | Eleições 2018",
   "link": "https://media.gazetadopovo.com.br/2019/07/26141604/Calado_Claudio-Neves_Portos-do-Paran%C3%A1-960x540.jpg",
   "displayLink": "especiais.gazetadopovo.com.br",
   "snippet": "Rogemberg 10789 (PRB) Deputado Estadual | Goiás | Eleições 2018",
   "htmlSnippet": "Rogemberg 10789 (PRB) Deputado Estadual | Goiás | Eleições 2018",
   "mime": "image/jpeg",
   "image": {
    "contextLink": "https://especiais.gazetadopovo.com.br/eleicoes/2018/candidatos/go/deputado-estadual/rogemberg-10789/",
    "height": 540,
    "width": 960,
    "byteSize": 115545,
    "thumbnailLink": "https://encrypted-tbn0.gstatic.com/images?q=tbn:ANd9GcRv5H8hM1uXgdf1PyH-0i619avh2jqg4DgKus8I77ixLmX0rLMqogVJycY",
    "thumbnailHeight": 83,
    "thumbnailWidth": 148
   }
  },
  {
   "kind": "customsearch#result",
   "title": "Rogemberg Barbosa - Home | Facebook",
   "htmlTitle": "Rogemberg Barbosa - Home | Facebook",
   "link": "https://lookaside.fbsbx.com/lookaside/crawler/media/?media_id=1562952497175404",
   "displayLink": "www.facebook.com",
   "snippet": "Rogemberg Barbosa - Home | Facebook",
   "htmlSnippet": "Rogemberg Barbosa - Home | Facebook",
   "mime": "image/",
   "image": {
    "contextLink": "https://www.facebook.com/Rogemberg10/?tn-str=k%2AF",
    "height": 720,
    "width": 960,
    "byteSize": 141104,
    "thumbnailLink": "https://encrypted-tbn0.gstatic.com/images?q=tbn:ANd9GcRh6VyRuyTvxY4T_5_28lefYbmIYk2K_EGhKLehMQ3ltay-uEdU0ZQeTYg",
    "thumbnailHeight": 111,
    "thumbnailWidth": 148
   }
  },
  {
   "kind": "customsearch#result",
   "title": "Rogemberg 10123 PRB (Vereador) Águas Lindas de Goiás - Guia ...",
   "htmlTitle": "Rogemberg 10123 PRB (Vereador) Águas Lindas de Goiás - Guia ...",
   "link": "https://gazetadopovo-candidatos-2016.s3.amazonaws.com/fotos/santinhos/go/aguas-lindas-de-goias/santinho-vereador-rogemberg-10123-aguas-lindas-de-goias-go.jpg",
   "displayLink": "especiais.gazetadopovo.com.br",
   "snippet": "Rogemberg 10123 PRB (Vereador) Águas Lindas de Goiás - Guia ...",
   "htmlSnippet": "Rogemberg 10123 PRB (Vereador) Águas Lindas de Goiás - Guia ...",
   "mime": "image/jpeg",
   "image": {
    "contextLink": "https://especiais.gazetadopovo.com.br/eleicoes/2016/aguas-lindas-de-goias-go/vereador/rogemberg-10123/",
    "height": 339,
    "width": 646,
    "byteSize": 17328,
    "thumbnailLink": "https://encrypted-tbn0.gstatic.com/images?q=tbn:ANd9GcQGtRYlQFAerpFiflwvG_I1bAOm9vVSmf5lZEWzpyC68_zGGqGd7F3JRjc",
    "thumbnailHeight": 72,
    "thumbnailWidth": 137
   }
  },
  {
   "kind": "customsearch#result",
   "title": "Rogemberg Barbosa - Home | Facebook",
   "htmlTitle": "Rogemberg Barbosa - Home | Facebook",
   "link": "https://lookaside.fbsbx.com/lookaside/crawler/media/?media_id=220180851506531",
   "displayLink": "www.facebook.com",
   "snippet": "Rogemberg Barbosa - Home | Facebook",
   "htmlSnippet": "Rogemberg Barbosa - Home | Facebook",
   "mime": "image/",
   "image": {
    "contextLink": "https://www.facebook.com/Rogemberg10/",
    "height": 959,
    "width": 958,
    "byteSize": 58576,
    "thumbnailLink": "https://encrypted-tbn0.gstatic.com/images?q=tbn:ANd9GcQRQwNyRNje-6E-NzjPuIdnBhAQeVtlNLlHYr2xjuP85ILbixP_hr2XS4BEkA",
    "thumbnailHeight": 148,
    "thumbnailWidth": 148
   }
  },
  {
   "kind": "customsearch#result",
   "title": "Águas Lindas de Goiás | Programa Amparando Filhos chega à Comarca ...",
   "htmlTitle": "Águas Lindas de Goiás | Programa Amparando Filhos chega à Comarca ...",
   "link": "http://aguaslindasdegoias.go.gov.br/wp-content/uploads/2017/08/Programa-Amparando-Filhos-chega-%C3%A0-comarca-de-%C3%81guas-Lindas-de-Goi%C3%A1s-1-150x150.jpg",
   "displayLink": "aguaslindasdegoias.go.gov.br",
   "snippet": "Águas Lindas de Goiás | Programa Amparando Filhos chega à Comarca ...",
   "htmlSnippet": "Águas Lindas de Goiás | Programa Amparando Filhos chega à Comarca ...",
   "mime": "image/jpeg",
   "image": {
    "contextLink": "http://aguaslindasdegoias.go.gov.br/2017/08/programa-amparando-filhos-chega-a-comarca-de-aguas-lindas-de-goias/",
    "height": 150,
    "width": 150,
    "byteSize": 10281,
    "thumbnailLink": "https://encrypted-tbn0.gstatic.com/images?q=tbn:ANd9GcQlzIsKYf6j6qGMuzZ5fDFNW1ryk9l8Rqu24GgvbBBekVPlYLrAqtEN8Q",
    "thumbnailHeight": 96,
    "thumbnailWidth": 96
   }
  },
  {
   "kind": "customsearch#result",
   "title": "Rogemberg Barbosa - Home | Facebook",
   "htmlTitle": "Rogemberg Barbosa - Home | Facebook",
   "link": "https://lookaside.fbsbx.com/lookaside/crawler/media/?media_id=1372825089512840",
   "displayLink": "www.facebook.com",
   "snippet": "Rogemberg Barbosa - Home | Facebook",
   "htmlSnippet": "Rogemberg Barbosa - Home | Facebook",
   "mime": "image/",
   "image": {
    "contextLink": "https://www.facebook.com/Rogemberg10/",
    "height": 744,
    "width": 744,
    "byteSize": 149087,
    "thumbnailLink": "https://encrypted-tbn0.gstatic.com/images?q=tbn:ANd9GcQsZmfuiuSCZuTwd7rvjR8VUC8qpKGKmuk0umDLo4Z_HC1Ul_osBqufVFzD",
    "thumbnailHeight": 141,
    "thumbnailWidth": 141
   }
  },
  {
   "kind": "customsearch#result",
   "title": "Águas Lindas de Goiás | Programa Amparando Filhos chega à Comarca ...",
   "htmlTitle": "Águas Lindas de Goiás | Programa Amparando Filhos chega à Comarca ...",
   "link": "http://aguaslindasdegoias.go.gov.br/wp-content/uploads/2017/08/Programa-Amparando-Filhos-chega-%C3%A0-comarca-de-%C3%81guas-Lindas-de-Goi%C3%A1s-2-150x150.jpg",
   "displayLink": "aguaslindasdegoias.go.gov.br",
   "snippet": "Águas Lindas de Goiás | Programa Amparando Filhos chega à Comarca ...",
   "htmlSnippet": "Águas Lindas de Goiás | Programa Amparando Filhos chega à Comarca ...",
   "mime": "image/jpeg",
   "image": {
    "contextLink": "http://aguaslindasdegoias.go.gov.br/2017/08/programa-amparando-filhos-chega-a-comarca-de-aguas-lindas-de-goias/",
    "height": 150,
    "width": 150,
    "byteSize": 11403,
    "thumbnailLink": "https://encrypted-tbn0.gstatic.com/images?q=tbn:ANd9GcSwQV9Rggvrwpi9FLcLb6dhclS1nTwNik5rnCgL4tnh5FuMrcTM-73eKg",
    "thumbnailHeight": 96,
    "thumbnailWidth": 96
   }
  }
 ]
}
