{
 "kind": "customsearch#search",
 "url": {
  "type": "application/json",
  "template": "https://www.googleapis.com/customsearch/v1?q={searchTerms}&num={count?}&start={startIndex?}&lr={language?}&safe={safe?}&cx={cx?}&sort={sort?}&filter={filter?}&gl={gl?}&cr={cr?}&googlehost={googleHost?}&c2coff={disableCnTwTranslation?}&hq={hq?}&hl={hl?}&siteSearch={siteSearch?}&siteSearchFilter={siteSearchFilter?}&exactTerms={exactTerms?}&excludeTerms={excludeTerms?}&linkSite={linkSite?}&orTerms={orTerms?}&relatedSite={relatedSite?}&dateRestrict={dateRestrict?}&lowRange={lowRange?}&highRange={highRange?}&searchType={searchType}&fileType={fileType?}&rights={rights?}&imgSize={imgSize?}&imgType={imgType?}&imgColorType={imgColorType?}&imgDominantColor={imgDominantColor?}&alt=json"
 },
 "queries": {
  "request": [
   {
    "title": "Google Custom Search - \"ROGERIO DE OLIVEIRA SILVA\"",
    "totalResults": "109000",
    "searchTerms": "\"ROGERIO DE OLIVEIRA SILVA\"",
    "count": 10,
    "startIndex": 1,
    "inputEncoding": "utf8",
    "outputEncoding": "utf8",
    "safe": "off",
    "cx": "014097292584411445814:sh5uhwve2ei",
    "searchType": "image"
   }
  ],
  "nextPage": [
   {
    "title": "Google Custom Search - \"ROGERIO DE OLIVEIRA SILVA\"",
    "totalResults": "109000",
    "searchTerms": "\"ROGERIO DE OLIVEIRA SILVA\"",
    "count": 10,
    "startIndex": 11,
    "inputEncoding": "utf8",
    "outputEncoding": "utf8",
    "safe": "off",
    "cx": "014097292584411445814:sh5uhwve2ei",
    "searchType": "image"
   }
  ]
 },
 "context": {
  "title": "Eleitos"
 },
 "searchInformation": {
  "searchTime": 0.160206,
  "formattedSearchTime": "0.16",
  "totalResults": "109000",
  "formattedTotalResults": "109,000"
 },
 "items": [
  {
   "kind": "customsearch#result",
   "title": "Rogerio De Oliveira Silva - Home | Facebook",
   "htmlTitle": "\u003cb\u003eRogerio De Oliveira Silva\u003c/b\u003e - Home | Facebook",
   "link": "https://lookaside.fbsbx.com/lookaside/crawler/media/?media_id=494105794452088",
   "displayLink": "www.facebook.com",
   "snippet": "Rogerio De Oliveira Silva - Home | Facebook",
   "htmlSnippet": "\u003cb\u003eRogerio De Oliveira Silva\u003c/b\u003e - Home | Facebook",
   "mime": "image/",
   "image": {
    "contextLink": "https://www.facebook.com/pages/Rogerio-De-Oliveira-Silva/494105794452088",
    "height": 958,
    "width": 960,
    "byteSize": 27869,
    "thumbnailLink": "https://encrypted-tbn0.gstatic.com/images?q=tbn:ANd9GcSg4Kgg5QtRgyL8sqfcw4yPocEnaJ6N0TnFnv1Q9UlC3stkE1NdzCBZEXz4hQ",
    "thumbnailHeight": 148,
    "thumbnailWidth": 148
   }
  },
  {
   "kind": "customsearch#result",
   "title": "ROGERIO DE OLIVEIRA SILVA CRECI 6816 | CRECI/DF",
   "htmlTitle": "\u003cb\u003eROGERIO DE OLIVEIRA SILVA\u003c/b\u003e CRECI 6816 | CRECI/DF",
   "link": "http://crecidf.gov.br/wp-content/uploads/2015/02/rogerio-de-oliveira.jpg",
   "displayLink": "crecidf.gov.br",
   "snippet": "ROGERIO DE OLIVEIRA SILVA CRECI 6816 | CRECI/DF",
   "htmlSnippet": "\u003cb\u003eROGERIO DE OLIVEIRA SILVA\u003c/b\u003e CRECI 6816 | CRECI/DF",
   "mime": "image/jpeg",
   "image": {
    "contextLink": "http://crecidf.gov.br/composicao/attachment/rogerio-de-oliveira/",
    "height": 401,
    "width": 330,
    "byteSize": 19415,
    "thumbnailLink": "https://encrypted-tbn0.gstatic.com/images?q=tbn:ANd9GcQJsEevI4BALjk-0EdJjOCIK6itXub05_6oYbQB2wt1nGazfQZ3Rd-YWA",
    "thumbnailHeight": 124,
    "thumbnailWidth": 102
   }
  },
  {
   "kind": "customsearch#result",
   "title": "Rogerio De Oliveira Silva - Home | Facebook",
   "htmlTitle": "\u003cb\u003eRogerio De Oliveira Silva\u003c/b\u003e - Home | Facebook",
   "link": "https://lookaside.fbsbx.com/lookaside/crawler/media/?media_id=508597016336299",
   "displayLink": "www.facebook.com",
   "snippet": "Rogerio De Oliveira Silva - Home | Facebook",
   "htmlSnippet": "\u003cb\u003eRogerio De Oliveira Silva\u003c/b\u003e - Home | Facebook",
   "mime": "image/",
   "image": {
    "contextLink": "https://www.facebook.com/pages/Rogerio-De-Oliveira-Silva/494105794452088",
    "height": 960,
    "width": 540,
    "byteSize": 69742,
    "thumbnailLink": "https://encrypted-tbn0.gstatic.com/images?q=tbn:ANd9GcRcQJyG2YAaxhGjWxceuKyR1dcHCYOlrPmkTlAjXgXdBVbNrLM-X5xoCSGu",
    "thumbnailHeight": 148,
    "thumbnailWidth": 83
   }
  },
  {
   "kind": "customsearch#result",
   "title": "Rogério de Oliveira Silva - Câmara Municipal de Água Limpa",
   "htmlTitle": "\u003cb\u003eRogério de Oliveira Silva\u003c/b\u003e - Câmara Municipal de Água Limpa",
   "link": "http://www.camaraagualimpa.go.gov.br/res/midias/img/a009e36ecb5097b2b1f0a4ef22804bef.jpg?x=0&y=0&w=715&h=1000",
   "displayLink": "www.camaraagualimpa.go.gov.br",
   "snippet": "Rogério de Oliveira Silva - Câmara Municipal de Água Limpa",
   "htmlSnippet": "\u003cb\u003eRogério de Oliveira Silva\u003c/b\u003e - Câmara Municipal de Água Limpa",
   "mime": "image/jpeg",
   "image": {
    "contextLink": "http://www.camaraagualimpa.go.gov.br/pagina/institucional/174-rogerio-de-olliveira-silva",
    "height": 1000,
    "width": 715,
    "byteSize": 39220,
    "thumbnailLink": "https://encrypted-tbn0.gstatic.com/images?q=tbn:ANd9GcSmsFJT6aiVeE_XviBgXy0gwoGoMyq4CB3HInknPe3AsZUs9jCYIqPWc09l",
    "thumbnailHeight": 149,
    "thumbnailWidth": 107
   }
  },
  {
   "kind": "customsearch#result",
   "title": "Rogerio De Oliveira Silva - Home | Facebook",
   "htmlTitle": "\u003cb\u003eRogerio De Oliveira Silva\u003c/b\u003e - Home | Facebook",
   "link": "https://lookaside.fbsbx.com/lookaside/crawler/media/?media_id=508597029669631",
   "displayLink": "www.facebook.com",
   "snippet": "Rogerio De Oliveira Silva - Home | Facebook",
   "htmlSnippet": "\u003cb\u003eRogerio De Oliveira Silva\u003c/b\u003e - Home | Facebook",
   "mime": "image/",
   "image": {
    "contextLink": "https://www.facebook.com/pages/Rogerio-De-Oliveira-Silva/494105794452088",
    "height": 540,
    "width": 960,
    "byteSize": 76426,
    "thumbnailLink": "https://encrypted-tbn0.gstatic.com/images?q=tbn:ANd9GcQYgpbwvepiTbOwUHBPSKivjPkOy0kWm4t4fT7qsKnlVsFPGsf0y96TRJY",
    "thumbnailHeight": 83,
    "thumbnailWidth": 148
   }
  },
  {
   "kind": "customsearch#result",
   "title": "ROGERIO DE OLIVEIRA SILVA CRECI 6816 | CRECI/DF",
   "htmlTitle": "\u003cb\u003eROGERIO DE OLIVEIRA SILVA\u003c/b\u003e CRECI 6816 | CRECI/DF",
   "link": "http://crecidf.gov.br/wp-content/uploads/2015/02/rogerio-de-oliveira-247x300.jpg",
   "displayLink": "crecidf.gov.br",
   "snippet": "ROGERIO DE OLIVEIRA SILVA CRECI 6816 | CRECI/DF",
   "htmlSnippet": "\u003cb\u003eROGERIO DE OLIVEIRA SILVA\u003c/b\u003e CRECI 6816 | CRECI/DF",
   "mime": "image/jpeg",
   "image": {
    "contextLink": "http://crecidf.gov.br/composicao/attachment/rogerio-de-oliveira/",
    "height": 300,
    "width": 247,
    "byteSize": 12570,
    "thumbnailLink": "https://encrypted-tbn0.gstatic.com/images?q=tbn:ANd9GcQ6KWa-7wcBh043XMUbbIgZDJnT1HRjU0-HoLDVgSaQCEe8tD2o2d53Yg",
    "thumbnailHeight": 116,
    "thumbnailWidth": 96
   }
  },
  {
   "kind": "customsearch#result",
   "title": "Rogerio Oliveira Silva - Home | Facebook",
   "htmlTitle": "Rogerio Oliveira Silva - Home | Facebook",
   "link": "https://lookaside.fbsbx.com/lookaside/crawler/media/?media_id=429291267499987",
   "displayLink": "www.facebook.com",
   "snippet": "Rogerio Oliveira Silva - Home | Facebook",
   "htmlSnippet": "Rogerio Oliveira Silva - Home | Facebook",
   "mime": "image/",
   "image": {
    "contextLink": "https://www.facebook.com/Rogerio-Oliveira-Silva-429291204166660/",
    "height": 960,
    "width": 528,
    "byteSize": 55737,
    "thumbnailLink": "https://encrypted-tbn0.gstatic.com/images?q=tbn:ANd9GcTTj2oNaQ0Mr__IMjw281U-fRR9a_A5YDMResk7hB-JrYHkIkr0uY-VOHFL",
    "thumbnailHeight": 148,
    "thumbnailWidth": 81
   }
  },
  {
   "kind": "customsearch#result",
   "title": "Untitled",
   "htmlTitle": "Untitled",
   "link": "x-raw-image:///53f9764f021878ff36660df0214609086239949a728ebe50e75aa39ea1e02b66",
   "displayLink": "www.saomigueldoguapore.ro.leg.br",
   "snippet": "Untitled",
   "htmlSnippet": "Untitled",
   "mime": "image/",
   "image": {
    "contextLink": "https://www.saomigueldoguapore.ro.leg.br/arquivos/Edital-Anexo-e-homologa%C3%A7%C3%A3o-do-Concurso-02-2013.pdf",
    "height": 4200,
    "width": 2550,
    "byteSize": 3848217,
    "thumbnailLink": "https://encrypted-tbn0.gstatic.com/images?q=tbn:ANd9GcRiLpPWcsTwn-eDoiEcbWSuOjE27hOBKqn6rRpDJm4F0GhKfMTrz7b74PU",
    "thumbnailHeight": 150,
    "thumbnailWidth": 91
   }
  },
  {
   "kind": "customsearch#result",
   "title": "Rogerio Silva de Oliveira - Home | Facebook",
   "htmlTitle": "Rogerio Silva de Oliveira - Home | Facebook",
   "link": "https://lookaside.fbsbx.com/lookaside/crawler/media/?media_id=132895517341260",
   "displayLink": "www.facebook.com",
   "snippet": "Rogerio Silva de Oliveira - Home | Facebook",
   "htmlSnippet": "Rogerio Silva de Oliveira - Home | Facebook",
   "mime": "image/",
   "image": {
    "contextLink": "https://www.facebook.com/pages/category/Personal-Blog/132895517341260/",
    "height": 923,
    "width": 923,
    "byteSize": 87654,
    "thumbnailLink": "https://encrypted-tbn0.gstatic.com/images?q=tbn:ANd9GcToM8D47-zl5CI1HR-uxte3K71SGkhUzqruOoG94tp4OiYj6rCq6ZRUvTRq",
    "thumbnailHeight": 147,
    "thumbnailWidth": 147
   }
  },
  {
   "kind": "customsearch#result",
   "title": "DETRAN - MG - Diretor do Detran-MG é homenageado pelo Portal Psic",
   "htmlTitle": "DETRAN - MG - Diretor do Detran-MG é homenageado pelo Portal Psic",
   "link": "https://www.detran.mg.gov.br/images/psic05.10.20172.jpeg",
   "displayLink": "www.detran.mg.gov.br",
   "snippet": "DETRAN - MG - Diretor do Detran-MG é homenageado pelo Portal Psic",
   "htmlSnippet": "DETRAN - MG - Diretor do Detran-MG é homenageado pelo Portal Psic",
   "mime": "image/jpeg",
   "image": {
    "contextLink": "https://www.detran.mg.gov.br/sobre-o-detran/comunicados/noticias/830-diretor-do-detran-mg-e-homenageado-pelo-portal-psic",
    "height": 418,
    "width": 800,
    "byteSize": 64175,
    "thumbnailLink": "https://encrypted-tbn0.gstatic.com/images?q=tbn:ANd9GcR5XnBMMdDp84_qn2c95JqNGdfAabyUVI_FXOXTCa9BFOmBiFmeqjUTYkG0",
    "thumbnailHeight": 75,
    "thumbnailWidth": 143
   }
  }
 ]
}
