{
 "kind": "customsearch#search",
 "url": {
  "type": "application/json",
  "template": "https://www.googleapis.com/customsearch/v1?q={searchTerms}&num={count?}&start={startIndex?}&lr={language?}&safe={safe?}&cx={cx?}&sort={sort?}&filter={filter?}&gl={gl?}&cr={cr?}&googlehost={googleHost?}&c2coff={disableCnTwTranslation?}&hq={hq?}&hl={hl?}&siteSearch={siteSearch?}&siteSearchFilter={siteSearchFilter?}&exactTerms={exactTerms?}&excludeTerms={excludeTerms?}&linkSite={linkSite?}&orTerms={orTerms?}&relatedSite={relatedSite?}&dateRestrict={dateRestrict?}&lowRange={lowRange?}&highRange={highRange?}&searchType={searchType}&fileType={fileType?}&rights={rights?}&imgSize={imgSize?}&imgType={imgType?}&imgColorType={imgColorType?}&imgDominantColor={imgDominantColor?}&alt=json"
 },
 "queries": {
  "request": [
   {
    "title": "Google Custom Search - \"ROMES GOMES E SILVA\"",
    "totalResults": "1840",
    "searchTerms": "\"ROMES GOMES E SILVA\"",
    "count": 10,
    "startIndex": 1,
    "inputEncoding": "utf8",
    "outputEncoding": "utf8",
    "safe": "off",
    "cx": "014097292584411445814:sh5uhwve2ei",
    "searchType": "image"
   }
  ],
  "nextPage": [
   {
    "title": "Google Custom Search - \"ROMES GOMES E SILVA\"",
    "totalResults": "1840",
    "searchTerms": "\"ROMES GOMES E SILVA\"",
    "count": 10,
    "startIndex": 11,
    "inputEncoding": "utf8",
    "outputEncoding": "utf8",
    "safe": "off",
    "cx": "014097292584411445814:sh5uhwve2ei",
    "searchType": "image"
   }
  ]
 },
 "context": {
  "title": "Eleitos"
 },
 "searchInformation": {
  "searchTime": 0.381137,
  "formattedSearchTime": "0.38",
  "totalResults": "1840",
  "formattedTotalResults": "1,840"
 },
 "spelling": {
  "correctedQuery": "\"ROME'S GOMES E SILVA\"",
  "htmlCorrectedQuery": "&quot;\u003cb\u003e\u003ci\u003eROME&#39;S\u003c/i\u003e\u003c/b\u003e GOMES E SILVA&quot;"
 },
 "items": [
  {
   "kind": "customsearch#result",
   "title": "Romes Gomes e Silva - Accueil | Facebook",
   "htmlTitle": "\u003cb\u003eRomes Gomes e Silva\u003c/b\u003e - Accueil | Facebook",
   "link": "https://lookaside.fbsbx.com/lookaside/crawler/media/?media_id=1651063858239927",
   "displayLink": "fr-fr.facebook.com",
   "snippet": "Romes Gomes e Silva - Accueil | Facebook",
   "htmlSnippet": "\u003cb\u003eRomes Gomes e Silva\u003c/b\u003e - Accueil | Facebook",
   "mime": "image/",
   "image": {
    "contextLink": "https://fr-fr.facebook.com/RomesPrefeito/",
    "height": 640,
    "width": 960,
    "byteSize": 78340,
    "thumbnailLink": "https://encrypted-tbn0.gstatic.com/images?q=tbn:ANd9GcQEVO0HCBjN48qcUpKhd0G3PAND-60qSp-_P2dw00ta-8Nuvd9DJ8pB2sg",
    "thumbnailHeight": 99,
    "thumbnailWidth": 148
   }
  },
  {
   "kind": "customsearch#result",
   "title": "Romes Gomes 45 PSDB (Prefeito) Abadia de Goiás - Guia Eleições 2016",
   "htmlTitle": "Romes Gomes 45 PSDB (Prefeito) Abadia de Goiás - Guia Eleições 2016",
   "link": "https://gazetadopovo-candidatos-2016.s3.amazonaws.com/fotos/go/abadia-de-goias/romes-gomes-45.jpg",
   "displayLink": "especiais.gazetadopovo.com.br",
   "snippet": "Romes Gomes 45 PSDB (Prefeito) Abadia de Goiás - Guia Eleições 2016",
   "htmlSnippet": "Romes Gomes 45 PSDB (Prefeito) Abadia de Goiás - Guia Eleições 2016",
   "mime": "image/jpeg",
   "image": {
    "contextLink": "https://especiais.gazetadopovo.com.br/eleicoes/2016/abadia-de-goias-go/prefeito/romes-gomes-45/",
    "height": 225,
    "width": 161,
    "byteSize": 4069,
    "thumbnailLink": "https://encrypted-tbn0.gstatic.com/images?q=tbn:ANd9GcR_jAmtOnYESuJSLFQqyu7WB4ge8k5WjEasNSmzAwMCkqiRuCtmUlaoqJM",
    "thumbnailHeight": 108,
    "thumbnailWidth": 77
   }
  },
  {
   "kind": "customsearch#result",
   "title": "Romes Gomes e Silva - Página inicial | Facebook",
   "htmlTitle": "\u003cb\u003eRomes Gomes e Silva\u003c/b\u003e - Página inicial | Facebook",
   "link": "https://lookaside.fbsbx.com/lookaside/crawler/media/?media_id=588974634448860",
   "displayLink": "pt-br.facebook.com",
   "snippet": "Romes Gomes e Silva - Página inicial | Facebook",
   "htmlSnippet": "\u003cb\u003eRomes Gomes e Silva\u003c/b\u003e - Página inicial | Facebook",
   "mime": "image/",
   "image": {
    "contextLink": "https://pt-br.facebook.com/RomesPrefeito/",
    "height": 824,
    "width": 823,
    "byteSize": 62103,
    "thumbnailLink": "https://encrypted-tbn0.gstatic.com/images?q=tbn:ANd9GcTuCFB-Km99c91XtksY4G4Z4X2WjgV0F_HSK-w-vrirKy9uAGY_bNCLIB4HEw",
    "thumbnailHeight": 144,
    "thumbnailWidth": 144
   }
  },
  {
   "kind": "customsearch#result",
   "title": "Romes Gomes 45 PSDB (Prefeito) Abadia de Goiás - Guia Eleições 2016",
   "htmlTitle": "Romes Gomes 45 PSDB (Prefeito) Abadia de Goiás - Guia Eleições 2016",
   "link": "https://gazetadopovo-candidatos-2016.s3.amazonaws.com/fotos/santinhos/go/abadia-de-goias/santinho-prefeito-romes-gomes-45-abadia-de-goias-go.jpg",
   "displayLink": "especiais.gazetadopovo.com.br",
   "snippet": "Romes Gomes 45 PSDB (Prefeito) Abadia de Goiás - Guia Eleições 2016",
   "htmlSnippet": "Romes Gomes 45 PSDB (Prefeito) Abadia de Goiás - Guia Eleições 2016",
   "mime": "image/jpeg",
   "image": {
    "contextLink": "https://especiais.gazetadopovo.com.br/eleicoes/2016/abadia-de-goias-go/prefeito/romes-gomes-45/",
    "height": 339,
    "width": 646,
    "byteSize": 17648,
    "thumbnailLink": "https://encrypted-tbn0.gstatic.com/images?q=tbn:ANd9GcSKFgXRbK5HBvg93lCyW905ohuKvXyGCH0BiEmF6yvrIg2Yloiqrot4hUZ-",
    "thumbnailHeight": 72,
    "thumbnailWidth": 137
   }
  },
  {
   "kind": "customsearch#result",
   "title": "Romero's STORE | Romes Gomes e Silva | Pages Directory",
   "htmlTitle": "Romero&#39;s STORE | \u003cb\u003eRomes Gomes e Silva\u003c/b\u003e | Pages Directory",
   "link": "https://lookaside.fbsbx.com/lookaside/crawler/media/?media_id=226682297890629",
   "displayLink": "www.facebook.com",
   "snippet": "Romero's STORE | Romes Gomes e Silva | Pages Directory",
   "htmlSnippet": "Romero&#39;s STORE | \u003cb\u003eRomes Gomes e Silva\u003c/b\u003e | Pages Directory",
   "mime": "image/",
   "image": {
    "contextLink": "https://www.facebook.com/directory/pages/R-8082031-8082670",
    "height": 960,
    "width": 950,
    "byteSize": 146852,
    "thumbnailLink": "https://encrypted-tbn0.gstatic.com/images?q=tbn:ANd9GcSOiWjs8DhWQS6P9p9bO536Ok0MPOgHy3sn7tsaMmkinWfPSuFHHggsqrHL",
    "thumbnailHeight": 148,
    "thumbnailWidth": 146
   }
  },
  {
   "kind": "customsearch#result",
   "title": "Prefeitura de Abadia de Goiás ::",
   "htmlTitle": "Prefeitura de Abadia de Goiás ::",
   "link": "http://www.abadiadegoias.go.gov.br/FotoNoticia/946/946.jpg",
   "displayLink": "www.abadiadegoias.go.gov.br",
   "snippet": "Prefeitura de Abadia de Goiás ::",
   "htmlSnippet": "Prefeitura de Abadia de Goiás ::",
   "mime": "image/jpeg",
   "image": {
    "contextLink": "http://www.abadiadegoias.go.gov.br/MostraNoticia.asp?CodNoticia=946",
    "height": 615,
    "width": 973,
    "byteSize": 136044,
    "thumbnailLink": "https://encrypted-tbn0.gstatic.com/images?q=tbn:ANd9GcStuObPOSZnT_YpdJCsV2KmZ7uLXiJb0_RqeSOO9_30ZRr1hFGubjnmqsZB",
    "thumbnailHeight": 94,
    "thumbnailWidth": 149
   }
  },
  {
   "kind": "customsearch#result",
   "title": "Romes Gomes e Silva ने नई फ़ोटो जोड़ी —... - Romes ...",
   "htmlTitle": "\u003cb\u003eRomes Gomes e Silva\u003c/b\u003e ने नई फ़ोटो जोड़ी —... - \u003cb\u003eRomes\u003c/b\u003e ...",
   "link": "https://lookaside.fbsbx.com/lookaside/crawler/media/?media_id=1499077233438591",
   "displayLink": "hi-in.facebook.com",
   "snippet": "Romes Gomes e Silva ने नई फ़ोटो जोड़ी —... - Romes ...",
   "htmlSnippet": "\u003cb\u003eRomes Gomes e Silva\u003c/b\u003e ने नई फ़ोटो जोड़ी —... - \u003cb\u003eRomes\u003c/b\u003e ...",
   "mime": "image/",
   "image": {
    "contextLink": "https://hi-in.facebook.com/RomesPrefeito/photos/d41d8cd9/1499077233438591/",
    "height": 640,
    "width": 960,
    "byteSize": 77542,
    "thumbnailLink": "https://encrypted-tbn0.gstatic.com/images?q=tbn:ANd9GcQx1aelozPSGAhj7hguz3HP8_9gzuC7sdmmlGCIetFD46r6V2h8CPNZvK8",
    "thumbnailHeight": 99,
    "thumbnailWidth": 148
   }
  },
  {
   "kind": "customsearch#result",
   "title": "Prefeitura de Abadia de Goiás ::",
   "htmlTitle": "Prefeitura de Abadia de Goiás ::",
   "link": "http://www.abadiadegoias.go.gov.br/FotoNoticia/952/952.jpg",
   "displayLink": "www.abadiadegoias.go.gov.br",
   "snippet": "Prefeitura de Abadia de Goiás ::",
   "htmlSnippet": "Prefeitura de Abadia de Goiás ::",
   "mime": "image/jpeg",
   "image": {
    "contextLink": "http://www.abadiadegoias.go.gov.br/MostraNoticia.asp?CodNoticia=952",
    "height": 615,
    "width": 973,
    "byteSize": 101431,
    "thumbnailLink": "https://encrypted-tbn0.gstatic.com/images?q=tbn:ANd9GcRRFIfRNmJ8TggQghOCpwr2W98lAX0_QIqh50yrZHOdHuye8EQ4VhInLJE",
    "thumbnailHeight": 94,
    "thumbnailWidth": 149
   }
  },
  {
   "kind": "customsearch#result",
   "title": "A prevenção do câncer de mama deve ser... - Romes Gomes e Silva ...",
   "htmlTitle": "A prevenção do câncer de mama deve ser... - \u003cb\u003eRomes Gomes e Silva\u003c/b\u003e ...",
   "link": "https://lookaside.fbsbx.com/lookaside/crawler/media/?media_id=2114043828608592",
   "displayLink": "www.facebook.com",
   "snippet": "A prevenção do câncer de mama deve ser... - Romes Gomes e Silva ...",
   "htmlSnippet": "A prevenção do câncer de mama deve ser... - \u003cb\u003eRomes Gomes e Silva\u003c/b\u003e ...",
   "mime": "image/",
   "image": {
    "contextLink": "https://www.facebook.com/RomesPrefeito/photos/a-preven%C3%A7%C3%A3o-do-c%C3%A2ncer-de-mama-deve-ser-lembrada-o-ano-todo-por-isso-o-autoexame-/2114043828608592/",
    "height": 960,
    "width": 960,
    "byteSize": 83170,
    "thumbnailLink": "https://encrypted-tbn0.gstatic.com/images?q=tbn:ANd9GcSJhNiZIzXjZJN_UO-BQqSZT65UyUOdXhPI5_THqF2hgFnzE4sZKScd0nbLhg",
    "thumbnailHeight": 148,
    "thumbnailWidth": 148
   }
  },
  {
   "kind": "customsearch#result",
   "title": "Romes Gomes 45 PSDB (Prefeito) Abadia de Goiás - Guia Eleições 2016",
   "htmlTitle": "Romes Gomes 45 PSDB (Prefeito) Abadia de Goiás - Guia Eleições 2016",
   "link": "https://gazetadopovo-candidatos-2016.s3.amazonaws.com/fotos/go/abadia-de-goias/thyago-gomes-45555.jpg",
   "displayLink": "especiais.gazetadopovo.com.br",
   "snippet": "Romes Gomes 45 PSDB (Prefeito) Abadia de Goiás - Guia Eleições 2016",
   "htmlSnippet": "Romes Gomes 45 PSDB (Prefeito) Abadia de Goiás - Guia Eleições 2016",
   "mime": "image/jpeg",
   "image": {
    "contextLink": "https://especiais.gazetadopovo.com.br/eleicoes/2016/abadia-de-goias-go/prefeito/romes-gomes-45/",
    "height": 225,
    "width": 161,
    "byteSize": 4628,
    "thumbnailLink": "https://encrypted-tbn0.gstatic.com/images?q=tbn:ANd9GcQ4bj1sIcIH1hu-Xj3_TnCtOUpZhQcXN9zqM7_153XSQmECINOI942-flw",
    "thumbnailHeight": 108,
    "thumbnailWidth": 77
   }
  }
 ]
}
