{
 "kind": "customsearch#search",
 "url": {
  "type": "application/json",
  "template": "https://www.googleapis.com/customsearch/v1?q={searchTerms}&num={count?}&start={startIndex?}&lr={language?}&safe={safe?}&cx={cx?}&sort={sort?}&filter={filter?}&gl={gl?}&cr={cr?}&googlehost={googleHost?}&c2coff={disableCnTwTranslation?}&hq={hq?}&hl={hl?}&siteSearch={siteSearch?}&siteSearchFilter={siteSearchFilter?}&exactTerms={exactTerms?}&excludeTerms={excludeTerms?}&linkSite={linkSite?}&orTerms={orTerms?}&relatedSite={relatedSite?}&dateRestrict={dateRestrict?}&lowRange={lowRange?}&highRange={highRange?}&searchType={searchType}&fileType={fileType?}&rights={rights?}&imgSize={imgSize?}&imgType={imgType?}&imgColorType={imgColorType?}&imgDominantColor={imgDominantColor?}&alt=json"
 },
 "queries": {
  "request": [
   {
    "title": "Google Custom Search - \"ROSEMAR JOSÉ DA SILVA\"",
    "totalResults": "6",
    "searchTerms": "\"ROSEMAR JOSÉ DA SILVA\"",
    "count": 6,
    "startIndex": 1,
    "inputEncoding": "utf8",
    "outputEncoding": "utf8",
    "safe": "off",
    "cx": "014097292584411445814:sh5uhwve2ei",
    "searchType": "image"
   }
  ]
 },
 "context": {
  "title": "Eleitos"
 },
 "searchInformation": {
  "searchTime": 0.36307,
  "formattedSearchTime": "0.36",
  "totalResults": "6",
  "formattedTotalResults": "6"
 },
 "items": [
  {
   "kind": "customsearch#result",
   "title": "Nome: Rosemar Jose da Silva Vereador: Neném — Câmara Municipal de ...",
   "htmlTitle": "Nome: \u003cb\u003eRosemar Jose da Silva\u003c/b\u003e Vereador: Neném — Câmara Municipal de ...",
   "link": "http://www.abadiania.go.leg.br/processo-legislativo/parlamentares/Vereadores%202013%202016/IMG_1466.JPG/image_preview",
   "displayLink": "www.abadiania.go.leg.br",
   "snippet": "Nome: Rosemar Jose da Silva Vereador: Neném — Câmara Municipal de ...",
   "htmlSnippet": "Nome: \u003cb\u003eRosemar Jose da Silva\u003c/b\u003e Vereador: Neném — Câmara Municipal de ...",
   "mime": "image/",
   "image": {
    "contextLink": "http://www.abadiania.go.leg.br/processo-legislativo/parlamentares/Vereadores%202013%202016/IMG_1466.JPG/view",
    "height": 400,
    "width": 266,
    "byteSize": 21939,
    "thumbnailLink": "https://encrypted-tbn0.gstatic.com/images?q=tbn:ANd9GcTVXc8Kx7PZZvVEPc8a-R-myJkgrBDerq2Hhfh9UTrXpFj4rxghGTB7KA",
    "thumbnailHeight": 124,
    "thumbnailWidth": 82
   }
  },
  {
   "kind": "customsearch#result",
   "title": "title | Gazeta do Povo",
   "htmlTitle": "title | Gazeta do Povo",
   "link": "https://gazetadopovo-candidatos-2016.s3.amazonaws.com/fotos/santinhos/go/abadiania/santinho-vereador-nenem-trajano-14789-abadiania-go.jpg",
   "displayLink": "especiais.gazetadopovo.com.br",
   "snippet": "title | Gazeta do Povo",
   "htmlSnippet": "title | Gazeta do Povo",
   "mime": "image/jpeg",
   "image": {
    "contextLink": "https://especiais.gazetadopovo.com.br/eleicoes/2016/abadiania-go/vereador/nenem-trajano-14789/",
    "height": 339,
    "width": 646,
    "byteSize": 18404,
    "thumbnailLink": "https://encrypted-tbn0.gstatic.com/images?q=tbn:ANd9GcTGwRN4Y3P5q_xSuFrQqsAmzMITbHN1p8PBoAqNeMayNL0R1iPm_P72m7DX",
    "thumbnailHeight": 72,
    "thumbnailWidth": 137
   }
  },
  {
   "kind": "customsearch#result",
   "title": "PODER LEGISLATIVO",
   "htmlTitle": "PODER LEGISLATIVO",
   "link": "x-raw-image:///09e02477928cda1e587b7b407d46e03bb109606d5cfc68df2a582763bb4e8c15",
   "displayLink": "www.abadiania.go.leg.br",
   "snippet": "PODER LEGISLATIVO",
   "htmlSnippet": "PODER LEGISLATIVO",
   "mime": "image/",
   "image": {
    "contextLink": "http://www.abadiania.go.leg.br/processo-legislativo/trabalho-legislativo-2017/pautas-ordinarias/fevereiro/pauta-3a-sessao",
    "height": 334,
    "width": 333,
    "byteSize": 157545,
    "thumbnailLink": "https://encrypted-tbn0.gstatic.com/images?q=tbn:ANd9GcRbOHP_RHblhEf1ffG31olaL6PiazrZt1yGzQ7NBsFIDjQhx7yylpZj1g",
    "thumbnailHeight": 119,
    "thumbnailWidth": 119
   }
  },
  {
   "kind": "customsearch#result",
   "title": "title | Gazeta do Povo",
   "htmlTitle": "title | Gazeta do Povo",
   "link": "https://gazetadopovo-candidatos-2016.s3.amazonaws.com/fotos/go/abadiania/nenem-trajano-14789.jpg",
   "displayLink": "especiais.gazetadopovo.com.br",
   "snippet": "title | Gazeta do Povo",
   "htmlSnippet": "title | Gazeta do Povo",
   "mime": "image/jpeg",
   "image": {
    "contextLink": "https://especiais.gazetadopovo.com.br/eleicoes/2016/abadiania-go/vereador/nenem-trajano-14789/",
    "height": 225,
    "width": 161,
    "byteSize": 4023,
    "thumbnailLink": "https://encrypted-tbn0.gstatic.com/images?q=tbn:ANd9GcQDTvkYbqMERLcduuPUbvtZE4n_2TvXDyraAZP82rS0nIHhojC-egVW2JY",
    "thumbnailHeight": 108,
    "thumbnailWidth": 77
   }
  },
  {
   "kind": "customsearch#result",
   "title": "title | Gazeta do Povo",
   "htmlTitle": "title | Gazeta do Povo",
   "link": "https://gazetadopovo-candidatos-2016.s3.amazonaws.com/fotos/go/abadiania/sergio-bocao-14400.jpg",
   "displayLink": "especiais.gazetadopovo.com.br",
   "snippet": "title | Gazeta do Povo",
   "htmlSnippet": "title | Gazeta do Povo",
   "mime": "image/jpeg",
   "image": {
    "contextLink": "https://especiais.gazetadopovo.com.br/eleicoes/2016/abadiania-go/vereador/nenem-trajano-14789/",
    "height": 225,
    "width": 161,
    "byteSize": 3923,
    "thumbnailLink": "https://encrypted-tbn0.gstatic.com/images?q=tbn:ANd9GcQOqcV5lZe5lNG1cAmzmKDsHhr0B-aPzZPO6Lp_XPLN1a1K_E4CaHnpSdM",
    "thumbnailHeight": 108,
    "thumbnailWidth": 77
   }
  },
  {
   "kind": "customsearch#result",
   "title": "title | Gazeta do Povo",
   "htmlTitle": "title | Gazeta do Povo",
   "link": "https://gazetadopovo-candidatos-2016.s3.amazonaws.com/fotos/go/abadiania/eder-martins-14000.jpg",
   "displayLink": "especiais.gazetadopovo.com.br",
   "snippet": "title | Gazeta do Povo",
   "htmlSnippet": "title | Gazeta do Povo",
   "mime": "image/jpeg",
   "image": {
    "contextLink": "https://especiais.gazetadopovo.com.br/eleicoes/2016/abadiania-go/vereador/nenem-trajano-14789/",
    "height": 225,
    "width": 161,
    "byteSize": 3938,
    "thumbnailLink": "https://encrypted-tbn0.gstatic.com/images?q=tbn:ANd9GcQOD73XkdI0aYyr_mN6tWUJoq0Vj4oRdwI1L9HZ5CiGwXBjjXqFYZB5T_Y",
    "thumbnailHeight": 108,
    "thumbnailWidth": 77
   }
  }
 ]
}
