{
 "kind": "customsearch#search",
 "url": {
  "type": "application/json",
  "template": "https://www.googleapis.com/customsearch/v1?q={searchTerms}&num={count?}&start={startIndex?}&lr={language?}&safe={safe?}&cx={cx?}&sort={sort?}&filter={filter?}&gl={gl?}&cr={cr?}&googlehost={googleHost?}&c2coff={disableCnTwTranslation?}&hq={hq?}&hl={hl?}&siteSearch={siteSearch?}&siteSearchFilter={siteSearchFilter?}&exactTerms={exactTerms?}&excludeTerms={excludeTerms?}&linkSite={linkSite?}&orTerms={orTerms?}&relatedSite={relatedSite?}&dateRestrict={dateRestrict?}&lowRange={lowRange?}&highRange={highRange?}&searchType={searchType}&fileType={fileType?}&rights={rights?}&imgSize={imgSize?}&imgType={imgType?}&imgColorType={imgColorType?}&imgDominantColor={imgDominantColor?}&alt=json"
 },
 "queries": {
  "request": [
   {
    "title": "Google Custom Search - \"SEBASTIÃO PEREIRA\"",
    "totalResults": "93000",
    "searchTerms": "\"SEBASTIÃO PEREIRA\"",
    "count": 10,
    "startIndex": 1,
    "inputEncoding": "utf8",
    "outputEncoding": "utf8",
    "safe": "off",
    "cx": "014097292584411445814:sh5uhwve2ei",
    "searchType": "image"
   }
  ],
  "nextPage": [
   {
    "title": "Google Custom Search - \"SEBASTIÃO PEREIRA\"",
    "totalResults": "93000",
    "searchTerms": "\"SEBASTIÃO PEREIRA\"",
    "count": 10,
    "startIndex": 11,
    "inputEncoding": "utf8",
    "outputEncoding": "utf8",
    "safe": "off",
    "cx": "014097292584411445814:sh5uhwve2ei",
    "searchType": "image"
   }
  ]
 },
 "context": {
  "title": "Eleitos"
 },
 "searchInformation": {
  "searchTime": 0.229652,
  "formattedSearchTime": "0.23",
  "totalResults": "93000",
  "formattedTotalResults": "93,000"
 },
 "items": [
  {
   "kind": "customsearch#result",
   "title": "Ciep Brizolão 341 Sebastião Pereira Portes - Home | Facebook",
   "htmlTitle": "Ciep Brizolão 341 \u003cb\u003eSebastião Pereira\u003c/b\u003e Portes - Home | Facebook",
   "link": "https://lookaside.fbsbx.com/lookaside/crawler/media/?media_id=206311182777475",
   "displayLink": "www.facebook.com",
   "snippet": "Ciep Brizolão 341 Sebastião Pereira Portes - Home | Facebook",
   "htmlSnippet": "Ciep Brizolão 341 \u003cb\u003eSebastião Pereira\u003c/b\u003e Portes - Home | Facebook",
   "mime": "image/",
   "image": {
    "contextLink": "https://www.facebook.com/Ciep-Brizol%C3%A3o-341-Sebasti%C3%A3o-Pereira-Portes-206311182777475/",
    "height": 638,
    "width": 960,
    "byteSize": 64132,
    "thumbnailLink": "https://encrypted-tbn0.gstatic.com/images?q=tbn:ANd9GcSbahKts7txJtSMkAwD1ZNrXHsoOSO_mr-2MN-ZErsFc6nOi3_azwiZqlg",
    "thumbnailHeight": 98,
    "thumbnailWidth": 148
   }
  },
  {
   "kind": "customsearch#result",
   "title": "title | Gazeta do Povo",
   "htmlTitle": "title | Gazeta do Povo",
   "link": "https://gazetadopovo-candidatos-2016.s3.amazonaws.com/fotos/pb/itaporanga/sebastiao-pereira-19203.jpg",
   "displayLink": "especiais.gazetadopovo.com.br",
   "snippet": "title | Gazeta do Povo",
   "htmlSnippet": "title | Gazeta do Povo",
   "mime": "image/jpeg",
   "image": {
    "contextLink": "https://especiais.gazetadopovo.com.br/eleicoes/2016/itaporanga-pb/vereador/sebastiao-pereira-19203/",
    "height": 225,
    "width": 161,
    "byteSize": 6326,
    "thumbnailLink": "https://encrypted-tbn0.gstatic.com/images?q=tbn:ANd9GcRg3vXFnKXE6qRZR_8zY9ZnDbXv9DDSoHR_APKNqyIjoLgBCubpGag2bQ",
    "thumbnailHeight": 108,
    "thumbnailWidth": 77
   }
  },
  {
   "kind": "customsearch#result",
   "title": "Sebastiao Pereira De Souza - Local Business - 4 Photos | Facebook",
   "htmlTitle": "\u003cb\u003eSebastiao Pereira\u003c/b\u003e De Souza - Local Business - 4 Photos | Facebook",
   "link": "https://lookaside.fbsbx.com/lookaside/crawler/media/?media_id=1890031421277282",
   "displayLink": "www.facebook.com",
   "snippet": "Sebastiao Pereira De Souza - Local Business - 4 Photos | Facebook",
   "htmlSnippet": "\u003cb\u003eSebastiao Pereira\u003c/b\u003e De Souza - Local Business - 4 Photos | Facebook",
   "mime": "image/",
   "image": {
    "contextLink": "https://www.facebook.com/Sebastiao-Pereira-De-Souza-1890031421277282/",
    "height": 960,
    "width": 960,
    "byteSize": 91499,
    "thumbnailLink": "https://encrypted-tbn0.gstatic.com/images?q=tbn:ANd9GcToV4IIrHQrC4c4PpBbSfYO-SjWvtNfe0cRuCPQsxRSwoCx8M-X7EEu3PbXkA",
    "thumbnailHeight": 148,
    "thumbnailWidth": 148
   }
  },
  {
   "kind": "customsearch#result",
   "title": "Alunos das escolas Sebastião Pereira Vidal e Brasílio Menezes ...",
   "htmlTitle": "Alunos das escolas \u003cb\u003eSebastião Pereira\u003c/b\u003e Vidal e Brasílio Menezes ...",
   "link": "https://www.suzano.sp.gov.br/web/wp-content/uploads/2015/05/transito-700x396.jpg",
   "displayLink": "www.suzano.sp.gov.br",
   "snippet": "Alunos das escolas Sebastião Pereira Vidal e Brasílio Menezes ...",
   "htmlSnippet": "Alunos das escolas \u003cb\u003eSebastião Pereira\u003c/b\u003e Vidal e Brasílio Menezes ...",
   "mime": "image/jpeg",
   "image": {
    "contextLink": "https://www.suzano.sp.gov.br/web/alunos-das-escolas-sebastiao-pereira-vidal-e-brasilio-menezes-participam-de-gincana-cultural/",
    "height": 396,
    "width": 700,
    "byteSize": 93228,
    "thumbnailLink": "https://encrypted-tbn0.gstatic.com/images?q=tbn:ANd9GcR0ZyAoaneUmqlAbOJxMwryKYjGzj-Xp5zpngrAvnk3DvFa6eXoz7U_8ftm",
    "thumbnailHeight": 79,
    "thumbnailWidth": 140
   }
  },
  {
   "kind": "customsearch#result",
   "title": "Sebastiao Pereira - Home | Facebook",
   "htmlTitle": "\u003cb\u003eSebastiao Pereira\u003c/b\u003e - Home | Facebook",
   "link": "https://lookaside.fbsbx.com/lookaside/crawler/media/?media_id=132565557261355",
   "displayLink": "www.facebook.com",
   "snippet": "Sebastiao Pereira - Home | Facebook",
   "htmlSnippet": "\u003cb\u003eSebastiao Pereira\u003c/b\u003e - Home | Facebook",
   "mime": "image/",
   "image": {
    "contextLink": "https://www.facebook.com/pages/category/Personal-Blog/Sebastiao-Pereira-132565557261355/",
    "height": 960,
    "width": 956,
    "byteSize": 81546,
    "thumbnailLink": "https://encrypted-tbn0.gstatic.com/images?q=tbn:ANd9GcTu1PX-yVd6WC_O-TMKF7NnrYYXFPp-1mbEtogmSoE1dFyKy2sTVon1ADyyEg",
    "thumbnailHeight": 148,
    "thumbnailWidth": 147
   }
  },
  {
   "kind": "customsearch#result",
   "title": "Sebastião Pereira é taxidermista do Museu de História Natural há ...",
   "htmlTitle": "\u003cb\u003eSebastião Pereira\u003c/b\u003e é taxidermista do Museu de História Natural há ...",
   "link": "https://mid.curitiba.pr.gov.br/2019/capa/00252857.jpg",
   "displayLink": "www.curitiba.pr.gov.br",
   "snippet": "Sebastião Pereira é taxidermista do Museu de História Natural há ...",
   "htmlSnippet": "\u003cb\u003eSebastião Pereira\u003c/b\u003e é taxidermista do Museu de História Natural há ...",
   "mime": "image/jpeg",
   "image": {
    "contextLink": "https://www.curitiba.pr.gov.br/noticias/sebastiao-pereira-e-taxidermista-do-museu-de-historia-natural-ha-32-anos/49509",
    "height": 533,
    "width": 800,
    "byteSize": 54160,
    "thumbnailLink": "https://encrypted-tbn0.gstatic.com/images?q=tbn:ANd9GcQdOgBFS-Vt1HDnpnc95PuvVB3_WKn1DpBc3kzRRBuPDqTMNqos9BGjcUc",
    "thumbnailHeight": 95,
    "thumbnailWidth": 143
   }
  },
  {
   "kind": "customsearch#result",
   "title": "Sebastião Pereira - Home | Facebook",
   "htmlTitle": "\u003cb\u003eSebastião Pereira\u003c/b\u003e - Home | Facebook",
   "link": "https://lookaside.fbsbx.com/lookaside/crawler/media/?media_id=293329051137549",
   "displayLink": "www.facebook.com",
   "snippet": "Sebastião Pereira - Home | Facebook",
   "htmlSnippet": "\u003cb\u003eSebastião Pereira\u003c/b\u003e - Home | Facebook",
   "mime": "image/",
   "image": {
    "contextLink": "https://www.facebook.com/executivohinodeamericana/",
    "height": 467,
    "width": 467,
    "byteSize": 23410,
    "thumbnailLink": "https://encrypted-tbn0.gstatic.com/images?q=tbn:ANd9GcQVa43B2JZqO-yF-SEhDbgOrHwRljxuMWH1ILbirpXXmmfD_SKgmRD-1-yn",
    "thumbnailHeight": 128,
    "thumbnailWidth": 128
   }
  },
  {
   "kind": "customsearch#result",
   "title": "Calendário / Câmara Municipal de Aruanã :: Site oficial da Câmara ...",
   "htmlTitle": "Calendário / Câmara Municipal de Aruanã :: Site oficial da Câmara ...",
   "link": "http://www.camaraaruana.go.gov.br/images/vereadores/sebastiao-pereira-de-souza.jpg",
   "displayLink": "www.camaraaruana.go.gov.br",
   "snippet": "Calendário / Câmara Municipal de Aruanã :: Site oficial da Câmara ...",
   "htmlSnippet": "Calendário / Câmara Municipal de Aruanã :: Site oficial da Câmara ...",
   "mime": "image/jpeg",
   "image": {
    "contextLink": "http://www.camaraaruana.go.gov.br/site/vereadores.php",
    "height": 531,
    "width": 354,
    "byteSize": 111992,
    "thumbnailLink": "https://encrypted-tbn0.gstatic.com/images?q=tbn:ANd9GcQbbcujD23HZ2u5r_tWy6NZbRwh2PkF5cYmqrli112u1EXnCnn2lPRdxzw",
    "thumbnailHeight": 132,
    "thumbnailWidth": 88
   }
  },
  {
   "kind": "customsearch#result",
   "title": "Sebastião Pereira de Castro - Home | Facebook",
   "htmlTitle": "\u003cb\u003eSebastião Pereira\u003c/b\u003e de Castro - Home | Facebook",
   "link": "https://lookaside.fbsbx.com/lookaside/crawler/media/?media_id=138789733378080",
   "displayLink": "www.facebook.com",
   "snippet": "Sebastião Pereira de Castro - Home | Facebook",
   "htmlSnippet": "\u003cb\u003eSebastião Pereira\u003c/b\u003e de Castro - Home | Facebook",
   "mime": "image/",
   "image": {
    "contextLink": "https://www.facebook.com/Sebasti%C3%A3o-Pereira-de-Castro-138789733378080/?ref=py_c",
    "height": 525,
    "width": 525,
    "byteSize": 34726,
    "thumbnailLink": "https://encrypted-tbn0.gstatic.com/images?q=tbn:ANd9GcSgL4_WKav7y6mNKfJeOXYALAtS0aQa3MUzyQX9XKw_vpzhPkmMJg_fHrkk5A",
    "thumbnailHeight": 132,
    "thumbnailWidth": 132
   }
  },
  {
   "kind": "customsearch#result",
   "title": "Sebastião Pereira Lima 31333 PHS (Vereador) Serra Talhada - Guia ...",
   "htmlTitle": "\u003cb\u003eSebastião Pereira\u003c/b\u003e Lima 31333 PHS (Vereador) Serra Talhada - Guia ...",
   "link": "https://gazetadopovo-candidatos-2016.s3.amazonaws.com/fotos/santinhos/pe/serra-talhada/santinho-vereador-sebastiao-pereira-lima-31333-serra-talhada-pe.jpg",
   "displayLink": "especiais.gazetadopovo.com.br",
   "snippet": "Sebastião Pereira Lima 31333 PHS (Vereador) Serra Talhada - Guia ...",
   "htmlSnippet": "\u003cb\u003eSebastião Pereira\u003c/b\u003e Lima 31333 PHS (Vereador) Serra Talhada - Guia ...",
   "mime": "image/jpeg",
   "image": {
    "contextLink": "https://especiais.gazetadopovo.com.br/eleicoes/2016/serra-talhada-pe/vereador/sebastiao-pereira-lima-31333/",
    "height": 339,
    "width": 646,
    "byteSize": 19103,
    "thumbnailLink": "https://encrypted-tbn0.gstatic.com/images?q=tbn:ANd9GcRdaS1rZMfsd0SdVhzkF30C9_Tzy9dGb1pIbwDeTrLkoABN21Hjf4RBUk0",
    "thumbnailHeight": 72,
    "thumbnailWidth": 137
   }
  }
 ]
}
