{
 "kind": "customsearch#search",
 "url": {
  "type": "application/json",
  "template": "https://www.googleapis.com/customsearch/v1?q={searchTerms}&num={count?}&start={startIndex?}&lr={language?}&safe={safe?}&cx={cx?}&sort={sort?}&filter={filter?}&gl={gl?}&cr={cr?}&googlehost={googleHost?}&c2coff={disableCnTwTranslation?}&hq={hq?}&hl={hl?}&siteSearch={siteSearch?}&siteSearchFilter={siteSearchFilter?}&exactTerms={exactTerms?}&excludeTerms={excludeTerms?}&linkSite={linkSite?}&orTerms={orTerms?}&relatedSite={relatedSite?}&dateRestrict={dateRestrict?}&lowRange={lowRange?}&highRange={highRange?}&searchType={searchType}&fileType={fileType?}&rights={rights?}&imgSize={imgSize?}&imgType={imgType?}&imgColorType={imgColorType?}&imgDominantColor={imgDominantColor?}&alt=json"
 },
 "queries": {
  "request": [
   {
    "title": "Google Custom Search - \"SILVIO RIBEIRO DOS SANTOS\"",
    "totalResults": "2870",
    "searchTerms": "\"SILVIO RIBEIRO DOS SANTOS\"",
    "count": 10,
    "startIndex": 1,
    "inputEncoding": "utf8",
    "outputEncoding": "utf8",
    "safe": "off",
    "cx": "014097292584411445814:sh5uhwve2ei",
    "searchType": "image"
   }
  ],
  "nextPage": [
   {
    "title": "Google Custom Search - \"SILVIO RIBEIRO DOS SANTOS\"",
    "totalResults": "2870",
    "searchTerms": "\"SILVIO RIBEIRO DOS SANTOS\"",
    "count": 10,
    "startIndex": 11,
    "inputEncoding": "utf8",
    "outputEncoding": "utf8",
    "safe": "off",
    "cx": "014097292584411445814:sh5uhwve2ei",
    "searchType": "image"
   }
  ]
 },
 "context": {
  "title": "Eleitos"
 },
 "searchInformation": {
  "searchTime": 0.328566,
  "formattedSearchTime": "0.33",
  "totalResults": "2870",
  "formattedTotalResults": "2,870"
 },
 "items": [
  {
   "kind": "customsearch#result",
   "title": "Subprefeituras revitalizam 5 pontos de descarte irregular de ...",
   "htmlTitle": "Subprefeituras revitalizam 5 pontos de descarte irregular de ...",
   "link": "https://www.prefeitura.sp.gov.br/cidade/secretarias/upload/chamadas/rua_silvio_ribeiro_dos_santos_1544010837.png",
   "displayLink": "www.prefeitura.sp.gov.br",
   "snippet": "Subprefeituras revitalizam 5 pontos de descarte irregular de ...",
   "htmlSnippet": "Subprefeituras revitalizam 5 pontos de descarte irregular de ...",
   "mime": "image/png",
   "image": {
    "contextLink": "https://www.prefeitura.sp.gov.br/cidade/secretarias/subprefeituras/noticias/?p=268358",
    "height": 788,
    "width": 940,
    "byteSize": 1064990,
    "thumbnailLink": "https://encrypted-tbn0.gstatic.com/images?q=tbn:ANd9GcQBCJtsRCLKkuSdWgLQJ60UTj8UIzPGZCa4Uon7N_NZyX-pnJF8UI9FHbc",
    "thumbnailHeight": 124,
    "thumbnailWidth": 148
   }
  },
  {
   "kind": "customsearch#result",
   "title": "Vice-Presidente — Câmara Municipal",
   "htmlTitle": "Vice-Presidente — Câmara Municipal",
   "link": "http://www.aguafriadegoias.go.leg.br/20170620_145451.jpg/@@images/ea882792-9710-4570-9b78-ac4d2fc9cf82.jpeg",
   "displayLink": "www.aguafriadegoias.go.leg.br",
   "snippet": "Vice-Presidente — Câmara Municipal",
   "htmlSnippet": "Vice-Presidente — Câmara Municipal",
   "mime": "image/jpeg",
   "image": {
    "contextLink": "http://www.aguafriadegoias.go.leg.br/institucional/vereadores/vereador-3",
    "height": 200,
    "width": 142,
    "byteSize": 9448,
    "thumbnailLink": "https://encrypted-tbn0.gstatic.com/images?q=tbn:ANd9GcT7SVoyj7YtHDBJGvHfkX1qEyI2ozl0MPqoHf_m7OLL4InP3ls8_zoaMAM",
    "thumbnailHeight": 104,
    "thumbnailWidth": 74
   }
  },
  {
   "kind": "customsearch#result",
   "title": "Galerias de arte serão intensificadas em pontos de descarte ...",
   "htmlTitle": "Galerias de arte serão intensificadas em pontos de descarte ...",
   "link": "https://www.prefeitura.sp.gov.br/cidade/secretarias/subprefeituras/upload/ermelino_matarazzo/Rua%20silvio%20ribeiro%20dos%20Santos%20antes.jpeg",
   "displayLink": "www.prefeitura.sp.gov.br",
   "snippet": "Galerias de arte serão intensificadas em pontos de descarte ...",
   "htmlSnippet": "Galerias de arte serão intensificadas em pontos de descarte ...",
   "mime": "image/jpeg",
   "image": {
    "contextLink": "https://www.prefeitura.sp.gov.br/cidade/secretarias/subprefeituras/ermelino_matarazzo/noticias/?p=88617",
    "height": 960,
    "width": 1280,
    "byteSize": 206853,
    "thumbnailLink": "https://encrypted-tbn0.gstatic.com/images?q=tbn:ANd9GcS1hmA4hdMuKH0GC_6clFHSKKD2I-hFDfAFfvY9qt6BtyUy-8fgLvdRQg7G",
    "thumbnailHeight": 113,
    "thumbnailWidth": 150
   }
  },
  {
   "kind": "customsearch#result",
   "title": "Subprefeitura realiza obra de construção de guias, sarjetas e ...",
   "htmlTitle": "Subprefeitura realiza obra de construção de guias, sarjetas e ...",
   "link": "http://www.prefeitura.sp.gov.br/cidade/secretarias/regionais/upload/ermelino_matarazzo/imagens/foto%20vias.jpg",
   "displayLink": "www.prefeitura.sp.gov.br",
   "snippet": "Subprefeitura realiza obra de construção de guias, sarjetas e ...",
   "htmlSnippet": "Subprefeitura realiza obra de construção de guias, sarjetas e ...",
   "mime": "image/jpeg",
   "image": {
    "contextLink": "https://www.prefeitura.sp.gov.br/cidade/secretarias/regionais/ermelino_matarazzo/noticias/?p=14486",
    "height": 180,
    "width": 250,
    "byteSize": 29783,
    "thumbnailLink": "https://encrypted-tbn0.gstatic.com/images?q=tbn:ANd9GcTpe-LT6bQ_l3EYvoIOoTSli2qeRO3jHAj-HtCB5TYkbl7dqOWiJkvULx8",
    "thumbnailHeight": 80,
    "thumbnailWidth": 111
   }
  },
  {
   "kind": "customsearch#result",
   "title": "Galerias de arte serão intensificadas em pontos de descarte ...",
   "htmlTitle": "Galerias de arte serão intensificadas em pontos de descarte ...",
   "link": "https://www.prefeitura.sp.gov.br/cidade/secretarias/subprefeituras/upload/ermelino_matarazzo/Rua%20silvio%20ribeiro%20dos%20santos%20%20depois.jpeg",
   "displayLink": "www.prefeitura.sp.gov.br",
   "snippet": "Galerias de arte serão intensificadas em pontos de descarte ...",
   "htmlSnippet": "Galerias de arte serão intensificadas em pontos de descarte ...",
   "mime": "image/jpeg",
   "image": {
    "contextLink": "https://www.prefeitura.sp.gov.br/cidade/secretarias/subprefeituras/ermelino_matarazzo/noticias/?p=88617",
    "height": 960,
    "width": 1280,
    "byteSize": 171021,
    "thumbnailLink": "https://encrypted-tbn0.gstatic.com/images?q=tbn:ANd9GcRQKNtjpZg9KRGqcA78MK4yc3sA14TKihvK3LFPwe9ZIg3stEatGzPChYY",
    "thumbnailHeight": 113,
    "thumbnailWidth": 150
   }
  },
  {
   "kind": "customsearch#result",
   "title": "Untitled",
   "htmlTitle": "Untitled",
   "link": "x-raw-image:///c5852465775222e802c70d60faa97c0d95171e54dd637236877bd02016bac2f6",
   "displayLink": "itapecerica.mg.gov.br",
   "snippet": "Untitled",
   "htmlSnippet": "Untitled",
   "mime": "image/",
   "image": {
    "contextLink": "http://itapecerica.mg.gov.br/arquivos/download?idArquivo=4019&idCategoria=4",
    "height": 2275,
    "width": 1648,
    "byteSize": 1367989,
    "thumbnailLink": "https://encrypted-tbn0.gstatic.com/images?q=tbn:ANd9GcRUTC51emzS-LOEn6pxTabfbVZID6OtmOgTiRdnXD1XEjeBQWAxtw5TyuYK",
    "thumbnailHeight": 150,
    "thumbnailWidth": 109
   }
  },
  {
   "kind": "customsearch#result",
   "title": "Galerias de arte serão intensificadas em pontos de descarte ...",
   "htmlTitle": "Galerias de arte serão intensificadas em pontos de descarte ...",
   "link": "https://www.prefeitura.sp.gov.br/cidade/secretarias/subprefeituras/upload/ermelino_matarazzo/Rua%20silvio%20ribeiro%20dos%20santos%20%20durante.jpeg",
   "displayLink": "www.prefeitura.sp.gov.br",
   "snippet": "Galerias de arte serão intensificadas em pontos de descarte ...",
   "htmlSnippet": "Galerias de arte serão intensificadas em pontos de descarte ...",
   "mime": "image/jpeg",
   "image": {
    "contextLink": "https://www.prefeitura.sp.gov.br/cidade/secretarias/subprefeituras/ermelino_matarazzo/noticias/?p=88617",
    "height": 644,
    "width": 1197,
    "byteSize": 128382,
    "thumbnailLink": "https://encrypted-tbn0.gstatic.com/images?q=tbn:ANd9GcTJN6O4tVZg-qJg9ooAlvK7VdURB0vm6LIlfwLr0D-GaOTVzzIavv7Epwqz",
    "thumbnailHeight": 81,
    "thumbnailWidth": 150
   }
  },
  {
   "kind": "customsearch#result",
   "title": "Silvio 11211 PP (Vereador) Água Fria de Goiás - Guia Eleições 2016",
   "htmlTitle": "Silvio 11211 PP (Vereador) Água Fria de Goiás - Guia Eleições 2016",
   "link": "https://gazetadopovo-candidatos-2016.s3.amazonaws.com/fotos/santinhos/go/agua-fria-de-goias/santinho-vereador-silvio-11211-agua-fria-de-goias-go.jpg",
   "displayLink": "especiais.gazetadopovo.com.br",
   "snippet": "Silvio 11211 PP (Vereador) Água Fria de Goiás - Guia Eleições 2016",
   "htmlSnippet": "Silvio 11211 PP (Vereador) Água Fria de Goiás - Guia Eleições 2016",
   "mime": "image/jpeg",
   "image": {
    "contextLink": "https://especiais.gazetadopovo.com.br/eleicoes/2016/agua-fria-de-goias-go/vereador/silvio-11211/",
    "height": 339,
    "width": 646,
    "byteSize": 17457,
    "thumbnailLink": "https://encrypted-tbn0.gstatic.com/images?q=tbn:ANd9GcS5fYnBgubvumZalg1P_Ua0xWNsyUdjmQ6iQmisk7YeJ7liV7WRC_eFOTNt",
    "thumbnailHeight": 72,
    "thumbnailWidth": 137
   }
  },
  {
   "kind": "customsearch#result",
   "title": "Página Inicial — Câmara Municipal",
   "htmlTitle": "Página Inicial — Câmara Municipal",
   "link": "http://www.aguafriadegoias.go.leg.br/institucional/noticias/primeira-noticia/@@images/3cd3a713-531d-4740-bc3a-d6d0ee4c1f82.jpeg",
   "displayLink": "www.aguafriadegoias.go.leg.br",
   "snippet": "Página Inicial — Câmara Municipal",
   "htmlSnippet": "Página Inicial — Câmara Municipal",
   "mime": "image/jpeg",
   "image": {
    "contextLink": "http://www.aguafriadegoias.go.leg.br/",
    "height": 576,
    "width": 768,
    "byteSize": 114902,
    "thumbnailLink": "https://encrypted-tbn0.gstatic.com/images?q=tbn:ANd9GcSR7vp3bfs8daQ9FGFSeolNJ9pp8Xa05bHENeJyR7adb4XDVXWVn1X1WVA",
    "thumbnailHeight": 107,
    "thumbnailWidth": 142
   }
  },
  {
   "kind": "customsearch#result",
   "title": "Subprefeituras revitalizam 5 pontos de descarte irregular de ...",
   "htmlTitle": "Subprefeituras revitalizam 5 pontos de descarte irregular de ...",
   "link": "https://www.prefeitura.sp.gov.br/cidade/secretarias/upload/Rua%20Dion%C3%ADsio%20Lavranga.jpg",
   "displayLink": "www.prefeitura.sp.gov.br",
   "snippet": "Subprefeituras revitalizam 5 pontos de descarte irregular de ...",
   "htmlSnippet": "Subprefeituras revitalizam 5 pontos de descarte irregular de ...",
   "mime": "image/jpeg",
   "image": {
    "contextLink": "https://www.prefeitura.sp.gov.br/cidade/secretarias/subprefeituras/noticias/?p=268358",
    "height": 788,
    "width": 940,
    "byteSize": 105034,
    "thumbnailLink": "https://encrypted-tbn0.gstatic.com/images?q=tbn:ANd9GcQX43JGdn0CKLR1EckC1-zXK7j5rlDyk3qAvyJGKwmBSGGePi-D_o5TmjY",
    "thumbnailHeight": 124,
    "thumbnailWidth": 148
   }
  }
 ]
}
