{
 "kind": "customsearch#search",
 "url": {
  "type": "application/json",
  "template": "https://www.googleapis.com/customsearch/v1?q={searchTerms}&num={count?}&start={startIndex?}&lr={language?}&safe={safe?}&cx={cx?}&sort={sort?}&filter={filter?}&gl={gl?}&cr={cr?}&googlehost={googleHost?}&c2coff={disableCnTwTranslation?}&hq={hq?}&hl={hl?}&siteSearch={siteSearch?}&siteSearchFilter={siteSearchFilter?}&exactTerms={exactTerms?}&excludeTerms={excludeTerms?}&linkSite={linkSite?}&orTerms={orTerms?}&relatedSite={relatedSite?}&dateRestrict={dateRestrict?}&lowRange={lowRange?}&highRange={highRange?}&searchType={searchType}&fileType={fileType?}&rights={rights?}&imgSize={imgSize?}&imgType={imgType?}&imgColorType={imgColorType?}&imgDominantColor={imgDominantColor?}&alt=json"
 },
 "queries": {
  "request": [
   {
    "title": "Google Custom Search - \"SILVERIO CORREA DOS SANTOS\"",
    "totalResults": "394",
    "searchTerms": "\"SILVERIO CORREA DOS SANTOS\"",
    "count": 10,
    "startIndex": 1,
    "inputEncoding": "utf8",
    "outputEncoding": "utf8",
    "safe": "off",
    "cx": "014097292584411445814:sh5uhwve2ei",
    "searchType": "image"
   }
  ],
  "nextPage": [
   {
    "title": "Google Custom Search - \"SILVERIO CORREA DOS SANTOS\"",
    "totalResults": "394",
    "searchTerms": "\"SILVERIO CORREA DOS SANTOS\"",
    "count": 10,
    "startIndex": 11,
    "inputEncoding": "utf8",
    "outputEncoding": "utf8",
    "safe": "off",
    "cx": "014097292584411445814:sh5uhwve2ei",
    "searchType": "image"
   }
  ]
 },
 "context": {
  "title": "Eleitos"
 },
 "searchInformation": {
  "searchTime": 0.146987,
  "formattedSearchTime": "0.15",
  "totalResults": "394",
  "formattedTotalResults": "394"
 },
 "items": [
  {
   "kind": "customsearch#result",
   "title": "Professor Silvério 4343 (PV) Deputado Federal | Goiás | Eleições 2018",
   "htmlTitle": "Professor Silvério 4343 (PV) Deputado Federal | Goiás | Eleições 2018",
   "link": "https://cdn-eleicoes.gazetadopovo.com.br/fotos/goias/deputado-federal/professor-silverio-4343.jpg",
   "displayLink": "especiais.gazetadopovo.com.br",
   "snippet": "Professor Silvério 4343 (PV) Deputado Federal | Goiás | Eleições 2018",
   "htmlSnippet": "Professor Silvério 4343 (PV) Deputado Federal | Goiás | Eleições 2018",
   "mime": "image/jpeg",
   "image": {
    "contextLink": "https://especiais.gazetadopovo.com.br/eleicoes/2018/candidatos/go/deputado-federal/professor-silverio-4343/",
    "height": 225,
    "width": 161,
    "byteSize": 4309,
    "thumbnailLink": "https://encrypted-tbn0.gstatic.com/images?q=tbn:ANd9GcRNduPQBkFB-vOhKCjBviZPwAYgNBPSBkbotZatyE3dVvxvZcEs8sZ30g",
    "thumbnailHeight": 108,
    "thumbnailWidth": 77
   }
  },
  {
   "kind": "customsearch#result",
   "title": "Profesor Silverio 43043 PV (Vereador) Águas Lindas de Goiás - Guia ...",
   "htmlTitle": "Profesor Silverio 43043 PV (Vereador) Águas Lindas de Goiás - Guia ...",
   "link": "https://gazetadopovo-candidatos-2016.s3.amazonaws.com/fotos/santinhos/go/aguas-lindas-de-goias/santinho-vereador-profesor-silverio-43043-aguas-lindas-de-goias-go.jpg",
   "displayLink": "especiais.gazetadopovo.com.br",
   "snippet": "Profesor Silverio 43043 PV (Vereador) Águas Lindas de Goiás - Guia ...",
   "htmlSnippet": "Profesor Silverio 43043 PV (Vereador) Águas Lindas de Goiás - Guia ...",
   "mime": "image/jpeg",
   "image": {
    "contextLink": "https://especiais.gazetadopovo.com.br/eleicoes/2016/aguas-lindas-de-goias-go/vereador/profesor-silverio-43043/",
    "height": 339,
    "width": 646,
    "byteSize": 19863,
    "thumbnailLink": "https://encrypted-tbn0.gstatic.com/images?q=tbn:ANd9GcRugT5sJm62LeDHVVHO2XMLyKCsQA0m38T_2IREKUjKQlrzAFpBCONx7s8",
    "thumbnailHeight": 72,
    "thumbnailWidth": 137
   }
  },
  {
   "kind": "customsearch#result",
   "title": "Professor Silvério 4343 (PV) Deputado Federal | Goiás | Eleições 2018",
   "htmlTitle": "Professor Silvério 4343 (PV) Deputado Federal | Goiás | Eleições 2018",
   "link": "https://cdn-eleicoes.gazetadopovo.com.br/santinhos/goias/deputado-federal/santinho-deputado-federal-professor-silverio-4343-goias.jpg",
   "displayLink": "especiais.gazetadopovo.com.br",
   "snippet": "Professor Silvério 4343 (PV) Deputado Federal | Goiás | Eleições 2018",
   "htmlSnippet": "Professor Silvério 4343 (PV) Deputado Federal | Goiás | Eleições 2018",
   "mime": "image/jpeg",
   "image": {
    "contextLink": "https://especiais.gazetadopovo.com.br/eleicoes/2018/candidatos/go/deputado-federal/professor-silverio-4343/",
    "height": 315,
    "width": 601,
    "byteSize": 26682,
    "thumbnailLink": "https://encrypted-tbn0.gstatic.com/images?q=tbn:ANd9GcScuF6OJ_hwgdJZrywnBva_5_cLJarlkMTsipoDNxh8gonnOh4O6_BKRIo",
    "thumbnailHeight": 71,
    "thumbnailWidth": 135
   }
  },
  {
   "kind": "customsearch#result",
   "title": "Comandante Geral inspeciona as instalações do 4º PBM em Águas ...",
   "htmlTitle": "Comandante Geral inspeciona as instalações do 4º PBM em Águas ...",
   "link": "https://www.bombeiros.go.gov.br/wp-content/uploads/2013/03/Aguas-Lindas-1.jpg",
   "displayLink": "www.bombeiros.go.gov.br",
   "snippet": "Comandante Geral inspeciona as instalações do 4º PBM em Águas ...",
   "htmlSnippet": "Comandante Geral inspeciona as instalações do 4º PBM em Águas ...",
   "mime": "image/jpeg",
   "image": {
    "contextLink": "https://www.bombeiros.go.gov.br/noticias/comandante-geral-inspeciona-as-instalacoes-do-4o-pbm-em-aguas-lindas-de-goias-para-breve-inauguracao.html",
    "height": 465,
    "width": 620,
    "byteSize": 47675,
    "thumbnailLink": "https://encrypted-tbn0.gstatic.com/images?q=tbn:ANd9GcQucVhuT_qg-LydHNo_lCJX428aocuD4mC3EXcUcgiArm1vl4Ouh_-VfJY",
    "thumbnailHeight": 102,
    "thumbnailWidth": 136
   }
  },
  {
   "kind": "customsearch#result",
   "title": "Prefeitura de Águas Lindas de Goiás e FNDE inauguram nova creche ...",
   "htmlTitle": "Prefeitura de Águas Lindas de Goiás e FNDE inauguram nova creche ...",
   "link": "https://www.fnde.gov.br/images/phocagallery/Comunicacao/Noticias/Programas/Proinfancia/20150818_placa.jpg",
   "displayLink": "www.fnde.gov.br",
   "snippet": "Prefeitura de Águas Lindas de Goiás e FNDE inauguram nova creche ...",
   "htmlSnippet": "Prefeitura de Águas Lindas de Goiás e FNDE inauguram nova creche ...",
   "mime": "image/jpeg",
   "image": {
    "contextLink": "https://www.fnde.gov.br/index.php/acesso-a-informacao/institucional/area-de-imprensa/noticias/item/7051-prefeitura-de-%C3%A1guas-lindas-de-goi%C3%A1s-e-fnde-inauguram-nova-creche",
    "height": 747,
    "width": 1328,
    "byteSize": 152937,
    "thumbnailLink": "https://encrypted-tbn0.gstatic.com/images?q=tbn:ANd9GcQEcfNTfIpevUjtYeqNdn0AZC4J0PRR_27t1UH2h-ifblb8tqIDTE-lXAQ",
    "thumbnailHeight": 84,
    "thumbnailWidth": 150
   }
  },
  {
   "kind": "customsearch#result",
   "title": "Bombeiros Militares de Águas Lindas celebram Dia Nacional da ...",
   "htmlTitle": "Bombeiros Militares de Águas Lindas celebram Dia Nacional da ...",
   "link": "https://www.bombeiros.go.gov.br/wp-content/uploads/2013/11/acd0030.jpg",
   "displayLink": "www.bombeiros.go.gov.br",
   "snippet": "Bombeiros Militares de Águas Lindas celebram Dia Nacional da ...",
   "htmlSnippet": "Bombeiros Militares de Águas Lindas celebram Dia Nacional da ...",
   "mime": "image/jpeg",
   "image": {
    "contextLink": "https://www.bombeiros.go.gov.br/galeria-fotos/bombeiros-militares-de-aguas-lindas-celebram-dia-nacional-da-bandeira.html",
    "height": 465,
    "width": 620,
    "byteSize": 90119,
    "thumbnailLink": "https://encrypted-tbn0.gstatic.com/images?q=tbn:ANd9GcRGbgkc4qnQs3Gn0EuFdkuXqwpqU4BWBFSRbm5W-Nv6Di04OzdasE1htfA",
    "thumbnailHeight": 102,
    "thumbnailWidth": 136
   }
  },
  {
   "kind": "customsearch#result",
   "title": "Profesor Silverio 43043 PV (Vereador) Águas Lindas de Goiás - Guia ...",
   "htmlTitle": "Profesor Silverio 43043 PV (Vereador) Águas Lindas de Goiás - Guia ...",
   "link": "https://gazetadopovo-candidatos-2016.s3.amazonaws.com/fotos/go/aguas-lindas-de-goias/profesor-silverio-43043.jpg",
   "displayLink": "especiais.gazetadopovo.com.br",
   "snippet": "Profesor Silverio 43043 PV (Vereador) Águas Lindas de Goiás - Guia ...",
   "htmlSnippet": "Profesor Silverio 43043 PV (Vereador) Águas Lindas de Goiás - Guia ...",
   "mime": "image/jpeg",
   "image": {
    "contextLink": "https://especiais.gazetadopovo.com.br/eleicoes/2016/aguas-lindas-de-goias-go/vereador/profesor-silverio-43043/",
    "height": 225,
    "width": 161,
    "byteSize": 4785,
    "thumbnailLink": "https://encrypted-tbn0.gstatic.com/images?q=tbn:ANd9GcSJz36NyPkJnhViPStassV7kSitMvaB6L2C9Jkq8zwBzdVJUfTgQIQWykU",
    "thumbnailHeight": 108,
    "thumbnailWidth": 77
   }
  },
  {
   "kind": "customsearch#result",
   "title": "Bombeiros Militares de Águas Lindas celebram Dia Nacional da ...",
   "htmlTitle": "Bombeiros Militares de Águas Lindas celebram Dia Nacional da ...",
   "link": "https://www.bombeiros.go.gov.br/wp-content/uploads/2013/11/acd0050.jpg",
   "displayLink": "www.bombeiros.go.gov.br",
   "snippet": "Bombeiros Militares de Águas Lindas celebram Dia Nacional da ...",
   "htmlSnippet": "Bombeiros Militares de Águas Lindas celebram Dia Nacional da ...",
   "mime": "image/jpeg",
   "image": {
    "contextLink": "https://www.bombeiros.go.gov.br/galeria-fotos/bombeiros-militares-de-aguas-lindas-celebram-dia-nacional-da-bandeira.html",
    "height": 465,
    "width": 620,
    "byteSize": 85036,
    "thumbnailLink": "https://encrypted-tbn0.gstatic.com/images?q=tbn:ANd9GcQH3MOrkq9LEro53Rw0BnwnHVvnGwR7X9UgpNZDQtBFzDlzIi_Zz-4KFEo",
    "thumbnailHeight": 102,
    "thumbnailWidth": 136
   }
  },
  {
   "kind": "customsearch#result",
   "title": "Untitled",
   "htmlTitle": "Untitled",
   "link": "x-raw-image:///4480e82999cfe0b68fbb878ba8dd36ebe6bc90b1fa3cbd41f97474e92bd027fb",
   "displayLink": "aguaslindasdegoias.go.gov.br",
   "snippet": "Untitled",
   "htmlSnippet": "Untitled",
   "mime": "image/",
   "image": {
    "contextLink": "http://aguaslindasdegoias.go.gov.br/wp-content/uploads/2015/06/LEI-MUNICIPAL-1.209-2015-PME.pdf",
    "height": 2339,
    "width": 1656,
    "byteSize": 1264465,
    "thumbnailLink": "https://encrypted-tbn0.gstatic.com/images?q=tbn:ANd9GcRpJzOCT43CSnHqvRPPz1UZrMoWYykGcIAUEmVukRUciARLtGPsLT921os",
    "thumbnailHeight": 150,
    "thumbnailWidth": 106
   }
  },
  {
   "kind": "customsearch#result",
   "title": "Bombeiros Militares de Águas Lindas celebram Dia Nacional da ...",
   "htmlTitle": "Bombeiros Militares de Águas Lindas celebram Dia Nacional da ...",
   "link": "https://www.bombeiros.go.gov.br/wp-content/uploads/2013/11/acd0060.jpg",
   "displayLink": "www.bombeiros.go.gov.br",
   "snippet": "Bombeiros Militares de Águas Lindas celebram Dia Nacional da ...",
   "htmlSnippet": "Bombeiros Militares de Águas Lindas celebram Dia Nacional da ...",
   "mime": "image/jpeg",
   "image": {
    "contextLink": "https://www.bombeiros.go.gov.br/galeria-fotos/bombeiros-militares-de-aguas-lindas-celebram-dia-nacional-da-bandeira.html",
    "height": 465,
    "width": 620,
    "byteSize": 59579,
    "thumbnailLink": "https://encrypted-tbn0.gstatic.com/images?q=tbn:ANd9GcRyFYSUkjSq0mctRuPMCPBWo1F7DZUloDhZpFq6OGXPGroT0E1NUZJRtHs",
    "thumbnailHeight": 102,
    "thumbnailWidth": 136
   }
  }
 ]
}
