{
 "kind": "customsearch#search",
 "url": {
  "type": "application/json",
  "template": "https://www.googleapis.com/customsearch/v1?q={searchTerms}&num={count?}&start={startIndex?}&lr={language?}&safe={safe?}&cx={cx?}&sort={sort?}&filter={filter?}&gl={gl?}&cr={cr?}&googlehost={googleHost?}&c2coff={disableCnTwTranslation?}&hq={hq?}&hl={hl?}&siteSearch={siteSearch?}&siteSearchFilter={siteSearchFilter?}&exactTerms={exactTerms?}&excludeTerms={excludeTerms?}&linkSite={linkSite?}&orTerms={orTerms?}&relatedSite={relatedSite?}&dateRestrict={dateRestrict?}&lowRange={lowRange?}&highRange={highRange?}&searchType={searchType}&fileType={fileType?}&rights={rights?}&imgSize={imgSize?}&imgType={imgType?}&imgColorType={imgColorType?}&imgDominantColor={imgDominantColor?}&alt=json"
 },
 "queries": {
  "request": [
   {
    "title": "Google Custom Search - \"SOSTENES OLIVEIRA DIAS\"",
    "totalResults": "4",
    "searchTerms": "\"SOSTENES OLIVEIRA DIAS\"",
    "count": 4,
    "startIndex": 1,
    "inputEncoding": "utf8",
    "outputEncoding": "utf8",
    "safe": "off",
    "cx": "014097292584411445814:sh5uhwve2ei",
    "searchType": "image"
   }
  ]
 },
 "context": {
  "title": "Eleitos"
 },
 "searchInformation": {
  "searchTime": 0.283196,
  "formattedSearchTime": "0.28",
  "totalResults": "4",
  "formattedTotalResults": "4"
 },
 "items": [
  {
   "kind": "customsearch#result",
   "title": "Tim da Madereira 25422 DEM (Vereador) Águas Lindas de Goiás - Guia ...",
   "htmlTitle": "Tim da Madereira 25422 DEM (Vereador) Águas Lindas de Goiás - Guia ...",
   "link": "https://gazetadopovo-candidatos-2016.s3.amazonaws.com/fotos/santinhos/go/aguas-lindas-de-goias/santinho-vereador-tim-da-madereira-25422-aguas-lindas-de-goias-go.jpg",
   "displayLink": "especiais.gazetadopovo.com.br",
   "snippet": "Tim da Madereira 25422 DEM (Vereador) Águas Lindas de Goiás - Guia ...",
   "htmlSnippet": "Tim da Madereira 25422 DEM (Vereador) Águas Lindas de Goiás - Guia ...",
   "mime": "image/jpeg",
   "image": {
    "contextLink": "https://especiais.gazetadopovo.com.br/eleicoes/2016/aguas-lindas-de-goias-go/vereador/tim-da-madereira-25422/",
    "height": 339,
    "width": 646,
    "byteSize": 20494,
    "thumbnailLink": "https://encrypted-tbn0.gstatic.com/images?q=tbn:ANd9GcR9bu-vP2HanM4Pgvox8LkiQ-PBRv2f7TfYRAfI4bPm9Rv2GVfFKB_UHtpW",
    "thumbnailHeight": 72,
    "thumbnailWidth": 137
   }
  },
  {
   "kind": "customsearch#result",
   "title": "Amor Por Águas Lindas - Publicações | Facebook",
   "htmlTitle": "Amor Por Águas Lindas - Publicações | Facebook",
   "link": "https://lookaside.fbsbx.com/lookaside/crawler/media/?media_id=877549225698373",
   "displayLink": "pt-br.facebook.com",
   "snippet": "Amor Por Águas Lindas - Publicações | Facebook",
   "htmlSnippet": "Amor Por Águas Lindas - Publicações | Facebook",
   "mime": "image/",
   "image": {
    "contextLink": "https://pt-br.facebook.com/Amor-Por-%C3%81guas-Lindas-877549225698373/posts/",
    "height": 959,
    "width": 960,
    "byteSize": 253347,
    "thumbnailLink": "https://encrypted-tbn0.gstatic.com/images?q=tbn:ANd9GcSFiHMIHijlcbFHXwfdSfjzqsb6ISEtIepH63NEy5PRHxVcQ3Xb1OH2w8B2bw",
    "thumbnailHeight": 148,
    "thumbnailWidth": 148
   }
  },
  {
   "kind": "customsearch#result",
   "title": "Tim da Madereira 25422 DEM (Vereador) Águas Lindas de Goiás - Guia ...",
   "htmlTitle": "Tim da Madereira 25422 DEM (Vereador) Águas Lindas de Goiás - Guia ...",
   "link": "https://gazetadopovo-candidatos-2016.s3.amazonaws.com/fotos/go/aguas-lindas-de-goias/geraldo-messias-36.jpg",
   "displayLink": "especiais.gazetadopovo.com.br",
   "snippet": "Tim da Madereira 25422 DEM (Vereador) Águas Lindas de Goiás - Guia ...",
   "htmlSnippet": "Tim da Madereira 25422 DEM (Vereador) Águas Lindas de Goiás - Guia ...",
   "mime": "image/jpeg",
   "image": {
    "contextLink": "https://especiais.gazetadopovo.com.br/eleicoes/2016/aguas-lindas-de-goias-go/vereador/tim-da-madereira-25422/",
    "height": 225,
    "width": 161,
    "byteSize": 4141,
    "thumbnailLink": "https://encrypted-tbn0.gstatic.com/images?q=tbn:ANd9GcRsaCPEs_nG0Hum_lUN8HeX7BsupoJ59NJokiG7U46KV5ZYKdwEar1y4pE",
    "thumbnailHeight": 108,
    "thumbnailWidth": 77
   }
  },
  {
   "kind": "customsearch#result",
   "title": "Amor Por Águas Lindas - Publicações | Facebook",
   "htmlTitle": "Amor Por Águas Lindas - Publicações | Facebook",
   "link": "https://lookaside.fbsbx.com/lookaside/crawler/media/?media_id=1923454987774453",
   "displayLink": "pt-br.facebook.com",
   "snippet": "Amor Por Águas Lindas - Publicações | Facebook",
   "htmlSnippet": "Amor Por Águas Lindas - Publicações | Facebook",
   "mime": "image/",
   "image": {
    "contextLink": "https://pt-br.facebook.com/Amor-Por-%C3%81guas-Lindas-877549225698373/posts/",
    "height": 480,
    "width": 480,
    "byteSize": 43832,
    "thumbnailLink": "https://encrypted-tbn0.gstatic.com/images?q=tbn:ANd9GcQeGqqNYWNrjEMGqd33Qr8bESPiC1n98_yUoHYORn6aN1oYeGAou1gC1ZmCbw",
    "thumbnailHeight": 129,
    "thumbnailWidth": 129
   }
  }
 ]
}
