{
 "kind": "customsearch#search",
 "url": {
  "type": "application/json",
  "template": "https://www.googleapis.com/customsearch/v1?q={searchTerms}&num={count?}&start={startIndex?}&lr={language?}&safe={safe?}&cx={cx?}&sort={sort?}&filter={filter?}&gl={gl?}&cr={cr?}&googlehost={googleHost?}&c2coff={disableCnTwTranslation?}&hq={hq?}&hl={hl?}&siteSearch={siteSearch?}&siteSearchFilter={siteSearchFilter?}&exactTerms={exactTerms?}&excludeTerms={excludeTerms?}&linkSite={linkSite?}&orTerms={orTerms?}&relatedSite={relatedSite?}&dateRestrict={dateRestrict?}&lowRange={lowRange?}&highRange={highRange?}&searchType={searchType}&fileType={fileType?}&rights={rights?}&imgSize={imgSize?}&imgType={imgType?}&imgColorType={imgColorType?}&imgDominantColor={imgDominantColor?}&alt=json"
 },
 "queries": {
  "request": [
   {
    "title": "Google Custom Search - \"VALDIVINO GOMES CORDEIRO\"",
    "totalResults": "82",
    "searchTerms": "\"VALDIVINO GOMES CORDEIRO\"",
    "count": 10,
    "startIndex": 1,
    "inputEncoding": "utf8",
    "outputEncoding": "utf8",
    "safe": "off",
    "cx": "014097292584411445814:sh5uhwve2ei",
    "searchType": "image"
   }
  ],
  "nextPage": [
   {
    "title": "Google Custom Search - \"VALDIVINO GOMES CORDEIRO\"",
    "totalResults": "82",
    "searchTerms": "\"VALDIVINO GOMES CORDEIRO\"",
    "count": 10,
    "startIndex": 11,
    "inputEncoding": "utf8",
    "outputEncoding": "utf8",
    "safe": "off",
    "cx": "014097292584411445814:sh5uhwve2ei",
    "searchType": "image"
   }
  ]
 },
 "context": {
  "title": "Eleitos"
 },
 "searchInformation": {
  "searchTime": 0.18263,
  "formattedSearchTime": "0.18",
  "totalResults": "82",
  "formattedTotalResults": "82"
 },
 "items": [
  {
   "kind": "customsearch#result",
   "title": "Câmara Municipal de Alexânia-GO",
   "htmlTitle": "Câmara Municipal de Alexânia-GO",
   "link": "https://www.camaraalexania.go.gov.br/portalImages?id=17",
   "displayLink": "www.camaraalexania.go.gov.br",
   "snippet": "Câmara Municipal de Alexânia-GO",
   "htmlSnippet": "Câmara Municipal de Alexânia-GO",
   "mime": "image/",
   "image": {
    "contextLink": "https://www.camaraalexania.go.gov.br/paginas/legislativo/vereadores/exibir?id=7",
    "height": 386,
    "width": 330,
    "byteSize": 21263,
    "thumbnailLink": "https://encrypted-tbn0.gstatic.com/images?q=tbn:ANd9GcRWSqyMtXuUgcxqPiQG3bjA3L4aTxKsfMM06KPaE4-fASRm7Ua59_WWXw",
    "thumbnailHeight": 123,
    "thumbnailWidth": 105
   }
  },
  {
   "kind": "customsearch#result",
   "title": "Câmara Municipal de Alexânia-GO",
   "htmlTitle": "Câmara Municipal de Alexânia-GO",
   "link": "https://camaraalexania.go.gov.br/imagens_temp/parlamentar_MTcxNTIwMzU3NDc5ODI1.jpg",
   "displayLink": "www.camaraalexania.go.gov.br",
   "snippet": "Câmara Municipal de Alexânia-GO",
   "htmlSnippet": "Câmara Municipal de Alexânia-GO",
   "mime": "image/jpeg",
   "image": {
    "contextLink": "https://www.camaraalexania.go.gov.br/paginas/legislativo/vereadores/exibir?id=7",
    "height": 386,
    "width": 330,
    "byteSize": 15136,
    "thumbnailLink": "https://encrypted-tbn0.gstatic.com/images?q=tbn:ANd9GcTlv8hpJf30DgmyxDyinc6nCYCMUmceiPFv5hw42PGhn5vn91og498nnNc",
    "thumbnailHeight": 123,
    "thumbnailWidth": 105
   }
  },
  {
   "kind": "customsearch#result",
   "title": "Notícias - Prefeitura Municipal de Alexania",
   "htmlTitle": "Notícias - Prefeitura Municipal de Alexania",
   "link": "https://www.alexania.go.gov.br/images/noticias/WhatsApp_Image_2019-08-01_at_121203.jpeg",
   "displayLink": "www.alexania.go.gov.br",
   "snippet": "Notícias - Prefeitura Municipal de Alexania",
   "htmlSnippet": "Notícias - Prefeitura Municipal de Alexania",
   "mime": "image/jpeg",
   "image": {
    "contextLink": "https://www.alexania.go.gov.br/noticias",
    "height": 960,
    "width": 1280,
    "byteSize": 132127,
    "thumbnailLink": "https://encrypted-tbn0.gstatic.com/images?q=tbn:ANd9GcRjT_YpetiPtlx7p8ZLDAuIltdMAoAMvnZX_GOLKvIbakOFqCco-m4EEDU",
    "thumbnailHeight": 113,
    "thumbnailWidth": 150
   }
  },
  {
   "kind": "customsearch#result",
   "title": "title | Gazeta do Povo",
   "htmlTitle": "title | Gazeta do Povo",
   "link": "https://gazetadopovo-candidatos-2016.s3.amazonaws.com/fotos/santinhos/go/alexania/santinho-vereador-divino-bodim-31731-alexania-go.jpg",
   "displayLink": "especiais.gazetadopovo.com.br",
   "snippet": "title | Gazeta do Povo",
   "htmlSnippet": "title | Gazeta do Povo",
   "mime": "image/jpeg",
   "image": {
    "contextLink": "https://especiais.gazetadopovo.com.br/eleicoes/2016/alexania-go/vereador/divino-bodim-31731/",
    "height": 339,
    "width": 646,
    "byteSize": 16833,
    "thumbnailLink": "https://encrypted-tbn0.gstatic.com/images?q=tbn:ANd9GcR3F724CP2vFwBbIFyX0VM3y_FQ8YKDyJ5v-UtThGKUm2au2HF8iGRDbYZ9",
    "thumbnailHeight": 72,
    "thumbnailWidth": 137
   }
  },
  {
   "kind": "customsearch#result",
   "title": "Notícias - Prefeitura Municipal de Alexania",
   "htmlTitle": "Notícias - Prefeitura Municipal de Alexania",
   "link": "https://www.alexania.go.gov.br/images/copas_futebol/final_copa_society/67230433_3042323192475070_550248450931818496.jpg",
   "displayLink": "www.alexania.go.gov.br",
   "snippet": "Notícias - Prefeitura Municipal de Alexania",
   "htmlSnippet": "Notícias - Prefeitura Municipal de Alexania",
   "mime": "image/jpeg",
   "image": {
    "contextLink": "https://www.alexania.go.gov.br/noticias",
    "height": 1080,
    "width": 1440,
    "byteSize": 338016,
    "thumbnailLink": "https://encrypted-tbn0.gstatic.com/images?q=tbn:ANd9GcTlVAy_OWK1_M6xjfrrL5VPPh3HOVRxrURM9YubCNJs_88AcIUKLbbXVh4",
    "thumbnailHeight": 113,
    "thumbnailWidth": 150
   }
  },
  {
   "kind": "customsearch#result",
   "title": "Sancionada a Lei da Municipalização do Trânsito - Prefeitura ...",
   "htmlTitle": "Sancionada a Lei da Municipalização do Trânsito - Prefeitura ...",
   "link": "http://www.alexania.go.gov.br/images/noticias/sancao_lei_do_transito/WhatsApp_Image_2019-04-01_at_202709.jpeg",
   "displayLink": "www.alexania.go.gov.br",
   "snippet": "Sancionada a Lei da Municipalização do Trânsito - Prefeitura ...",
   "htmlSnippet": "Sancionada a Lei da Municipalização do Trânsito - Prefeitura ...",
   "mime": "image/jpeg",
   "image": {
    "contextLink": "https://www.alexania.go.gov.br/noticias/noticias-do-gabinete/1249-sancionada-a-lei-da-municipalizacao-do-transito",
    "height": 853,
    "width": 1280,
    "byteSize": 141935,
    "thumbnailLink": "https://encrypted-tbn0.gstatic.com/images?q=tbn:ANd9GcT7HXgN5AHGmnC7SObP1pU4WK2s8qKt2plx-UMe701uVvwoyYqasFqsa0Y",
    "thumbnailHeight": 100,
    "thumbnailWidth": 150
   }
  },
  {
   "kind": "customsearch#result",
   "title": "Notícias - Prefeitura Municipal de Alexania",
   "htmlTitle": "Notícias - Prefeitura Municipal de Alexania",
   "link": "https://www.alexania.go.gov.br/images/noticias/reforma_hma_andamento/WhatsApp_Image_2019-07-23_at_0928321.jpeg",
   "displayLink": "www.alexania.go.gov.br",
   "snippet": "Notícias - Prefeitura Municipal de Alexania",
   "htmlSnippet": "Notícias - Prefeitura Municipal de Alexania",
   "mime": "image/jpeg",
   "image": {
    "contextLink": "https://www.alexania.go.gov.br/noticias",
    "height": 960,
    "width": 1280,
    "byteSize": 271148,
    "thumbnailLink": "https://encrypted-tbn0.gstatic.com/images?q=tbn:ANd9GcQvZsZ6k0Iub2iWC6bU5t3_B2Kknz046O84kDAYqUYt1WQaoWX6IuJ7HdU",
    "thumbnailHeight": 113,
    "thumbnailWidth": 150
   }
  },
  {
   "kind": "customsearch#result",
   "title": "Untitled",
   "htmlTitle": "Untitled",
   "link": "x-raw-image:///d96b8b8f49335503716f52862c62b179f089a80947107a65d3056e7f19de36b2",
   "displayLink": "www.camaraalexania.go.gov.br",
   "snippet": "Untitled",
   "htmlSnippet": "Untitled",
   "mime": "image/",
   "image": {
    "contextLink": "https://www.camaraalexania.go.gov.br/DownloadServlet?id=sztewvfqg2kjdbp5cphbwveuexhblfml",
    "height": 3437,
    "width": 2480,
    "byteSize": 3303381,
    "thumbnailLink": "https://encrypted-tbn0.gstatic.com/images?q=tbn:ANd9GcRoThVtELqN1tq8rglOlerqQQi5owgiZxUs11BTWnpsnQd-ictY17P_p_c",
    "thumbnailHeight": 150,
    "thumbnailWidth": 108
   }
  },
  {
   "kind": "customsearch#result",
   "title": "Notícias - Prefeitura Municipal de Alexania",
   "htmlTitle": "Notícias - Prefeitura Municipal de Alexania",
   "link": "https://www.alexania.go.gov.br/images/noticias/comunicado.jpg",
   "displayLink": "www.alexania.go.gov.br",
   "snippet": "Notícias - Prefeitura Municipal de Alexania",
   "htmlSnippet": "Notícias - Prefeitura Municipal de Alexania",
   "mime": "image/jpeg",
   "image": {
    "contextLink": "https://www.alexania.go.gov.br/noticias",
    "height": 853,
    "width": 1280,
    "byteSize": 116929,
    "thumbnailLink": "https://encrypted-tbn0.gstatic.com/images?q=tbn:ANd9GcTXuSQPzleeyeKSMaeD6PRs33XQ22Zu5fWDSQKVl5Vgijv7NlDhsxL464c0",
    "thumbnailHeight": 100,
    "thumbnailWidth": 150
   }
  },
  {
   "kind": "customsearch#result",
   "title": "Untitled",
   "htmlTitle": "Untitled",
   "link": "x-raw-image:///ec1d764989f723c6c0a7e3fc19718112e1ac368d400278635adf828ad07d7a41",
   "displayLink": "www.camaraalexania.go.gov.br",
   "snippet": "Untitled",
   "htmlSnippet": "Untitled",
   "mime": "image/",
   "image": {
    "contextLink": "https://www.camaraalexania.go.gov.br/DownloadServlet?id=sztewvfqg2kjdbp5cphbwveuexhblfml",
    "height": 3437,
    "width": 2480,
    "byteSize": 7013473,
    "thumbnailLink": "https://encrypted-tbn0.gstatic.com/images?q=tbn:ANd9GcSWwa3waIkaedAwiLEO08DQWUgcubi0Q4nhQH0cwx9B1Y9KD23m0hZL0F0",
    "thumbnailHeight": 150,
    "thumbnailWidth": 108
   }
  }
 ]
}
