{
 "kind": "customsearch#search",
 "url": {
  "type": "application/json",
  "template": "https://www.googleapis.com/customsearch/v1?q={searchTerms}&num={count?}&start={startIndex?}&lr={language?}&safe={safe?}&cx={cx?}&sort={sort?}&filter={filter?}&gl={gl?}&cr={cr?}&googlehost={googleHost?}&c2coff={disableCnTwTranslation?}&hq={hq?}&hl={hl?}&siteSearch={siteSearch?}&siteSearchFilter={siteSearchFilter?}&exactTerms={exactTerms?}&excludeTerms={excludeTerms?}&linkSite={linkSite?}&orTerms={orTerms?}&relatedSite={relatedSite?}&dateRestrict={dateRestrict?}&lowRange={lowRange?}&highRange={highRange?}&searchType={searchType}&fileType={fileType?}&rights={rights?}&imgSize={imgSize?}&imgType={imgType?}&imgColorType={imgColorType?}&imgDominantColor={imgDominantColor?}&alt=json"
 },
 "queries": {
  "request": [
   {
    "title": "Google Custom Search - \"VALDIVINO FERREIRA DA SILVA\"",
    "totalResults": "4800",
    "searchTerms": "\"VALDIVINO FERREIRA DA SILVA\"",
    "count": 10,
    "startIndex": 1,
    "inputEncoding": "utf8",
    "outputEncoding": "utf8",
    "safe": "off",
    "cx": "014097292584411445814:sh5uhwve2ei",
    "searchType": "image"
   }
  ],
  "nextPage": [
   {
    "title": "Google Custom Search - \"VALDIVINO FERREIRA DA SILVA\"",
    "totalResults": "4800",
    "searchTerms": "\"VALDIVINO FERREIRA DA SILVA\"",
    "count": 10,
    "startIndex": 11,
    "inputEncoding": "utf8",
    "outputEncoding": "utf8",
    "safe": "off",
    "cx": "014097292584411445814:sh5uhwve2ei",
    "searchType": "image"
   }
  ]
 },
 "context": {
  "title": "Eleitos"
 },
 "searchInformation": {
  "searchTime": 0.219032,
  "formattedSearchTime": "0.22",
  "totalResults": "4800",
  "formattedTotalResults": "4,800"
 },
 "items": [
  {
   "kind": "customsearch#result",
   "title": "Valdivino Ferreira da Silva - Câmara Municipal de Água Limpa",
   "htmlTitle": "\u003cb\u003eValdivino Ferreira da Silva\u003c/b\u003e - Câmara Municipal de Água Limpa",
   "link": "http://www.camaraagualimpa.go.gov.br/res/midias/img/8256fd964963204b3c4f38dd39c6a2e1.jpg?x=0&y=0&w=715&h=1000",
   "displayLink": "www.camaraagualimpa.go.gov.br",
   "snippet": "Valdivino Ferreira da Silva - Câmara Municipal de Água Limpa",
   "htmlSnippet": "\u003cb\u003eValdivino Ferreira da Silva\u003c/b\u003e - Câmara Municipal de Água Limpa",
   "mime": "image/jpeg",
   "image": {
    "contextLink": "http://www.camaraagualimpa.go.gov.br/pagina/institucional/171-valdivino-ferreira-da-silva",
    "height": 1000,
    "width": 715,
    "byteSize": 65698,
    "thumbnailLink": "https://encrypted-tbn0.gstatic.com/images?q=tbn:ANd9GcRlTozD8FeqEJ3oIJJGdG0QmEqi8098xUbs24i2qygQk8iXlUrorXBiVg0",
    "thumbnailHeight": 149,
    "thumbnailWidth": 107
   }
  },
  {
   "kind": "customsearch#result",
   "title": "Valdivino HoracioRibeiro - Home | Facebook",
   "htmlTitle": "Valdivino HoracioRibeiro - Home | Facebook",
   "link": "https://lookaside.fbsbx.com/lookaside/crawler/media/?media_id=751233755075560",
   "displayLink": "www.facebook.com",
   "snippet": "Valdivino HoracioRibeiro - Home | Facebook",
   "htmlSnippet": "Valdivino HoracioRibeiro - Home | Facebook",
   "mime": "image/",
   "image": {
    "contextLink": "https://www.facebook.com/Valdivino-HoracioRibeiro-129428804372182/",
    "height": 960,
    "width": 954,
    "byteSize": 236072,
    "thumbnailLink": "https://encrypted-tbn0.gstatic.com/images?q=tbn:ANd9GcQIDrWUo-wCq0IEPYH4H4k8x2FesqeQJMXOdV5Baf1s9FXE_X-pBSsGSddQ",
    "thumbnailHeight": 148,
    "thumbnailWidth": 147
   }
  },
  {
   "kind": "customsearch#result",
   "title": "Valdivino da Carreta 13555 PT (Vereador) Espinosa - Guia Eleições 2016",
   "htmlTitle": "Valdivino da Carreta 13555 PT (Vereador) Espinosa - Guia Eleições 2016",
   "link": "https://gazetadopovo-candidatos-2016.s3.amazonaws.com/fotos/santinhos/mg/espinosa/santinho-vereador-valdivino-da-carreta-13555-espinosa-mg.jpg",
   "displayLink": "especiais.gazetadopovo.com.br",
   "snippet": "Valdivino da Carreta 13555 PT (Vereador) Espinosa - Guia Eleições 2016",
   "htmlSnippet": "Valdivino da Carreta 13555 PT (Vereador) Espinosa - Guia Eleições 2016",
   "mime": "image/jpeg",
   "image": {
    "contextLink": "https://especiais.gazetadopovo.com.br/eleicoes/2016/espinosa-mg/vereador/valdivino-da-carreta-13555/",
    "height": 339,
    "width": 646,
    "byteSize": 19361,
    "thumbnailLink": "https://encrypted-tbn0.gstatic.com/images?q=tbn:ANd9GcQt2lFiV6XMUbKAd2fWD7wqEZky03yK8tsf6crqFAblTcHv34-4yQa8MnI",
    "thumbnailHeight": 72,
    "thumbnailWidth": 137
   }
  },
  {
   "kind": "customsearch#result",
   "title": "Valdivino | Valdivino Ferreira Da Silva | Pages Directory",
   "htmlTitle": "Valdivino | \u003cb\u003eValdivino Ferreira Da Silva\u003c/b\u003e | Pages Directory",
   "link": "https://lookaside.fbsbx.com/lookaside/crawler/media/?media_id=1693888183968193",
   "displayLink": "www.facebook.com",
   "snippet": "Valdivino | Valdivino Ferreira Da Silva | Pages Directory",
   "htmlSnippet": "Valdivino | \u003cb\u003eValdivino Ferreira Da Silva\u003c/b\u003e | Pages Directory",
   "mime": "image/",
   "image": {
    "contextLink": "https://www.facebook.com/directory/pages/V-706072-706116",
    "height": 512,
    "width": 512,
    "byteSize": 27844,
    "thumbnailLink": "https://encrypted-tbn0.gstatic.com/images?q=tbn:ANd9GcQztTcA8N6_t_WFipdStjIg5PGG3Y0WmamyDgIi24FnPCPJLP2iE5izDzN8Cw",
    "thumbnailHeight": 131,
    "thumbnailWidth": 131
   }
  },
  {
   "kind": "customsearch#result",
   "title": "Valdivino Ferreira da Silva - Câmara Municipal de Água Limpa",
   "htmlTitle": "\u003cb\u003eValdivino Ferreira da Silva\u003c/b\u003e - Câmara Municipal de Água Limpa",
   "link": "http://www.camaraagualimpa.go.gov.br/res/midias/img/b273f1573121b4a47fa83afb45eb7322.png?x=0&y=0&w=998&h=997.6798143851508",
   "displayLink": "www.camaraagualimpa.go.gov.br",
   "snippet": "Valdivino Ferreira da Silva - Câmara Municipal de Água Limpa",
   "htmlSnippet": "\u003cb\u003eValdivino Ferreira da Silva\u003c/b\u003e - Câmara Municipal de Água Limpa",
   "mime": "image/png",
   "image": {
    "contextLink": "http://www.camaraagualimpa.go.gov.br/pagina/institucional/171-valdivino-ferreira-da-silva",
    "height": 997,
    "width": 998,
    "byteSize": 818870,
    "thumbnailLink": "https://encrypted-tbn0.gstatic.com/images?q=tbn:ANd9GcTCMQwTQmuktk5zwp9-8dVS32nTjYbkfccBbRpIFqTdC3BpEisf_Rwmgn0p",
    "thumbnailHeight": 149,
    "thumbnailWidth": 149
   }
  },
  {
   "kind": "customsearch#result",
   "title": "Valdivino | Valdivino Ferreira Da Silva | Pages Directory",
   "htmlTitle": "Valdivino | \u003cb\u003eValdivino Ferreira Da Silva\u003c/b\u003e | Pages Directory",
   "link": "https://lookaside.fbsbx.com/lookaside/crawler/media/?media_id=327836761046446",
   "displayLink": "www.facebook.com",
   "snippet": "Valdivino | Valdivino Ferreira Da Silva | Pages Directory",
   "htmlSnippet": "Valdivino | \u003cb\u003eValdivino Ferreira Da Silva\u003c/b\u003e | Pages Directory",
   "mime": "image/",
   "image": {
    "contextLink": "https://www.facebook.com/directory/pages/V-706072-706116",
    "height": 960,
    "width": 959,
    "byteSize": 193568,
    "thumbnailLink": "https://encrypted-tbn0.gstatic.com/images?q=tbn:ANd9GcRBWGTfdu_e2--D1dEMShjEXEPF1-q-nuO5n_dl6qpGSWu3VZRqSwBK2AhVVA",
    "thumbnailHeight": 148,
    "thumbnailWidth": 148
   }
  },
  {
   "kind": "customsearch#result",
   "title": "Valdivino da Carreta 13555 PT (Vereador) Espinosa - Guia Eleições 2016",
   "htmlTitle": "Valdivino da Carreta 13555 PT (Vereador) Espinosa - Guia Eleições 2016",
   "link": "https://gazetadopovo-candidatos-2016.s3.amazonaws.com/fotos/mg/espinosa/valdivino-da-carreta-13555.jpg",
   "displayLink": "especiais.gazetadopovo.com.br",
   "snippet": "Valdivino da Carreta 13555 PT (Vereador) Espinosa - Guia Eleições 2016",
   "htmlSnippet": "Valdivino da Carreta 13555 PT (Vereador) Espinosa - Guia Eleições 2016",
   "mime": "image/jpeg",
   "image": {
    "contextLink": "https://especiais.gazetadopovo.com.br/eleicoes/2016/espinosa-mg/vereador/valdivino-da-carreta-13555/",
    "height": 225,
    "width": 161,
    "byteSize": 4457,
    "thumbnailLink": "https://encrypted-tbn0.gstatic.com/images?q=tbn:ANd9GcRIrmBaTemQq0x_oAaEe1-luoDWhBQkk2jzv1dFnJ-Gz5k3z9_I8xUGgfA",
    "thumbnailHeight": 108,
    "thumbnailWidth": 77
   }
  },
  {
   "kind": "customsearch#result",
   "title": "Valdivino | Valdivino Ferreira Da Silva | Pages Directory",
   "htmlTitle": "Valdivino | \u003cb\u003eValdivino Ferreira Da Silva\u003c/b\u003e | Pages Directory",
   "link": "https://lookaside.fbsbx.com/lookaside/crawler/media/?media_id=197159904404918",
   "displayLink": "www.facebook.com",
   "snippet": "Valdivino | Valdivino Ferreira Da Silva | Pages Directory",
   "htmlSnippet": "Valdivino | \u003cb\u003eValdivino Ferreira Da Silva\u003c/b\u003e | Pages Directory",
   "mime": "image/",
   "image": {
    "contextLink": "https://www.facebook.com/directory/pages/V-706072-706116",
    "height": 960,
    "width": 960,
    "byteSize": 22674,
    "thumbnailLink": "https://encrypted-tbn0.gstatic.com/images?q=tbn:ANd9GcRoCJgoaXI2tkSswmxYhXxICLkU_pmlIjNoaVf3R4rssSQJhILmgilpgZh8fA",
    "thumbnailHeight": 148,
    "thumbnailWidth": 148
   }
  },
  {
   "kind": "customsearch#result",
   "title": "Pelos caminhos da Justiça",
   "htmlTitle": "Pelos caminhos da Justiça",
   "link": "https://media.gazetadopovo.com.br/2013/09/9801159874242cc7499b3661ff5950a5-gpMedium.jpg",
   "displayLink": "www.gazetadopovo.com.br",
   "snippet": "Pelos caminhos da Justiça",
   "htmlSnippet": "Pelos caminhos da Justiça",
   "mime": "image/jpeg",
   "image": {
    "contextLink": "https://www.gazetadopovo.com.br/curitiba/falecimentos/pelos-caminhos-da-justica-bcpb412pqbpwduaydiyuxveby/",
    "height": 879,
    "width": 660,
    "byteSize": 92012,
    "thumbnailLink": "https://encrypted-tbn0.gstatic.com/images?q=tbn:ANd9GcTFTdiEOEHiRFFM4M83uxT7T37Lrzjm-zxnCarnyAeulh2Uf1mc_gAbzvQ",
    "thumbnailHeight": 146,
    "thumbnailWidth": 110
   }
  },
  {
   "kind": "customsearch#result",
   "title": "Valdivino | Valdivino Ferreira Da Silva | Pages Directory",
   "htmlTitle": "Valdivino | \u003cb\u003eValdivino Ferreira Da Silva\u003c/b\u003e | Pages Directory",
   "link": "https://lookaside.fbsbx.com/lookaside/crawler/media/?media_id=1907025186293495",
   "displayLink": "www.facebook.com",
   "snippet": "Valdivino | Valdivino Ferreira Da Silva | Pages Directory",
   "htmlSnippet": "Valdivino | \u003cb\u003eValdivino Ferreira Da Silva\u003c/b\u003e | Pages Directory",
   "mime": "image/",
   "image": {
    "contextLink": "https://www.facebook.com/directory/pages/V-706072-706116",
    "height": 320,
    "width": 320,
    "byteSize": 15240,
    "thumbnailLink": "https://encrypted-tbn0.gstatic.com/images?q=tbn:ANd9GcRmIUlh8TBAXPYopk-73QP7wWaHjvSqkVY1ukvdAqNF9cCUHAgEBtZ9mNQ",
    "thumbnailHeight": 118,
    "thumbnailWidth": 118
   }
  }
 ]
}
