{
 "kind": "customsearch#search",
 "url": {
  "type": "application/json",
  "template": "https://www.googleapis.com/customsearch/v1?q={searchTerms}&num={count?}&start={startIndex?}&lr={language?}&safe={safe?}&cx={cx?}&sort={sort?}&filter={filter?}&gl={gl?}&cr={cr?}&googlehost={googleHost?}&c2coff={disableCnTwTranslation?}&hq={hq?}&hl={hl?}&siteSearch={siteSearch?}&siteSearchFilter={siteSearchFilter?}&exactTerms={exactTerms?}&excludeTerms={excludeTerms?}&linkSite={linkSite?}&orTerms={orTerms?}&relatedSite={relatedSite?}&dateRestrict={dateRestrict?}&lowRange={lowRange?}&highRange={highRange?}&searchType={searchType}&fileType={fileType?}&rights={rights?}&imgSize={imgSize?}&imgType={imgType?}&imgColorType={imgColorType?}&imgDominantColor={imgDominantColor?}&alt=json"
 },
 "queries": {
  "request": [
   {
    "title": "Google Custom Search - \"VALDIR INACIO DO PRADO\"",
    "totalResults": "595",
    "searchTerms": "\"VALDIR INACIO DO PRADO\"",
    "count": 10,
    "startIndex": 1,
    "inputEncoding": "utf8",
    "outputEncoding": "utf8",
    "safe": "off",
    "cx": "014097292584411445814:sh5uhwve2ei",
    "searchType": "image"
   }
  ],
  "nextPage": [
   {
    "title": "Google Custom Search - \"VALDIR INACIO DO PRADO\"",
    "totalResults": "595",
    "searchTerms": "\"VALDIR INACIO DO PRADO\"",
    "count": 10,
    "startIndex": 11,
    "inputEncoding": "utf8",
    "outputEncoding": "utf8",
    "safe": "off",
    "cx": "014097292584411445814:sh5uhwve2ei",
    "searchType": "image"
   }
  ]
 },
 "context": {
  "title": "Eleitos"
 },
 "searchInformation": {
  "searchTime": 0.133617,
  "formattedSearchTime": "0.13",
  "totalResults": "595",
  "formattedTotalResults": "595"
 },
 "items": [
  {
   "kind": "customsearch#result",
   "title": "Valdir do Prado 11 PP (Prefeito) Água Limpa - Guia Eleições 2016",
   "htmlTitle": "Valdir do Prado 11 PP (Prefeito) Água Limpa - Guia Eleições 2016",
   "link": "https://gazetadopovo-candidatos-2016.s3.amazonaws.com/fotos/go/agua-limpa/valdir-do-prado-11.jpg",
   "displayLink": "especiais.gazetadopovo.com.br",
   "snippet": "Valdir do Prado 11 PP (Prefeito) Água Limpa - Guia Eleições 2016",
   "htmlSnippet": "Valdir do Prado 11 PP (Prefeito) Água Limpa - Guia Eleições 2016",
   "mime": "image/jpeg",
   "image": {
    "contextLink": "https://especiais.gazetadopovo.com.br/eleicoes/2016/agua-limpa-go/prefeito/valdir-do-prado-11/",
    "height": 225,
    "width": 161,
    "byteSize": 3983,
    "thumbnailLink": "https://encrypted-tbn0.gstatic.com/images?q=tbn:ANd9GcT_tZaN1bVccveiqFI-nhoCJkY93Ry82426CY2TULaLR-zL9Y8BxBJ5nG8",
    "thumbnailHeight": 108,
    "thumbnailWidth": 77
   }
  },
  {
   "kind": "customsearch#result",
   "title": "Agência Press - #ÁguaLimpa | MINISTÉRIO PÚBLICO ACIONA... | Facebook",
   "htmlTitle": "Agência Press - #ÁguaLimpa | MINISTÉRIO PÚBLICO ACIONA... | Facebook",
   "link": "https://lookaside.fbsbx.com/lookaside/crawler/media/?media_id=1252645841539498",
   "displayLink": "www.facebook.com",
   "snippet": "Agência Press - #ÁguaLimpa | MINISTÉRIO PÚBLICO ACIONA... | Facebook",
   "htmlSnippet": "Agência Press - #ÁguaLimpa | MINISTÉRIO PÚBLICO ACIONA... | Facebook",
   "mime": "image/",
   "image": {
    "contextLink": "https://www.facebook.com/agenciapress/posts/1252645924872823/",
    "height": 308,
    "width": 478,
    "byteSize": 8244,
    "thumbnailLink": "https://encrypted-tbn0.gstatic.com/images?q=tbn:ANd9GcTsUTiB6WyKQ-37VofySsuu3Eoq1X5w_9t2ds2G0ILj7hQWnn5ADqKszSSJ",
    "thumbnailHeight": 83,
    "thumbnailWidth": 129
   }
  },
  {
   "kind": "customsearch#result",
   "title": "Valdir do Prado 11 PP (Prefeito) Água Limpa - Guia Eleições 2016",
   "htmlTitle": "Valdir do Prado 11 PP (Prefeito) Água Limpa - Guia Eleições 2016",
   "link": "https://gazetadopovo-candidatos-2016.s3.amazonaws.com/fotos/santinhos/go/agua-limpa/santinho-prefeito-valdir-do-prado-11-agua-limpa-go.jpg",
   "displayLink": "especiais.gazetadopovo.com.br",
   "snippet": "Valdir do Prado 11 PP (Prefeito) Água Limpa - Guia Eleições 2016",
   "htmlSnippet": "Valdir do Prado 11 PP (Prefeito) Água Limpa - Guia Eleições 2016",
   "mime": "image/jpeg",
   "image": {
    "contextLink": "https://especiais.gazetadopovo.com.br/eleicoes/2016/agua-limpa-go/prefeito/valdir-do-prado-11/",
    "height": 339,
    "width": 646,
    "byteSize": 17538,
    "thumbnailLink": "https://encrypted-tbn0.gstatic.com/images?q=tbn:ANd9GcS0IKz-iXNnpYYQSI77pkzTs-URnoEPrqtJOgPL-GLxIvLnHuFJQwXS7VE",
    "thumbnailHeight": 72,
    "thumbnailWidth": 137
   }
  },
  {
   "kind": "customsearch#result",
   "title": "Prefeito participa de eleição da ASGM - Prefeitura Municipal de ...",
   "htmlTitle": "Prefeito participa de eleição da ASGM - Prefeitura Municipal de ...",
   "link": "https://morrinhos.go.gov.br/site/?attachment_id=22226",
   "displayLink": "morrinhos.go.gov.br",
   "snippet": "Prefeito participa de eleição da ASGM - Prefeitura Municipal de ...",
   "htmlSnippet": "Prefeito participa de eleição da ASGM - Prefeitura Municipal de ...",
   "mime": "image/",
   "image": {
    "contextLink": "https://morrinhos.go.gov.br/site/2017/01/prefeito-participa-de-eleicao-da-asgm/",
    "height": 1080,
    "width": 1920,
    "byteSize": 199616,
    "thumbnailLink": "https://encrypted-tbn0.gstatic.com/images?q=tbn:ANd9GcT984zuv3N9jirwjK8_i0yugepi2Qz3wWvsNdvhx8KG-kfzQzh4YbMzxnM",
    "thumbnailHeight": 84,
    "thumbnailWidth": 150
   }
  },
  {
   "kind": "customsearch#result",
   "title": "Valdir do Prado 11 PP (Prefeito) Água Limpa - Guia Eleições 2016",
   "htmlTitle": "Valdir do Prado 11 PP (Prefeito) Água Limpa - Guia Eleições 2016",
   "link": "https://gazetadopovo-candidatos-2016.s3.amazonaws.com/fotos/go/agua-limpa/celia-do-prado-11128.jpg",
   "displayLink": "especiais.gazetadopovo.com.br",
   "snippet": "Valdir do Prado 11 PP (Prefeito) Água Limpa - Guia Eleições 2016",
   "htmlSnippet": "Valdir do Prado 11 PP (Prefeito) Água Limpa - Guia Eleições 2016",
   "mime": "image/jpeg",
   "image": {
    "contextLink": "https://especiais.gazetadopovo.com.br/eleicoes/2016/agua-limpa-go/prefeito/valdir-do-prado-11/",
    "height": 225,
    "width": 161,
    "byteSize": 3463,
    "thumbnailLink": "https://encrypted-tbn0.gstatic.com/images?q=tbn:ANd9GcTbocl1eL_h9CU1xtOQPtXoMo9pnOWOS9eVp6Bda5fpZMFB-n426bRwaQ",
    "thumbnailHeight": 108,
    "thumbnailWidth": 77
   }
  },
  {
   "kind": "customsearch#result",
   "title": "Portal Serra Dourada News added a new... - Portal Serra Dourada ...",
   "htmlTitle": "Portal Serra Dourada News added a new... - Portal Serra Dourada ...",
   "link": "https://lookaside.fbsbx.com/lookaside/crawler/media/?media_id=407196273025460",
   "displayLink": "www.facebook.com",
   "snippet": "Portal Serra Dourada News added a new... - Portal Serra Dourada ...",
   "htmlSnippet": "Portal Serra Dourada News added a new... - Portal Serra Dourada ...",
   "mime": "image/",
   "image": {
    "contextLink": "https://www.facebook.com/sdnewscatalao/photos/a.407196239692130/407196273025460/?type=3&__tn__=HH-R&eid=ARDm5lHmpoZ53O4fZpL9Hm1f4VhX4_UB5SwfXhfTC9NcbZGMygqaPMLSTUeftZH903vn5gWRRt6XLk_A",
    "height": 640,
    "width": 960,
    "byteSize": 78186,
    "thumbnailLink": "https://encrypted-tbn0.gstatic.com/images?q=tbn:ANd9GcT53AsYGqODD0LWBcnObChhYCtsUEjf3b35oqYK6tv19TFYLaRONJCmjppJ",
    "thumbnailHeight": 99,
    "thumbnailWidth": 148
   }
  },
  {
   "kind": "customsearch#result",
   "title": "Valdir do Prado 11 PP (Prefeito) Água Limpa - Guia Eleições 2016",
   "htmlTitle": "Valdir do Prado 11 PP (Prefeito) Água Limpa - Guia Eleições 2016",
   "link": "https://gazetadopovo-candidatos-2016.s3.amazonaws.com/fotos/go/agua-limpa/adelson-11124.jpg",
   "displayLink": "especiais.gazetadopovo.com.br",
   "snippet": "Valdir do Prado 11 PP (Prefeito) Água Limpa - Guia Eleições 2016",
   "htmlSnippet": "Valdir do Prado 11 PP (Prefeito) Água Limpa - Guia Eleições 2016",
   "mime": "image/jpeg",
   "image": {
    "contextLink": "https://especiais.gazetadopovo.com.br/eleicoes/2016/agua-limpa-go/prefeito/valdir-do-prado-11/",
    "height": 225,
    "width": 161,
    "byteSize": 4970,
    "thumbnailLink": "https://encrypted-tbn0.gstatic.com/images?q=tbn:ANd9GcQn1ZhmFokzA-jInPse-_7MOkjTWEgU3H5ZB_if0y3n2t4bDMuv299Eda0",
    "thumbnailHeight": 108,
    "thumbnailWidth": 77
   }
  },
  {
   "kind": "customsearch#result",
   "title": "O Prefeito - Prefeitura Municipal de Água Limpa",
   "htmlTitle": "O Prefeito - Prefeitura Municipal de Água Limpa",
   "link": "http://agualimpa.go.gov.br/res/midias/img/176cf318be134e526f82b5e598b4b351.jpg?x=0&y=0&w=1000&h=1000",
   "displayLink": "agualimpa.go.gov.br",
   "snippet": "O Prefeito - Prefeitura Municipal de Água Limpa",
   "htmlSnippet": "O Prefeito - Prefeitura Municipal de Água Limpa",
   "mime": "image/jpeg",
   "image": {
    "contextLink": "http://agualimpa.go.gov.br/pagina/142-o-prefeito?altocontraste=off",
    "height": 1000,
    "width": 1000,
    "byteSize": 50075,
    "thumbnailLink": "https://encrypted-tbn0.gstatic.com/images?q=tbn:ANd9GcRuZc5W-ylibrwysFj7A8mIHDMlSQWJkjsIps9OvJuuRvRvuGRInCeZvBDBxA",
    "thumbnailHeight": 149,
    "thumbnailWidth": 149
   }
  },
  {
   "kind": "customsearch#result",
   "title": "Valdir do Prado 11 PP (Prefeito) Água Limpa - Guia Eleições 2016",
   "htmlTitle": "Valdir do Prado 11 PP (Prefeito) Água Limpa - Guia Eleições 2016",
   "link": "https://gazetadopovo-candidatos-2016.s3.amazonaws.com/fotos/go/agua-limpa/caroco-11111.jpg",
   "displayLink": "especiais.gazetadopovo.com.br",
   "snippet": "Valdir do Prado 11 PP (Prefeito) Água Limpa - Guia Eleições 2016",
   "htmlSnippet": "Valdir do Prado 11 PP (Prefeito) Água Limpa - Guia Eleições 2016",
   "mime": "image/jpeg",
   "image": {
    "contextLink": "https://especiais.gazetadopovo.com.br/eleicoes/2016/agua-limpa-go/prefeito/valdir-do-prado-11/",
    "height": 225,
    "width": 161,
    "byteSize": 5250,
    "thumbnailLink": "https://encrypted-tbn0.gstatic.com/images?q=tbn:ANd9GcSP593cTyj84FbqqZu7QLe6LwAvjIji2kVQTSFO8EWZGfv3ntr6zrgBYH8",
    "thumbnailHeight": 108,
    "thumbnailWidth": 77
   }
  },
  {
   "kind": "customsearch#result",
   "title": "Prefeito participa de eleição da ASGM – Prefeitura Municipal de ...",
   "htmlTitle": "Prefeito participa de eleição da ASGM – Prefeitura Municipal de ...",
   "link": "http://morrinhos.go.gov.br/site/wp-content/uploads/2017/01/20170118_123141-1024x576.jpg",
   "displayLink": "morrinhos.go.gov.br",
   "snippet": "Prefeito participa de eleição da ASGM – Prefeitura Municipal de ...",
   "htmlSnippet": "Prefeito participa de eleição da ASGM – Prefeitura Municipal de ...",
   "mime": "image/jpeg",
   "image": {
    "contextLink": "http://morrinhos.go.gov.br/site/2017/01/prefeito-participa-de-eleicao-da-asgm/",
    "height": 576,
    "width": 1024,
    "byteSize": 66918,
    "thumbnailLink": "https://encrypted-tbn0.gstatic.com/images?q=tbn:ANd9GcRVtG-xABZjRJkuZry42hh3_CKNi3EuUuBvxHf1kctrWU0fHFF2mkqfCtc",
    "thumbnailHeight": 84,
    "thumbnailWidth": 150
   }
  }
 ]
}
