{
 "kind": "customsearch#search",
 "url": {
  "type": "application/json",
  "template": "https://www.googleapis.com/customsearch/v1?q={searchTerms}&num={count?}&start={startIndex?}&lr={language?}&safe={safe?}&cx={cx?}&sort={sort?}&filter={filter?}&gl={gl?}&cr={cr?}&googlehost={googleHost?}&c2coff={disableCnTwTranslation?}&hq={hq?}&hl={hl?}&siteSearch={siteSearch?}&siteSearchFilter={siteSearchFilter?}&exactTerms={exactTerms?}&excludeTerms={excludeTerms?}&linkSite={linkSite?}&orTerms={orTerms?}&relatedSite={relatedSite?}&dateRestrict={dateRestrict?}&lowRange={lowRange?}&highRange={highRange?}&searchType={searchType}&fileType={fileType?}&rights={rights?}&imgSize={imgSize?}&imgType={imgType?}&imgColorType={imgColorType?}&imgDominantColor={imgDominantColor?}&alt=json"
 },
 "queries": {
  "request": [
   {
    "title": "Google Custom Search - \"VANDERLEI RODRIGUES MONTEIRO\"",
    "totalResults": "8",
    "searchTerms": "\"VANDERLEI RODRIGUES MONTEIRO\"",
    "count": 8,
    "startIndex": 1,
    "inputEncoding": "utf8",
    "outputEncoding": "utf8",
    "safe": "off",
    "cx": "014097292584411445814:sh5uhwve2ei",
    "searchType": "image"
   }
  ]
 },
 "context": {
  "title": "Eleitos"
 },
 "searchInformation": {
  "searchTime": 0.322682,
  "formattedSearchTime": "0.32",
  "totalResults": "8",
  "formattedTotalResults": "8"
 },
 "items": [
  {
   "kind": "customsearch#result",
   "title": "Vanderlei Blá 14033 PTB (Vereador) Águas Lindas de Goiás - Guia ...",
   "htmlTitle": "Vanderlei Blá 14033 PTB (Vereador) Águas Lindas de Goiás - Guia ...",
   "link": "https://gazetadopovo-candidatos-2016.s3.amazonaws.com/fotos/santinhos/go/aguas-lindas-de-goias/santinho-vereador-vanderlei-bla-14033-aguas-lindas-de-goias-go.jpg",
   "displayLink": "especiais.gazetadopovo.com.br",
   "snippet": "Vanderlei Blá 14033 PTB (Vereador) Águas Lindas de Goiás - Guia ...",
   "htmlSnippet": "Vanderlei Blá 14033 PTB (Vereador) Águas Lindas de Goiás - Guia ...",
   "mime": "image/jpeg",
   "image": {
    "contextLink": "https://especiais.gazetadopovo.com.br/eleicoes/2016/aguas-lindas-de-goias-go/vereador/vanderlei-bla-14033/",
    "height": 339,
    "width": 646,
    "byteSize": 19048,
    "thumbnailLink": "https://encrypted-tbn0.gstatic.com/images?q=tbn:ANd9GcQxlFDBgPWO47QTXXSzvUNCGtn7FIrUxgsiOW3kdd9va1eYZ0PRIbAUASv9",
    "thumbnailHeight": 72,
    "thumbnailWidth": 137
   }
  },
  {
   "kind": "customsearch#result",
   "title": "Amor Por Águas Lindas - Publicações | Facebook",
   "htmlTitle": "Amor Por Águas Lindas - Publicações | Facebook",
   "link": "https://lookaside.fbsbx.com/lookaside/crawler/media/?media_id=877549225698373",
   "displayLink": "pt-br.facebook.com",
   "snippet": "Amor Por Águas Lindas - Publicações | Facebook",
   "htmlSnippet": "Amor Por Águas Lindas - Publicações | Facebook",
   "mime": "image/",
   "image": {
    "contextLink": "https://pt-br.facebook.com/Amor-Por-%C3%81guas-Lindas-877549225698373/posts/",
    "height": 959,
    "width": 960,
    "byteSize": 253347,
    "thumbnailLink": "https://encrypted-tbn0.gstatic.com/images?q=tbn:ANd9GcSFiHMIHijlcbFHXwfdSfjzqsb6ISEtIepH63NEy5PRHxVcQ3Xb1OH2w8B2bw",
    "thumbnailHeight": 148,
    "thumbnailWidth": 148
   }
  },
  {
   "kind": "customsearch#result",
   "title": "Vanderlei Blá 14033 PTB (Vereador) Águas Lindas de Goiás - Guia ...",
   "htmlTitle": "Vanderlei Blá 14033 PTB (Vereador) Águas Lindas de Goiás - Guia ...",
   "link": "https://gazetadopovo-candidatos-2016.s3.amazonaws.com/fotos/go/aguas-lindas-de-goias/professora-givanete-14789.jpg",
   "displayLink": "especiais.gazetadopovo.com.br",
   "snippet": "Vanderlei Blá 14033 PTB (Vereador) Águas Lindas de Goiás - Guia ...",
   "htmlSnippet": "Vanderlei Blá 14033 PTB (Vereador) Águas Lindas de Goiás - Guia ...",
   "mime": "image/jpeg",
   "image": {
    "contextLink": "https://especiais.gazetadopovo.com.br/eleicoes/2016/aguas-lindas-de-goias-go/vereador/vanderlei-bla-14033/",
    "height": 225,
    "width": 161,
    "byteSize": 5284,
    "thumbnailLink": "https://encrypted-tbn0.gstatic.com/images?q=tbn:ANd9GcSRZWq1tnJTX38J8bU5coo1FZ2MYva-uFxJ_1FAU-w6MmAYDzqECmwdiw",
    "thumbnailHeight": 108,
    "thumbnailWidth": 77
   }
  },
  {
   "kind": "customsearch#result",
   "title": "Amor Por Águas Lindas - Publicações | Facebook",
   "htmlTitle": "Amor Por Águas Lindas - Publicações | Facebook",
   "link": "https://lookaside.fbsbx.com/lookaside/crawler/media/?media_id=1923454987774453",
   "displayLink": "pt-br.facebook.com",
   "snippet": "Amor Por Águas Lindas - Publicações | Facebook",
   "htmlSnippet": "Amor Por Águas Lindas - Publicações | Facebook",
   "mime": "image/",
   "image": {
    "contextLink": "https://pt-br.facebook.com/Amor-Por-%C3%81guas-Lindas-877549225698373/posts/",
    "height": 480,
    "width": 480,
    "byteSize": 43832,
    "thumbnailLink": "https://encrypted-tbn0.gstatic.com/images?q=tbn:ANd9GcQeGqqNYWNrjEMGqd33Qr8bESPiC1n98_yUoHYORn6aN1oYeGAou1gC1ZmCbw",
    "thumbnailHeight": 129,
    "thumbnailWidth": 129
   }
  },
  {
   "kind": "customsearch#result",
   "title": "Nombre del Proceso",
   "htmlTitle": "Nombre del Proceso",
   "link": "x-raw-image:///37e19df60220ecda1cf4c184cba3d0779be7cd911933b510a33a6fc05462e15c",
   "displayLink": "www.aneel.gov.br",
   "snippet": "Nombre del Proceso",
   "htmlSnippet": "Nombre del Proceso",
   "mime": "image/",
   "image": {
    "contextLink": "http://www.aneel.gov.br/documents/656835/15171728/PDTI+%282018-2021%29+v1.1.1.pdf/3d16dd8c-c690-57de-b40c-668ff7d7dbfb",
    "height": 1330,
    "width": 1112,
    "byteSize": 203920,
    "thumbnailLink": "https://encrypted-tbn0.gstatic.com/images?q=tbn:ANd9GcQNLqzR7J5wgc7NSUoBb77fyYtzVAHhk5FZYAByGpQGkQY0tEdlFmPcD6w",
    "thumbnailHeight": 150,
    "thumbnailWidth": 125
   }
  },
  {
   "kind": "customsearch#result",
   "title": "Nombre del Proceso",
   "htmlTitle": "Nombre del Proceso",
   "link": "x-raw-image:///bdd30a7cf4ef5533b1bc64ad778a32abb0e5fce5c93f88cdf643e616748a09fd",
   "displayLink": "www.aneel.gov.br",
   "snippet": "Nombre del Proceso",
   "htmlSnippet": "Nombre del Proceso",
   "mime": "image/",
   "image": {
    "contextLink": "http://www.aneel.gov.br/documents/656835/15171728/PDTI+%282018-2021%29+v1.1.1.pdf/3d16dd8c-c690-57de-b40c-668ff7d7dbfb",
    "height": 411,
    "width": 1153,
    "byteSize": 47348,
    "thumbnailLink": "https://encrypted-tbn0.gstatic.com/images?q=tbn:ANd9GcSwBb_OiPX8kpCEMDwmFvbdfL0LqGyGdXVfoIS5nEUJKAZPMemBTpm66k8",
    "thumbnailHeight": 53,
    "thumbnailWidth": 150
   }
  },
  {
   "kind": "customsearch#result",
   "title": "Nombre del Proceso",
   "htmlTitle": "Nombre del Proceso",
   "link": "x-raw-image:///f9e66bf057e99fe0d391beae22901ea974f7d08ae564d879a506a9b889193f83",
   "displayLink": "www.aneel.gov.br",
   "snippet": "Nombre del Proceso",
   "htmlSnippet": "Nombre del Proceso",
   "mime": "image/",
   "image": {
    "contextLink": "http://www.aneel.gov.br/documents/656835/15171728/PDTI+%282018-2021%29+v1.1.1.pdf/3d16dd8c-c690-57de-b40c-668ff7d7dbfb",
    "height": 403,
    "width": 766,
    "byteSize": 23221,
    "thumbnailLink": "https://encrypted-tbn0.gstatic.com/images?q=tbn:ANd9GcSOhYdF3Qb_PhRome5xbcHFrKmmScOuNrZSYVMqLlYKTDITKhnJyYmCZHlO",
    "thumbnailHeight": 75,
    "thumbnailWidth": 142
   }
  },
  {
   "kind": "customsearch#result",
   "title": "Nombre del Proceso",
   "htmlTitle": "Nombre del Proceso",
   "link": "x-raw-image:///967e5c1d909cc09918f5184ea8f7b498474df106671d62c65d4549321e75f9b7",
   "displayLink": "www.aneel.gov.br",
   "snippet": "Nombre del Proceso",
   "htmlSnippet": "Nombre del Proceso",
   "mime": "image/",
   "image": {
    "contextLink": "http://www.aneel.gov.br/documents/656835/15171728/PDTI+%282018-2021%29+v1.1.1.pdf/3d16dd8c-c690-57de-b40c-668ff7d7dbfb",
    "height": 138,
    "width": 568,
    "byteSize": 71085,
    "thumbnailLink": "https://encrypted-tbn0.gstatic.com/images?q=tbn:ANd9GcR0Gs2zloJdMRfhkJi6vwIqi54juczTiJcrpRVsfdH-qZ5-1uzW8PV56py2",
    "thumbnailHeight": 33,
    "thumbnailWidth": 134
   }
  }
 ]
}
