{
 "kind": "customsearch#search",
 "url": {
  "type": "application/json",
  "template": "https://www.googleapis.com/customsearch/v1?q={searchTerms}&num={count?}&start={startIndex?}&lr={language?}&safe={safe?}&cx={cx?}&sort={sort?}&filter={filter?}&gl={gl?}&cr={cr?}&googlehost={googleHost?}&c2coff={disableCnTwTranslation?}&hq={hq?}&hl={hl?}&siteSearch={siteSearch?}&siteSearchFilter={siteSearchFilter?}&exactTerms={exactTerms?}&excludeTerms={excludeTerms?}&linkSite={linkSite?}&orTerms={orTerms?}&relatedSite={relatedSite?}&dateRestrict={dateRestrict?}&lowRange={lowRange?}&highRange={highRange?}&searchType={searchType}&fileType={fileType?}&rights={rights?}&imgSize={imgSize?}&imgType={imgType?}&imgColorType={imgColorType?}&imgDominantColor={imgDominantColor?}&alt=json"
 },
 "queries": {
  "request": [
   {
    "title": "Google Custom Search - \"VANDERLAN VIEIRA CARDOSO\"",
    "totalResults": "508",
    "searchTerms": "\"VANDERLAN VIEIRA CARDOSO\"",
    "count": 10,
    "startIndex": 1,
    "inputEncoding": "utf8",
    "outputEncoding": "utf8",
    "safe": "off",
    "cx": "014097292584411445814:sh5uhwve2ei",
    "searchType": "image"
   }
  ],
  "nextPage": [
   {
    "title": "Google Custom Search - \"VANDERLAN VIEIRA CARDOSO\"",
    "totalResults": "508",
    "searchTerms": "\"VANDERLAN VIEIRA CARDOSO\"",
    "count": 10,
    "startIndex": 11,
    "inputEncoding": "utf8",
    "outputEncoding": "utf8",
    "safe": "off",
    "cx": "014097292584411445814:sh5uhwve2ei",
    "searchType": "image"
   }
  ]
 },
 "context": {
  "title": "Eleitos"
 },
 "searchInformation": {
  "searchTime": 0.300834,
  "formattedSearchTime": "0.30",
  "totalResults": "508",
  "formattedTotalResults": "508"
 },
 "items": [
  {
   "kind": "customsearch#result",
   "title": "Vanderlan 111 (PP) Senador | Goiás | Eleições 2018",
   "htmlTitle": "Vanderlan 111 (PP) Senador | Goiás | Eleições 2018",
   "link": "https://cdn-eleicoes.gazetadopovo.com.br/fotos/goias/senador/vanderlan.jpg",
   "displayLink": "especiais.gazetadopovo.com.br",
   "snippet": "Vanderlan 111 (PP) Senador | Goiás | Eleições 2018",
   "htmlSnippet": "Vanderlan 111 (PP) Senador | Goiás | Eleições 2018",
   "mime": "image/jpeg",
   "image": {
    "contextLink": "https://especiais.gazetadopovo.com.br/eleicoes/2018/candidatos/go/senador/vanderlan/",
    "height": 225,
    "width": 161,
    "byteSize": 4586,
    "thumbnailLink": "https://encrypted-tbn0.gstatic.com/images?q=tbn:ANd9GcRK472Glv51yvkmtZrMzG4gWVyTahlUrG429VNWlvVYg8zg4gArnXamVhk",
    "thumbnailHeight": 108,
    "thumbnailWidth": 77
   }
  },
  {
   "kind": "customsearch#result",
   "title": "Vanderlan 40 PSB (Prefeito) Goiânia - Guia Eleições 2016",
   "htmlTitle": "Vanderlan 40 PSB (Prefeito) Goiânia - Guia Eleições 2016",
   "link": "https://gazetadopovo-candidatos-2016.s3.amazonaws.com/fotos/go/goiania/vanderlan-40.jpg",
   "displayLink": "especiais.gazetadopovo.com.br",
   "snippet": "Vanderlan 40 PSB (Prefeito) Goiânia - Guia Eleições 2016",
   "htmlSnippet": "Vanderlan 40 PSB (Prefeito) Goiânia - Guia Eleições 2016",
   "mime": "image/jpeg",
   "image": {
    "contextLink": "https://especiais.gazetadopovo.com.br/eleicoes/2016/goiania-go/prefeito/vanderlan-40/",
    "height": 225,
    "width": 161,
    "byteSize": 4164,
    "thumbnailLink": "https://encrypted-tbn0.gstatic.com/images?q=tbn:ANd9GcTrFZPBuFFdW98pXaoGYJl7IsugTd711HpsHxfNX8e4SW0Uwg6T3B6GEiQ",
    "thumbnailHeight": 108,
    "thumbnailWidth": 77
   }
  },
  {
   "kind": "customsearch#result",
   "title": "Vanderlan 111 (PP) Senador | Goiás | Eleições 2018",
   "htmlTitle": "Vanderlan 111 (PP) Senador | Goiás | Eleições 2018",
   "link": "https://cdn-eleicoes.gazetadopovo.com.br/santinhos/goias/senador/santinho-senador-vanderlan-goias.jpg",
   "displayLink": "especiais.gazetadopovo.com.br",
   "snippet": "Vanderlan 111 (PP) Senador | Goiás | Eleições 2018",
   "htmlSnippet": "Vanderlan 111 (PP) Senador | Goiás | Eleições 2018",
   "mime": "image/jpeg",
   "image": {
    "contextLink": "https://especiais.gazetadopovo.com.br/eleicoes/2018/candidatos/go/senador/vanderlan/",
    "height": 315,
    "width": 601,
    "byteSize": 24790,
    "thumbnailLink": "https://encrypted-tbn0.gstatic.com/images?q=tbn:ANd9GcRXFy7xfBU_6hQn82o83LYMkvUpmMUnILsmdslyvnWBynrk-N2VWP4HmOY",
    "thumbnailHeight": 71,
    "thumbnailWidth": 135
   }
  },
  {
   "kind": "customsearch#result",
   "title": "Senador Vanderlan Cardoso - Senado Federal",
   "htmlTitle": "Senador Vanderlan Cardoso - Senado Federal",
   "link": "http://www.senado.gov.br/senadores/img/fotos-oficiais/senador5899.jpg",
   "displayLink": "www25.senado.leg.br",
   "snippet": "Senador Vanderlan Cardoso - Senado Federal",
   "htmlSnippet": "Senador Vanderlan Cardoso - Senado Federal",
   "mime": "image/jpeg",
   "image": {
    "contextLink": "https://www25.senado.leg.br/web/senadores/senador/-/perfil/5899",
    "height": 600,
    "width": 480,
    "byteSize": 85584,
    "thumbnailLink": "https://encrypted-tbn0.gstatic.com/images?q=tbn:ANd9GcR4hsZBfV5RZekcFlNidzy1qSLIm0SHasDv4qsLKFBZGyVDi1LZC_2Fd00",
    "thumbnailHeight": 135,
    "thumbnailWidth": 108
   }
  },
  {
   "kind": "customsearch#result",
   "title": "Vanderlan Cardoso added a new photo. - Vanderlan Cardoso | Facebook",
   "htmlTitle": "Vanderlan Cardoso added a new photo. - Vanderlan Cardoso | Facebook",
   "link": "https://lookaside.fbsbx.com/lookaside/crawler/media/?media_id=725307314311162",
   "displayLink": "www.facebook.com",
   "snippet": "Vanderlan Cardoso added a new photo. - Vanderlan Cardoso | Facebook",
   "htmlSnippet": "Vanderlan Cardoso added a new photo. - Vanderlan Cardoso | Facebook",
   "mime": "image/",
   "image": {
    "contextLink": "https://www.facebook.com/VanderlanCardosoOficial/photos/d41d8cd9/725307314311162/",
    "height": 640,
    "width": 960,
    "byteSize": 63224,
    "thumbnailLink": "https://encrypted-tbn0.gstatic.com/images?q=tbn:ANd9GcT74NiznfjcMt7o15_lcjU_FT50NLoQC-TduP2XDT86ft1eVe-hZGORx7c",
    "thumbnailHeight": 99,
    "thumbnailWidth": 148
   }
  },
  {
   "kind": "customsearch#result",
   "title": "Vanderlan diz que emprego e renda serão prioridade em seu mandato ...",
   "htmlTitle": "Vanderlan diz que emprego e renda serão prioridade em seu mandato ...",
   "link": "https://www12.senado.leg.br/noticias/materias/2018/10/29/vanderlan-diz-que-emprego-e-renda-serao-prioridade-em-seu-mandato/Vanderlan_14907225_728309377344289_5376297788320003256_n.jpg/@@images/image/imagem_materia",
   "displayLink": "www12.senado.leg.br",
   "snippet": "Vanderlan diz que emprego e renda serão prioridade em seu mandato ...",
   "htmlSnippet": "Vanderlan diz que emprego e renda serão prioridade em seu mandato ...",
   "mime": "image/",
   "image": {
    "contextLink": "https://www12.senado.leg.br/noticias/materias/2018/10/29/vanderlan-diz-que-emprego-e-renda-serao-prioridade-em-seu-mandato",
    "height": 570,
    "width": 860,
    "byteSize": 50596,
    "thumbnailLink": "https://encrypted-tbn0.gstatic.com/images?q=tbn:ANd9GcRgNbh_lbVMQxMXhZ3gvXHTu4JqK9sTcd_7Cu3tF-LftUg-HUeo1_R1D1NP",
    "thumbnailHeight": 96,
    "thumbnailWidth": 145
   }
  },
  {
   "kind": "customsearch#result",
   "title": "Untitled",
   "htmlTitle": "Untitled",
   "link": "x-raw-image:///8f70c7bbfd527a8510bcccdde5f7c8923060cbca0d5ccbe19cab7e91c868babe",
   "displayLink": "www.senadorcanedo.go.gov.br",
   "snippet": "Untitled",
   "htmlSnippet": "Untitled",
   "mime": "image/",
   "image": {
    "contextLink": "https://www.senadorcanedo.go.gov.br/wp-content/uploads/2017/03/249514.pdf",
    "height": 1139,
    "width": 803,
    "byteSize": 786816,
    "thumbnailLink": "https://encrypted-tbn0.gstatic.com/images?q=tbn:ANd9GcQGgJ4vFDg7jPWL9K1AG3mex9gq_-sR03vwEni3RDJEOzuuksQDXG5nwtXn",
    "thumbnailHeight": 150,
    "thumbnailWidth": 106
   }
  },
  {
   "kind": "customsearch#result",
   "title": "Vanderlan 111 (PP) Senador | Goiás | Eleições 2018",
   "htmlTitle": "Vanderlan 111 (PP) Senador | Goiás | Eleições 2018",
   "link": "https://cdn-eleicoes.gazetadopovo.com.br/wp-content/uploads/sites/2/2018/10/05112007/pesquisas-eleitorais-ibope-senador-201810-go.png",
   "displayLink": "especiais.gazetadopovo.com.br",
   "snippet": "Vanderlan 111 (PP) Senador | Goiás | Eleições 2018",
   "htmlSnippet": "Vanderlan 111 (PP) Senador | Goiás | Eleições 2018",
   "mime": "image/png",
   "image": {
    "contextLink": "https://especiais.gazetadopovo.com.br/eleicoes/2018/candidatos/go/senador/vanderlan/",
    "height": 756,
    "width": 2048,
    "byteSize": 81770,
    "thumbnailLink": "https://encrypted-tbn0.gstatic.com/images?q=tbn:ANd9GcTYhqEh4ub4BY081oxmDVBHvkFqYz-0xyRMC5J5siXA-_2dPUYr6eroCy8",
    "thumbnailHeight": 55,
    "thumbnailWidth": 150
   }
  },
  {
   "kind": "customsearch#result",
   "title": "Vanderlan 111 (PP) Senador | Goiás | Eleições 2018",
   "htmlTitle": "Vanderlan 111 (PP) Senador | Goiás | Eleições 2018",
   "link": "http://media.gazetadopovo.com.br/2019/07/05152129/pablo-valadares-camada-dos-deputados-380x214.jpg",
   "displayLink": "especiais.gazetadopovo.com.br",
   "snippet": "Vanderlan 111 (PP) Senador | Goiás | Eleições 2018",
   "htmlSnippet": "Vanderlan 111 (PP) Senador | Goiás | Eleições 2018",
   "mime": "image/jpeg",
   "image": {
    "contextLink": "https://especiais.gazetadopovo.com.br/eleicoes/2018/candidatos/go/senador/vanderlan/",
    "height": 214,
    "width": 380,
    "byteSize": 16815,
    "thumbnailLink": "https://encrypted-tbn0.gstatic.com/images?q=tbn:ANd9GcS7WLha3qOOjhHl-M_atmkQqMWwOSjOxkd-bTwJidIz6OdOXJ1Qu3W1nbE",
    "thumbnailHeight": 69,
    "thumbnailWidth": 123
   }
  },
  {
   "kind": "customsearch#result",
   "title": "Vanderlan diz que emprego e renda serão prioridade em seu mandato ...",
   "htmlTitle": "Vanderlan diz que emprego e renda serão prioridade em seu mandato ...",
   "link": "https://www12.senado.leg.br/noticias/materias/2018/10/29/vanderlan-diz-que-emprego-e-renda-serao-prioridade-em-seu-mandato/Vanderlan_14907225_728309377344289_5376297788320003256_n.jpg",
   "displayLink": "www12.senado.leg.br",
   "snippet": "Vanderlan diz que emprego e renda serão prioridade em seu mandato ...",
   "htmlSnippet": "Vanderlan diz que emprego e renda serão prioridade em seu mandato ...",
   "mime": "image/jpeg",
   "image": {
    "contextLink": "https://www12.senado.leg.br/noticias/materias/2018/10/29/vanderlan-diz-que-emprego-e-renda-serao-prioridade-em-seu-mandato",
    "height": 570,
    "width": 860,
    "byteSize": 131937,
    "thumbnailLink": "https://encrypted-tbn0.gstatic.com/images?q=tbn:ANd9GcS3wdKXP1OdjYcQsrHgqdx70G-KNSV_MIWE0-AlX4JTSgXSclNAInt7HEQ1",
    "thumbnailHeight": 96,
    "thumbnailWidth": 145
   }
  }
 ]
}
