{
 "kind": "customsearch#search",
 "url": {
  "type": "application/json",
  "template": "https://www.googleapis.com/customsearch/v1?q={searchTerms}&num={count?}&start={startIndex?}&lr={language?}&safe={safe?}&cx={cx?}&sort={sort?}&filter={filter?}&gl={gl?}&cr={cr?}&googlehost={googleHost?}&c2coff={disableCnTwTranslation?}&hq={hq?}&hl={hl?}&siteSearch={siteSearch?}&siteSearchFilter={siteSearchFilter?}&exactTerms={exactTerms?}&excludeTerms={excludeTerms?}&linkSite={linkSite?}&orTerms={orTerms?}&relatedSite={relatedSite?}&dateRestrict={dateRestrict?}&lowRange={lowRange?}&highRange={highRange?}&searchType={searchType}&fileType={fileType?}&rights={rights?}&imgSize={imgSize?}&imgType={imgType?}&imgColorType={imgColorType?}&imgDominantColor={imgDominantColor?}&alt=json"
 },
 "queries": {
  "request": [
   {
    "title": "Google Custom Search - \"VANDERLEI FERNANDES DUTRA\"",
    "totalResults": "92",
    "searchTerms": "\"VANDERLEI FERNANDES DUTRA\"",
    "count": 10,
    "startIndex": 1,
    "inputEncoding": "utf8",
    "outputEncoding": "utf8",
    "safe": "off",
    "cx": "014097292584411445814:sh5uhwve2ei",
    "searchType": "image"
   }
  ],
  "nextPage": [
   {
    "title": "Google Custom Search - \"VANDERLEI FERNANDES DUTRA\"",
    "totalResults": "92",
    "searchTerms": "\"VANDERLEI FERNANDES DUTRA\"",
    "count": 10,
    "startIndex": 11,
    "inputEncoding": "utf8",
    "outputEncoding": "utf8",
    "safe": "off",
    "cx": "014097292584411445814:sh5uhwve2ei",
    "searchType": "image"
   }
  ]
 },
 "context": {
  "title": "Eleitos"
 },
 "searchInformation": {
  "searchTime": 0.106393,
  "formattedSearchTime": "0.11",
  "totalResults": "92",
  "formattedTotalResults": "92"
 },
 "items": [
  {
   "kind": "customsearch#result",
   "title": "Vanderlei Fernandes Dutra - Câmara Municipal de Acreúna",
   "htmlTitle": "\u003cb\u003eVanderlei Fernandes Dutra\u003c/b\u003e - Câmara Municipal de Acreúna",
   "link": "http://camaraacreuna.go.gov.br/res/midias/img/79f84faae5637f279da9b50ac8504c23.jpg",
   "displayLink": "www.camaraacreuna.go.gov.br",
   "snippet": "Vanderlei Fernandes Dutra - Câmara Municipal de Acreúna",
   "htmlSnippet": "\u003cb\u003eVanderlei Fernandes Dutra\u003c/b\u003e - Câmara Municipal de Acreúna",
   "mime": "image/jpeg",
   "image": {
    "contextLink": "http://www.camaraacreuna.go.gov.br/pagina/156-vanderlei-fernandes-dutra",
    "height": 1000,
    "width": 666,
    "byteSize": 55285,
    "thumbnailLink": "https://encrypted-tbn0.gstatic.com/images?q=tbn:ANd9GcQTlOWL6RagyXU-JNTgIYAsAR736PpXaW5qXEqNkSqZYhsPtJJqEYpX6gk",
    "thumbnailHeight": 149,
    "thumbnailWidth": 99
   }
  },
  {
   "kind": "customsearch#result",
   "title": "title | Gazeta do Povo",
   "htmlTitle": "title | Gazeta do Povo",
   "link": "https://gazetadopovo-candidatos-2016.s3.amazonaws.com/fotos/santinhos/go/acreuna/santinho-vereador-delei-do-onibus-28000-acreuna-go.jpg",
   "displayLink": "especiais.gazetadopovo.com.br",
   "snippet": "title | Gazeta do Povo",
   "htmlSnippet": "title | Gazeta do Povo",
   "mime": "image/jpeg",
   "image": {
    "contextLink": "https://especiais.gazetadopovo.com.br/eleicoes/2016/acreuna-go/vereador/delei-do-onibus-28000/",
    "height": 339,
    "width": 646,
    "byteSize": 18567,
    "thumbnailLink": "https://encrypted-tbn0.gstatic.com/images?q=tbn:ANd9GcT_aWMazfB4cbBszXj76N6l2lzLtxEwXZ73tDY-A62eLeWnOaZyAqDaaOeM",
    "thumbnailHeight": 72,
    "thumbnailWidth": 137
   }
  },
  {
   "kind": "customsearch#result",
   "title": "Quadro Político Added by PRTB on janeiro... - PRTB FUNILÃNDIA MG ...",
   "htmlTitle": "Quadro Político Added by PRTB on janeiro... - PRTB FUNILÃNDIA MG ...",
   "link": "https://lookaside.fbsbx.com/lookaside/crawler/media/?media_id=235008173519055",
   "displayLink": "www.facebook.com",
   "snippet": "Quadro Político Added by PRTB on janeiro... - PRTB FUNILÃNDIA MG ...",
   "htmlSnippet": "Quadro Político Added by PRTB on janeiro... - PRTB FUNILÃNDIA MG ...",
   "mime": "image/",
   "image": {
    "contextLink": "https://www.facebook.com/235008173519055/posts/quadro-pol%C3%ADticoadded-by-prtb-on-janeiro-8-2013saved-under-hist%C3%B3ria-quadro-pol%C3%ADti/235242780162261/",
    "height": 577,
    "width": 960,
    "byteSize": 124304,
    "thumbnailLink": "https://encrypted-tbn0.gstatic.com/images?q=tbn:ANd9GcQx0myQhAGLECJrAp5duqbgK8qrLe4PMianxj8s_sSmWC8zEpxwPFfOskLO",
    "thumbnailHeight": 89,
    "thumbnailWidth": 148
   }
  },
  {
   "kind": "customsearch#result",
   "title": "RECESSO ADMINISTRATIVO - Câmara Municipal de Acreúna",
   "htmlTitle": "RECESSO ADMINISTRATIVO - Câmara Municipal de Acreúna",
   "link": "http://www.camaraacreuna.go.gov.br/res/midias/img/fb454adbc37b8a14513904fcd457cd0f.jpg?x=NaN&y=0&w=NaN&h=0",
   "displayLink": "www.camaraacreuna.go.gov.br",
   "snippet": "RECESSO ADMINISTRATIVO - Câmara Municipal de Acreúna",
   "htmlSnippet": "RECESSO ADMINISTRATIVO - Câmara Municipal de Acreúna",
   "mime": "image/jpeg",
   "image": {
    "contextLink": "http://www.camaraacreuna.go.gov.br/noticia/33-recesso-administrativo",
    "height": 800,
    "width": 1000,
    "byteSize": 57435,
    "thumbnailLink": "https://encrypted-tbn0.gstatic.com/images?q=tbn:ANd9GcSbVUKyw313ayuFYAYPRlq6sf6hZUxKrXmxQkfhBj8DL6P2ALzuQ5B4XA0",
    "thumbnailHeight": 119,
    "thumbnailWidth": 149
   }
  },
  {
   "kind": "customsearch#result",
   "title": "title | Gazeta do Povo",
   "htmlTitle": "title | Gazeta do Povo",
   "link": "https://gazetadopovo-candidatos-2016.s3.amazonaws.com/fotos/go/acreuna/delei-do-onibus-28000.jpg",
   "displayLink": "especiais.gazetadopovo.com.br",
   "snippet": "title | Gazeta do Povo",
   "htmlSnippet": "title | Gazeta do Povo",
   "mime": "image/jpeg",
   "image": {
    "contextLink": "https://especiais.gazetadopovo.com.br/eleicoes/2016/acreuna-go/vereador/delei-do-onibus-28000/",
    "height": 225,
    "width": 161,
    "byteSize": 4090,
    "thumbnailLink": "https://encrypted-tbn0.gstatic.com/images?q=tbn:ANd9GcQRYoIY9ldIaE8Eq8qXsNbne8EEeZpyCeCL7-TEnVjSGh-m8QdAo3SxnG4",
    "thumbnailHeight": 108,
    "thumbnailWidth": 77
   }
  },
  {
   "kind": "customsearch#result",
   "title": "Edimar Alves de Sousa - Câmara Municipal de Acreúna",
   "htmlTitle": "Edimar Alves de Sousa - Câmara Municipal de Acreúna",
   "link": "http://camaraacreuna.go.gov.br/res/midias/img/a72e86693203980ac88d277c22ab7a1e.jpg",
   "displayLink": "www.camaraacreuna.go.gov.br",
   "snippet": "Edimar Alves de Sousa - Câmara Municipal de Acreúna",
   "htmlSnippet": "Edimar Alves de Sousa - Câmara Municipal de Acreúna",
   "mime": "image/jpeg",
   "image": {
    "contextLink": "http://www.camaraacreuna.go.gov.br/pagina/154-edimar-alves-de-sousa",
    "height": 1000,
    "width": 666,
    "byteSize": 77093,
    "thumbnailLink": "https://encrypted-tbn0.gstatic.com/images?q=tbn:ANd9GcSlVtk1Sg0qgplqAuv71VItrTKDKRvAWLyv2Iy1xIsfQO_ZpbJNMkD8oYu4",
    "thumbnailHeight": 149,
    "thumbnailWidth": 99
   }
  },
  {
   "kind": "customsearch#result",
   "title": "Diego Rodrigues da Silva Arantes - Câmara Municipal de Acreúna",
   "htmlTitle": "Diego Rodrigues da Silva Arantes - Câmara Municipal de Acreúna",
   "link": "http://camaraacreuna.go.gov.br/res/midias/img/e6d49ca436aff3e4e0908621bffa8df7.jpg",
   "displayLink": "www.camaraacreuna.go.gov.br",
   "snippet": "Diego Rodrigues da Silva Arantes - Câmara Municipal de Acreúna",
   "htmlSnippet": "Diego Rodrigues da Silva Arantes - Câmara Municipal de Acreúna",
   "mime": "image/jpeg",
   "image": {
    "contextLink": "http://www.camaraacreuna.go.gov.br/pagina/157-diego-rodrigues-da-silva-arantes",
    "height": 1000,
    "width": 666,
    "byteSize": 54824,
    "thumbnailLink": "https://encrypted-tbn0.gstatic.com/images?q=tbn:ANd9GcRzIdlaVV79wFuFCdVkhWFT4-dtF0gtdyiNxM5_lelfCe2wftb4c6ik5hk",
    "thumbnailHeight": 149,
    "thumbnailWidth": 99
   }
  },
  {
   "kind": "customsearch#result",
   "title": "Lígia Ferreira de Oliveira - Câmara Municipal de Acreúna",
   "htmlTitle": "Lígia Ferreira de Oliveira - Câmara Municipal de Acreúna",
   "link": "http://camaraacreuna.go.gov.br/res/midias/img/a5ed70361b8e2f7cb4c0280846519967.jpg",
   "displayLink": "www.camaraacreuna.go.gov.br",
   "snippet": "Lígia Ferreira de Oliveira - Câmara Municipal de Acreúna",
   "htmlSnippet": "Lígia Ferreira de Oliveira - Câmara Municipal de Acreúna",
   "mime": "image/jpeg",
   "image": {
    "contextLink": "http://www.camaraacreuna.go.gov.br/pagina/148-ligia-ferreira-de-oliveira",
    "height": 1000,
    "width": 666,
    "byteSize": 81457,
    "thumbnailLink": "https://encrypted-tbn0.gstatic.com/images?q=tbn:ANd9GcQyHox4f-suxb-jEMEsh5BJ8aCjzuhaUMpaOrw-05Ur4veWZEcPF4Uqdho",
    "thumbnailHeight": 149,
    "thumbnailWidth": 99
   }
  },
  {
   "kind": "customsearch#result",
   "title": "EDITAL - CONCURSO PÚBLICO 01/2018 - Câmara Municipal de Acreúna",
   "htmlTitle": "EDITAL - CONCURSO PÚBLICO 01/2018 - Câmara Municipal de Acreúna",
   "link": "http://www.camaraacreuna.go.gov.br/res/midias/img/917d31e6b5612dbb7603f62452ae4057.jpg?x=0&y=0&w=1000&h=666",
   "displayLink": "www.camaraacreuna.go.gov.br",
   "snippet": "EDITAL - CONCURSO PÚBLICO 01/2018 - Câmara Municipal de Acreúna",
   "htmlSnippet": "EDITAL - CONCURSO PÚBLICO 01/2018 - Câmara Municipal de Acreúna",
   "mime": "image/jpeg",
   "image": {
    "contextLink": "http://www.camaraacreuna.go.gov.br/noticia/36-edital---concurso-pblico-012018",
    "height": 666,
    "width": 1000,
    "byteSize": 45792,
    "thumbnailLink": "https://encrypted-tbn0.gstatic.com/images?q=tbn:ANd9GcTcv8rvwVRCYBbH6BgTi3zp2AZrmmOG5x7EEJETQp4JDoKr4b6g0MAn0IxI",
    "thumbnailHeight": 99,
    "thumbnailWidth": 149
   }
  },
  {
   "kind": "customsearch#result",
   "title": "LISTA DE CANDIDATOS COM PEDIDO DE ISENÇÃO DE PAGAMENTO DA ...",
   "htmlTitle": "LISTA DE CANDIDATOS COM PEDIDO DE ISENÇÃO DE PAGAMENTO DA ...",
   "link": "http://www.camaraacreuna.go.gov.br/res/midias/img/67105acf415d65e03e67b43e9262a9cc.jpg?x=0&y=0&w=1000&h=651",
   "displayLink": "www.camaraacreuna.go.gov.br",
   "snippet": "LISTA DE CANDIDATOS COM PEDIDO DE ISENÇÃO DE PAGAMENTO DA ...",
   "htmlSnippet": "LISTA DE CANDIDATOS COM PEDIDO DE ISENÇÃO DE PAGAMENTO DA ...",
   "mime": "image/jpeg",
   "image": {
    "contextLink": "http://www.camaraacreuna.go.gov.br/noticia/38-lista-de-candidatos-com-pedido-de-iseno-de-pagamento-da-inscrio-indeferido",
    "height": 651,
    "width": 1000,
    "byteSize": 40916,
    "thumbnailLink": "https://encrypted-tbn0.gstatic.com/images?q=tbn:ANd9GcQB2ZQKF90Y3P5_nGKdSRO2vhAFuFbf-yovd3jmZih2nzJ59YQJNQ5rdpUS",
    "thumbnailHeight": 97,
    "thumbnailWidth": 149
   }
  }
 ]
}
