{
 "kind": "customsearch#search",
 "url": {
  "type": "application/json",
  "template": "https://www.googleapis.com/customsearch/v1?q={searchTerms}&num={count?}&start={startIndex?}&lr={language?}&safe={safe?}&cx={cx?}&sort={sort?}&filter={filter?}&gl={gl?}&cr={cr?}&googlehost={googleHost?}&c2coff={disableCnTwTranslation?}&hq={hq?}&hl={hl?}&siteSearch={siteSearch?}&siteSearchFilter={siteSearchFilter?}&exactTerms={exactTerms?}&excludeTerms={excludeTerms?}&linkSite={linkSite?}&orTerms={orTerms?}&relatedSite={relatedSite?}&dateRestrict={dateRestrict?}&lowRange={lowRange?}&highRange={highRange?}&searchType={searchType}&fileType={fileType?}&rights={rights?}&imgSize={imgSize?}&imgType={imgType?}&imgColorType={imgColorType?}&imgDominantColor={imgDominantColor?}&alt=json"
 },
 "queries": {
  "request": [
   {
    "title": "Google Custom Search - \"VANDERLEI ALVES DE CARVALHO\"",
    "totalResults": "7190",
    "searchTerms": "\"VANDERLEI ALVES DE CARVALHO\"",
    "count": 10,
    "startIndex": 1,
    "inputEncoding": "utf8",
    "outputEncoding": "utf8",
    "safe": "off",
    "cx": "014097292584411445814:sh5uhwve2ei",
    "searchType": "image"
   }
  ],
  "nextPage": [
   {
    "title": "Google Custom Search - \"VANDERLEI ALVES DE CARVALHO\"",
    "totalResults": "7190",
    "searchTerms": "\"VANDERLEI ALVES DE CARVALHO\"",
    "count": 10,
    "startIndex": 11,
    "inputEncoding": "utf8",
    "outputEncoding": "utf8",
    "safe": "off",
    "cx": "014097292584411445814:sh5uhwve2ei",
    "searchType": "image"
   }
  ]
 },
 "context": {
  "title": "Eleitos"
 },
 "searchInformation": {
  "searchTime": 0.175806,
  "formattedSearchTime": "0.18",
  "totalResults": "7190",
  "formattedTotalResults": "7,190"
 },
 "items": [
  {
   "kind": "customsearch#result",
   "title": "Delei 31000 PHS (Vereador) Abadia de Goiás - Guia Eleições 2016",
   "htmlTitle": "Delei 31000 PHS (Vereador) Abadia de Goiás - Guia Eleições 2016",
   "link": "https://gazetadopovo-candidatos-2016.s3.amazonaws.com/fotos/santinhos/go/abadia-de-goias/santinho-vereador-delei-31000-abadia-de-goias-go.jpg",
   "displayLink": "especiais.gazetadopovo.com.br",
   "snippet": "Delei 31000 PHS (Vereador) Abadia de Goiás - Guia Eleições 2016",
   "htmlSnippet": "Delei 31000 PHS (Vereador) Abadia de Goiás - Guia Eleições 2016",
   "mime": "image/jpeg",
   "image": {
    "contextLink": "https://especiais.gazetadopovo.com.br/eleicoes/2016/abadia-de-goias-go/vereador/delei-31000/",
    "height": 339,
    "width": 646,
    "byteSize": 17891,
    "thumbnailLink": "https://encrypted-tbn0.gstatic.com/images?q=tbn:ANd9GcRIafxtuJVSJJ1f-CQlgeLO7jZgCKANR3I8w6O4jA2BEYDX9xHSZ32Ahy0",
    "thumbnailHeight": 72,
    "thumbnailWidth": 137
   }
  },
  {
   "kind": "customsearch#result",
   "title": "PITISCO ”",
   "htmlTitle": "PITISCO ”",
   "link": "x-raw-image:///077b386fe5095feea7e7b657b0ce569c231dd2c72a8d9516440bb6fce3cd213e",
   "displayLink": "www.botucatu.sp.gov.br",
   "snippet": "PITISCO ”",
   "htmlSnippet": "PITISCO ”",
   "mime": "image/",
   "image": {
    "contextLink": "http://www.botucatu.sp.gov.br/images//BID03TORNEIOINTERNO.pdf",
    "height": 130,
    "width": 294,
    "byteSize": 39107,
    "thumbnailLink": "https://encrypted-tbn0.gstatic.com/images?q=tbn:ANd9GcRG1APSi1a16mHz6ZSakA7_4UClf-co8Crt0LjiBCC6DWYPM0FihPigHLY",
    "thumbnailHeight": 51,
    "thumbnailWidth": 115
   }
  },
  {
   "kind": "customsearch#result",
   "title": "Delei 31000 PHS (Vereador) Abadia de Goiás - Guia Eleições 2016",
   "htmlTitle": "Delei 31000 PHS (Vereador) Abadia de Goiás - Guia Eleições 2016",
   "link": "https://gazetadopovo-candidatos-2016.s3.amazonaws.com/fotos/go/abadia-de-goias/delei-31000.jpg",
   "displayLink": "especiais.gazetadopovo.com.br",
   "snippet": "Delei 31000 PHS (Vereador) Abadia de Goiás - Guia Eleições 2016",
   "htmlSnippet": "Delei 31000 PHS (Vereador) Abadia de Goiás - Guia Eleições 2016",
   "mime": "image/jpeg",
   "image": {
    "contextLink": "https://especiais.gazetadopovo.com.br/eleicoes/2016/abadia-de-goias-go/vereador/delei-31000/",
    "height": 225,
    "width": 161,
    "byteSize": 4703,
    "thumbnailLink": "https://encrypted-tbn0.gstatic.com/images?q=tbn:ANd9GcTdAUEvXyJYbXeEBoJCfzsdXy2Cgv5dtEROS3jXK1XvI9CweW26qGbpoP4",
    "thumbnailHeight": 108,
    "thumbnailWidth": 77
   }
  },
  {
   "kind": "customsearch#result",
   "title": "AVISO DE PUBLICAÇÃO DE CARTA CONVITE A SECRETARIA DE ADMINISTRAÇÃO ...",
   "htmlTitle": "AVISO DE PUBLICAÇÃO DE CARTA CONVITE A SECRETARIA DE ADMINISTRAÇÃO ...",
   "link": "x-raw-image:///ec21b0377f462cae934c6f8210e0ce8a7456831b833828e053e0d74032458d97",
   "displayLink": "jussara.go.gov.br",
   "snippet": "AVISO DE PUBLICAÇÃO DE CARTA CONVITE A SECRETARIA DE ADMINISTRAÇÃO ...",
   "htmlSnippet": "AVISO DE PUBLICAÇÃO DE CARTA CONVITE A SECRETARIA DE ADMINISTRAÇÃO ...",
   "mime": "image/",
   "image": {
    "contextLink": "http://jussara.go.gov.br/transparencia/_arquivos/20140610165032_b2edcfd3d9206b86045921e179283247.pdf",
    "height": 491,
    "width": 582,
    "byteSize": 80004,
    "thumbnailLink": "https://encrypted-tbn0.gstatic.com/images?q=tbn:ANd9GcR3VAt4BEEjJmtJKgX_PKypjyedSlc9OQF0UF79DCA3p3e3g6bhJCMZ6cw",
    "thumbnailHeight": 113,
    "thumbnailWidth": 134
   }
  },
  {
   "kind": "customsearch#result",
   "title": "Delei 31000 PHS (Vereador) Abadia de Goiás - Guia Eleições 2016",
   "htmlTitle": "Delei 31000 PHS (Vereador) Abadia de Goiás - Guia Eleições 2016",
   "link": "https://gazetadopovo-candidatos-2016.s3.amazonaws.com/fotos/go/abadia-de-goias/elza-do-posto-31900.jpg",
   "displayLink": "especiais.gazetadopovo.com.br",
   "snippet": "Delei 31000 PHS (Vereador) Abadia de Goiás - Guia Eleições 2016",
   "htmlSnippet": "Delei 31000 PHS (Vereador) Abadia de Goiás - Guia Eleições 2016",
   "mime": "image/jpeg",
   "image": {
    "contextLink": "https://especiais.gazetadopovo.com.br/eleicoes/2016/abadia-de-goias-go/vereador/delei-31000/",
    "height": 225,
    "width": 161,
    "byteSize": 4829,
    "thumbnailLink": "https://encrypted-tbn0.gstatic.com/images?q=tbn:ANd9GcTSs5Sq5W7CQ3ATdb4FRx9ZpWXyslQAPolMwvx57yeA6Uds5AakKu-GHg",
    "thumbnailHeight": 108,
    "thumbnailWidth": 77
   }
  },
  {
   "kind": "customsearch#result",
   "title": "AVISO DE PUBLICAÇÃO DE CARTA CONVITE A SECRETARIA DE ADMINISTRAÇÃO ...",
   "htmlTitle": "AVISO DE PUBLICAÇÃO DE CARTA CONVITE A SECRETARIA DE ADMINISTRAÇÃO ...",
   "link": "x-raw-image:///4b5040f3d9321bb150e819fb63667931310a3c3f39fb64c0d797dcd1d314134c",
   "displayLink": "jussara.go.gov.br",
   "snippet": "AVISO DE PUBLICAÇÃO DE CARTA CONVITE A SECRETARIA DE ADMINISTRAÇÃO ...",
   "htmlSnippet": "AVISO DE PUBLICAÇÃO DE CARTA CONVITE A SECRETARIA DE ADMINISTRAÇÃO ...",
   "mime": "image/",
   "image": {
    "contextLink": "http://jussara.go.gov.br/transparencia/_arquivos/20140610165032_b2edcfd3d9206b86045921e179283247.pdf",
    "height": 153,
    "width": 422,
    "byteSize": 7482,
    "thumbnailLink": "https://encrypted-tbn0.gstatic.com/images?q=tbn:ANd9GcRZvOf-kXU7EXGkiqvWwW0sSNdqEKtTrSuFIKV20qbkuNc0f4z8JJpIL2o",
    "thumbnailHeight": 46,
    "thumbnailWidth": 126
   }
  },
  {
   "kind": "customsearch#result",
   "title": "Delei 31000 PHS (Vereador) Abadia de Goiás - Guia Eleições 2016",
   "htmlTitle": "Delei 31000 PHS (Vereador) Abadia de Goiás - Guia Eleições 2016",
   "link": "https://gazetadopovo-candidatos-2016.s3.amazonaws.com/fotos/go/abadia-de-goias/david-gomes-31234.jpg",
   "displayLink": "especiais.gazetadopovo.com.br",
   "snippet": "Delei 31000 PHS (Vereador) Abadia de Goiás - Guia Eleições 2016",
   "htmlSnippet": "Delei 31000 PHS (Vereador) Abadia de Goiás - Guia Eleições 2016",
   "mime": "image/jpeg",
   "image": {
    "contextLink": "https://especiais.gazetadopovo.com.br/eleicoes/2016/abadia-de-goias-go/vereador/delei-31000/",
    "height": 225,
    "width": 161,
    "byteSize": 4922,
    "thumbnailLink": "https://encrypted-tbn0.gstatic.com/images?q=tbn:ANd9GcQuDHsHN8Yx_Vfr2NQRWYevzBFN6kQdMJCfqmY-8PD8vHk-59SjwUJNaQ",
    "thumbnailHeight": 108,
    "thumbnailWidth": 77
   }
  },
  {
   "kind": "customsearch#result",
   "title": "Subprefeitura de Rubião Junior está à disposição da população",
   "htmlTitle": "Subprefeitura de Rubião Junior está à disposição da população",
   "link": "x-raw-image:///f6e42580610a44a9d7c07154f277eb7c3e3973fbd6304a896b39754fd9499d48",
   "displayLink": "www.botucatu.sp.gov.br",
   "snippet": "Subprefeitura de Rubião Junior está à disposição da população",
   "htmlSnippet": "Subprefeitura de Rubião Junior está à disposição da população",
   "mime": "image/",
   "image": {
    "contextLink": "http://www.botucatu.sp.gov.br/semanario/docs/semanario_1055.pdf",
    "height": 1094,
    "width": 178,
    "byteSize": 83634,
    "thumbnailLink": "https://encrypted-tbn0.gstatic.com/images?q=tbn:ANd9GcSkxoTsz-u2LLKuGVdmt-i4vj1XG3pYia23WRWd_q3zy3PYcSaWtgNleTq4",
    "thumbnailHeight": 150,
    "thumbnailWidth": 24
   }
  },
  {
   "kind": "customsearch#result",
   "title": "Delei 31000 PHS (Vereador) Abadia de Goiás - Guia Eleições 2016",
   "htmlTitle": "Delei 31000 PHS (Vereador) Abadia de Goiás - Guia Eleições 2016",
   "link": "https://gazetadopovo-candidatos-2016.s3.amazonaws.com/fotos/go/abadia-de-goias/lucio-da-casa-de-carne-thiago-31333.jpg",
   "displayLink": "especiais.gazetadopovo.com.br",
   "snippet": "Delei 31000 PHS (Vereador) Abadia de Goiás - Guia Eleições 2016",
   "htmlSnippet": "Delei 31000 PHS (Vereador) Abadia de Goiás - Guia Eleições 2016",
   "mime": "image/jpeg",
   "image": {
    "contextLink": "https://especiais.gazetadopovo.com.br/eleicoes/2016/abadia-de-goias-go/vereador/delei-31000/",
    "height": 225,
    "width": 161,
    "byteSize": 4004,
    "thumbnailLink": "https://encrypted-tbn0.gstatic.com/images?q=tbn:ANd9GcSB5uaLKOME6qabanQbYY5SmQyEvcY-GmnedJElV0UI-qk5C-go_5DHPyo",
    "thumbnailHeight": 108,
    "thumbnailWidth": 77
   }
  },
  {
   "kind": "customsearch#result",
   "title": "Comunicado",
   "htmlTitle": "Comunicado",
   "link": "x-raw-image:///3b80fb5aaff92ce7f003f690fc11b852e66b8d53cadd3a1ed25e28278ae3f9cd",
   "displayLink": "www.botucatu.sp.gov.br",
   "snippet": "Comunicado",
   "htmlSnippet": "Comunicado",
   "mime": "image/",
   "image": {
    "contextLink": "http://www.botucatu.sp.gov.br/habitacao/lista_aptos_sorteio_sehab.pdf",
    "height": 134,
    "width": 443,
    "byteSize": 68353,
    "thumbnailLink": "https://encrypted-tbn0.gstatic.com/images?q=tbn:ANd9GcQ7T42yU1nQ47J8VXi78dKpMjEU07NTL1WAPHBE_yQQEi4jqiFF6WVFGxk",
    "thumbnailHeight": 38,
    "thumbnailWidth": 127
   }
  }
 ]
}
