{
 "kind": "customsearch#search",
 "url": {
  "type": "application/json",
  "template": "https://www.googleapis.com/customsearch/v1?q={searchTerms}&num={count?}&start={startIndex?}&lr={language?}&safe={safe?}&cx={cx?}&sort={sort?}&filter={filter?}&gl={gl?}&cr={cr?}&googlehost={googleHost?}&c2coff={disableCnTwTranslation?}&hq={hq?}&hl={hl?}&siteSearch={siteSearch?}&siteSearchFilter={siteSearchFilter?}&exactTerms={exactTerms?}&excludeTerms={excludeTerms?}&linkSite={linkSite?}&orTerms={orTerms?}&relatedSite={relatedSite?}&dateRestrict={dateRestrict?}&lowRange={lowRange?}&highRange={highRange?}&searchType={searchType}&fileType={fileType?}&rights={rights?}&imgSize={imgSize?}&imgType={imgType?}&imgColorType={imgColorType?}&imgDominantColor={imgDominantColor?}&alt=json"
 },
 "queries": {
  "request": [
   {
    "title": "Google Custom Search - \"WALDERSON RUFINO GUIMARÃES\"",
    "totalResults": "136",
    "searchTerms": "\"WALDERSON RUFINO GUIMARÃES\"",
    "count": 10,
    "startIndex": 1,
    "inputEncoding": "utf8",
    "outputEncoding": "utf8",
    "safe": "off",
    "cx": "014097292584411445814:sh5uhwve2ei",
    "searchType": "image"
   }
  ],
  "nextPage": [
   {
    "title": "Google Custom Search - \"WALDERSON RUFINO GUIMARÃES\"",
    "totalResults": "136",
    "searchTerms": "\"WALDERSON RUFINO GUIMARÃES\"",
    "count": 10,
    "startIndex": 11,
    "inputEncoding": "utf8",
    "outputEncoding": "utf8",
    "safe": "off",
    "cx": "014097292584411445814:sh5uhwve2ei",
    "searchType": "image"
   }
  ]
 },
 "context": {
  "title": "Eleitos"
 },
 "searchInformation": {
  "searchTime": 0.115914,
  "formattedSearchTime": "0.12",
  "totalResults": "136",
  "formattedTotalResults": "136"
 },
 "items": [
  {
   "kind": "customsearch#result",
   "title": "Walderson Rufino Guimarães - Câmara Municipal de Água Limpa",
   "htmlTitle": "\u003cb\u003eWalderson Rufino Guimarães\u003c/b\u003e - Câmara Municipal de Água Limpa",
   "link": "http://www.camaraagualimpa.go.gov.br/res/midias/img/5a53b715c6fcb24d0e8efe260cd7a0bd.jpg?x=0&y=0&w=715&h=1000",
   "displayLink": "www.camaraagualimpa.go.gov.br",
   "snippet": "Walderson Rufino Guimarães - Câmara Municipal de Água Limpa",
   "htmlSnippet": "\u003cb\u003eWalderson Rufino Guimarães\u003c/b\u003e - Câmara Municipal de Água Limpa",
   "mime": "image/jpeg",
   "image": {
    "contextLink": "http://www.camaraagualimpa.go.gov.br/pagina/institucional/172-walderson-rufino-guimaraes",
    "height": 1000,
    "width": 715,
    "byteSize": 42963,
    "thumbnailLink": "https://encrypted-tbn0.gstatic.com/images?q=tbn:ANd9GcStJKTZg7e5BneIyO_HuR-Xwusi1ac3YtW0w5x_zsHAAXd-b0l1NpB2awo",
    "thumbnailHeight": 149,
    "thumbnailWidth": 107
   }
  },
  {
   "kind": "customsearch#result",
   "title": "title | Gazeta do Povo",
   "htmlTitle": "title | Gazeta do Povo",
   "link": "https://gazetadopovo-candidatos-2016.s3.amazonaws.com/fotos/santinhos/go/agua-limpa/santinho-vereador-walderson-40609-agua-limpa-go.jpg",
   "displayLink": "especiais.gazetadopovo.com.br",
   "snippet": "title | Gazeta do Povo",
   "htmlSnippet": "title | Gazeta do Povo",
   "mime": "image/jpeg",
   "image": {
    "contextLink": "https://especiais.gazetadopovo.com.br/eleicoes/2016/agua-limpa-go/vereador/walderson-40609/",
    "height": 339,
    "width": 646,
    "byteSize": 19066,
    "thumbnailLink": "https://encrypted-tbn0.gstatic.com/images?q=tbn:ANd9GcQkJauQnehT65LRcH3lvw68CuAF13p0OZ0vBbk_2VFetzkVdYrxVPJ6Dtg",
    "thumbnailHeight": 72,
    "thumbnailWidth": 137
   }
  },
  {
   "kind": "customsearch#result",
   "title": "Walderson Rufino Guimarães - Câmara Municipal de Água Limpa",
   "htmlTitle": "\u003cb\u003eWalderson Rufino Guimarães\u003c/b\u003e - Câmara Municipal de Água Limpa",
   "link": "http://www.camaraagualimpa.go.gov.br/res/midias/img/b273f1573121b4a47fa83afb45eb7322.png?x=0&y=0&w=998&h=997.6798143851508",
   "displayLink": "www.camaraagualimpa.go.gov.br",
   "snippet": "Walderson Rufino Guimarães - Câmara Municipal de Água Limpa",
   "htmlSnippet": "\u003cb\u003eWalderson Rufino Guimarães\u003c/b\u003e - Câmara Municipal de Água Limpa",
   "mime": "image/png",
   "image": {
    "contextLink": "http://www.camaraagualimpa.go.gov.br/pagina/institucional/172-walderson-rufino-guimaraes",
    "height": 997,
    "width": 998,
    "byteSize": 818870,
    "thumbnailLink": "https://encrypted-tbn0.gstatic.com/images?q=tbn:ANd9GcTCMQwTQmuktk5zwp9-8dVS32nTjYbkfccBbRpIFqTdC3BpEisf_Rwmgn0p",
    "thumbnailHeight": 149,
    "thumbnailWidth": 149
   }
  },
  {
   "kind": "customsearch#result",
   "title": "title | Gazeta do Povo",
   "htmlTitle": "title | Gazeta do Povo",
   "link": "https://gazetadopovo-candidatos-2016.s3.amazonaws.com/fotos/go/agua-limpa/walderson-40609.jpg",
   "displayLink": "especiais.gazetadopovo.com.br",
   "snippet": "title | Gazeta do Povo",
   "htmlSnippet": "title | Gazeta do Povo",
   "mime": "image/jpeg",
   "image": {
    "contextLink": "https://especiais.gazetadopovo.com.br/eleicoes/2016/agua-limpa-go/vereador/walderson-40609/",
    "height": 225,
    "width": 161,
    "byteSize": 4513,
    "thumbnailLink": "https://encrypted-tbn0.gstatic.com/images?q=tbn:ANd9GcQEVHt2au6sfeYetUX9wb4aNs8T1DXArr76rUxoGtTjRpwq2fLJbJlACA",
    "thumbnailHeight": 108,
    "thumbnailWidth": 77
   }
  },
  {
   "kind": "customsearch#result",
   "title": "Walderson Rufino Guimarães - Câmara Municipal de Água Limpa",
   "htmlTitle": "\u003cb\u003eWalderson Rufino Guimarães\u003c/b\u003e - Câmara Municipal de Água Limpa",
   "link": "http://www.camaraagualimpa.go.gov.br/res/midias/img/b273f1573121b4a47fa83afb45eb7322.png?x=0&y=0&w=998&h=997.6798143851508&mw=170&mh=170",
   "displayLink": "www.camaraagualimpa.go.gov.br",
   "snippet": "Walderson Rufino Guimarães - Câmara Municipal de Água Limpa",
   "htmlSnippet": "\u003cb\u003eWalderson Rufino Guimarães\u003c/b\u003e - Câmara Municipal de Água Limpa",
   "mime": "image/png",
   "image": {
    "contextLink": "http://www.camaraagualimpa.go.gov.br/pagina/institucional/172-walderson-rufino-guimaraes",
    "height": 170,
    "width": 170,
    "byteSize": 31529,
    "thumbnailLink": "https://encrypted-tbn0.gstatic.com/images?q=tbn:ANd9GcRszc9LhvxfPpXDuRCAs9SyUtkOnxUtJSe2zmep90sbBujm_bXnbhMjEJ4",
    "thumbnailHeight": 99,
    "thumbnailWidth": 99
   }
  },
  {
   "kind": "customsearch#result",
   "title": "title | Gazeta do Povo",
   "htmlTitle": "title | Gazeta do Povo",
   "link": "https://gazetadopovo-candidatos-2016.s3.amazonaws.com/fotos/go/agua-limpa/coxeta-45.jpg",
   "displayLink": "especiais.gazetadopovo.com.br",
   "snippet": "title | Gazeta do Povo",
   "htmlSnippet": "title | Gazeta do Povo",
   "mime": "image/jpeg",
   "image": {
    "contextLink": "https://especiais.gazetadopovo.com.br/eleicoes/2016/agua-limpa-go/vereador/walderson-40609/",
    "height": 225,
    "width": 161,
    "byteSize": 4382,
    "thumbnailLink": "https://encrypted-tbn0.gstatic.com/images?q=tbn:ANd9GcRUfLKVH6pVCy1I3dGR7aJbjRdimHZq4Yu0k-QLxz_7GEozrEqgx2xcdyo",
    "thumbnailHeight": 108,
    "thumbnailWidth": 77
   }
  },
  {
   "kind": "customsearch#result",
   "title": "Câmara Municipal de Água Limpa",
   "htmlTitle": "Câmara Municipal de Água Limpa",
   "link": "http://camaraagualimpa.go.gov.br/res/midias/img/8f95ae951c355015b3088b390413077a.jpeg?x=0&y=75.70422535211267&w=1000&h=520.8333333333334&mw=720&mh=375",
   "displayLink": "camaraagualimpa.go.gov.br",
   "snippet": "Câmara Municipal de Água Limpa",
   "htmlSnippet": "Câmara Municipal de Água Limpa",
   "mime": "image/jpeg",
   "image": {
    "contextLink": "http://camaraagualimpa.go.gov.br/",
    "height": 750,
    "width": 1000,
    "byteSize": 81904,
    "thumbnailLink": "https://encrypted-tbn0.gstatic.com/images?q=tbn:ANd9GcS5ZAUPhxn8lXq-At4gUkKlmngEYQri5AuxvQSLfc_2PATpdPM-Pj69sHGP",
    "thumbnailHeight": 112,
    "thumbnailWidth": 149
   }
  },
  {
   "kind": "customsearch#result",
   "title": "title | Gazeta do Povo",
   "htmlTitle": "title | Gazeta do Povo",
   "link": "https://gazetadopovo-candidatos-2016.s3.amazonaws.com/fotos/go/agua-limpa/valdir-do-prado-11.jpg",
   "displayLink": "especiais.gazetadopovo.com.br",
   "snippet": "title | Gazeta do Povo",
   "htmlSnippet": "title | Gazeta do Povo",
   "mime": "image/jpeg",
   "image": {
    "contextLink": "https://especiais.gazetadopovo.com.br/eleicoes/2016/agua-limpa-go/vereador/walderson-40609/",
    "height": 225,
    "width": 161,
    "byteSize": 3983,
    "thumbnailLink": "https://encrypted-tbn0.gstatic.com/images?q=tbn:ANd9GcT_tZaN1bVccveiqFI-nhoCJkY93Ry82426CY2TULaLR-zL9Y8BxBJ5nG8",
    "thumbnailHeight": 108,
    "thumbnailWidth": 77
   }
  },
  {
   "kind": "customsearch#result",
   "title": "Calendário das Sessões 2° Semestre 2019 - Câmara Municipal de Água ...",
   "htmlTitle": "Calendário das Sessões 2° Semestre 2019 - Câmara Municipal de Água ...",
   "link": "https://www.agualimpa.go.leg.br/res/midias/img/b273f1573121b4a47fa83afb45eb7322.png?x=0&y=0&w=998&h=997.6798143851508",
   "displayLink": "www.agualimpa.go.leg.br",
   "snippet": "Calendário das Sessões 2° Semestre 2019 - Câmara Municipal de Água ...",
   "htmlSnippet": "Calendário das Sessões 2° Semestre 2019 - Câmara Municipal de Água ...",
   "mime": "image/png",
   "image": {
    "contextLink": "https://www.agualimpa.go.leg.br/noticia/7-calendario-das-sessoes-2-semestre-2019",
    "height": 997,
    "width": 998,
    "byteSize": 818891,
    "thumbnailLink": "https://encrypted-tbn0.gstatic.com/images?q=tbn:ANd9GcTPpBdJJnCGkwj_gEwtkBpR0U2nc9KYGCvcK7g51fq5_XbqFVeCqPFAM0LbHA",
    "thumbnailHeight": 149,
    "thumbnailWidth": 149
   }
  },
  {
   "kind": "customsearch#result",
   "title": "title | Gazeta do Povo",
   "htmlTitle": "title | Gazeta do Povo",
   "link": "https://gazetadopovo-candidatos-2016.s3.amazonaws.com/fotos/go/agua-limpa/marilaine-40522.jpg",
   "displayLink": "especiais.gazetadopovo.com.br",
   "snippet": "title | Gazeta do Povo",
   "htmlSnippet": "title | Gazeta do Povo",
   "mime": "image/jpeg",
   "image": {
    "contextLink": "https://especiais.gazetadopovo.com.br/eleicoes/2016/agua-limpa-go/vereador/walderson-40609/",
    "height": 225,
    "width": 161,
    "byteSize": 4537,
    "thumbnailLink": "https://encrypted-tbn0.gstatic.com/images?q=tbn:ANd9GcQ3LSAgU3WdpHnzHYbqrTSBu8NbAygpSXSNG90VFbGN1MUbPD7O3JDAkCc",
    "thumbnailHeight": 108,
    "thumbnailWidth": 77
   }
  }
 ]
}
