{
 "kind": "customsearch#search",
 "url": {
  "type": "application/json",
  "template": "https://www.googleapis.com/customsearch/v1?q={searchTerms}&num={count?}&start={startIndex?}&lr={language?}&safe={safe?}&cx={cx?}&sort={sort?}&filter={filter?}&gl={gl?}&cr={cr?}&googlehost={googleHost?}&c2coff={disableCnTwTranslation?}&hq={hq?}&hl={hl?}&siteSearch={siteSearch?}&siteSearchFilter={siteSearchFilter?}&exactTerms={exactTerms?}&excludeTerms={excludeTerms?}&linkSite={linkSite?}&orTerms={orTerms?}&relatedSite={relatedSite?}&dateRestrict={dateRestrict?}&lowRange={lowRange?}&highRange={highRange?}&searchType={searchType}&fileType={fileType?}&rights={rights?}&imgSize={imgSize?}&imgType={imgType?}&imgColorType={imgColorType?}&imgDominantColor={imgDominantColor?}&alt=json"
 },
 "queries": {
  "request": [
   {
    "title": "Google Custom Search - \"WANDERSON DE FREITAS DA SILVA\"",
    "totalResults": "3870",
    "searchTerms": "\"WANDERSON DE FREITAS DA SILVA\"",
    "count": 10,
    "startIndex": 1,
    "inputEncoding": "utf8",
    "outputEncoding": "utf8",
    "safe": "off",
    "cx": "014097292584411445814:sh5uhwve2ei",
    "searchType": "image"
   }
  ],
  "nextPage": [
   {
    "title": "Google Custom Search - \"WANDERSON DE FREITAS DA SILVA\"",
    "totalResults": "3870",
    "searchTerms": "\"WANDERSON DE FREITAS DA SILVA\"",
    "count": 10,
    "startIndex": 11,
    "inputEncoding": "utf8",
    "outputEncoding": "utf8",
    "safe": "off",
    "cx": "014097292584411445814:sh5uhwve2ei",
    "searchType": "image"
   }
  ]
 },
 "context": {
  "title": "Eleitos"
 },
 "searchInformation": {
  "searchTime": 0.197945,
  "formattedSearchTime": "0.20",
  "totalResults": "3870",
  "formattedTotalResults": "3,870"
 },
 "items": [
  {
   "kind": "customsearch#result",
   "title": "Câmara Municipal de Alexânia-GO",
   "htmlTitle": "Câmara Municipal de Alexânia-GO",
   "link": "https://www.camaraalexania.go.gov.br/portalImages?id=16",
   "displayLink": "www.camaraalexania.go.gov.br",
   "snippet": "Câmara Municipal de Alexânia-GO",
   "htmlSnippet": "Câmara Municipal de Alexânia-GO",
   "mime": "image/",
   "image": {
    "contextLink": "https://www.camaraalexania.go.gov.br/paginas/legislativo/vereadores/exibir?id=6",
    "height": 386,
    "width": 330,
    "byteSize": 21562,
    "thumbnailLink": "https://encrypted-tbn0.gstatic.com/images?q=tbn:ANd9GcQYFUioU5xIzfmHKETQwxCWILiIJKPgqTRfZHlpob8_18ViS5hAuqlbmA",
    "thumbnailHeight": 123,
    "thumbnailWidth": 105
   }
  },
  {
   "kind": "customsearch#result",
   "title": "Wanderson Loteiro 55123 PSD (Vereador) Alexânia - Guia Eleições 2016",
   "htmlTitle": "Wanderson Loteiro 55123 PSD (Vereador) Alexânia - Guia Eleições 2016",
   "link": "https://gazetadopovo-candidatos-2016.s3.amazonaws.com/fotos/santinhos/go/alexania/santinho-vereador-wanderson-loteiro-55123-alexania-go.jpg",
   "displayLink": "especiais.gazetadopovo.com.br",
   "snippet": "Wanderson Loteiro 55123 PSD (Vereador) Alexânia - Guia Eleições 2016",
   "htmlSnippet": "Wanderson Loteiro 55123 PSD (Vereador) Alexânia - Guia Eleições 2016",
   "mime": "image/jpeg",
   "image": {
    "contextLink": "https://especiais.gazetadopovo.com.br/eleicoes/2016/alexania-go/vereador/wanderson-loteiro-55123/",
    "height": 339,
    "width": 646,
    "byteSize": 19183,
    "thumbnailLink": "https://encrypted-tbn0.gstatic.com/images?q=tbn:ANd9GcTNlymEKFjt9R7MgaUgu4lFOom2kpOWmVGIq1eExRQ5wTz2RoswgdLHvb9D",
    "thumbnailHeight": 72,
    "thumbnailWidth": 137
   }
  },
  {
   "kind": "customsearch#result",
   "title": "Governo Municipal busca melhorias para empresas do município ...",
   "htmlTitle": "Governo Municipal busca melhorias para empresas do município ...",
   "link": "https://www.alexania.go.gov.br/images/noticias/6a496473-e3f4-4731-acca-fa0860f0b85c.jpg",
   "displayLink": "www.alexania.go.gov.br",
   "snippet": "Governo Municipal busca melhorias para empresas do município ...",
   "htmlSnippet": "Governo Municipal busca melhorias para empresas do município ...",
   "mime": "image/jpeg",
   "image": {
    "contextLink": "https://www.alexania.go.gov.br/secretarias/administracao/noticias/600-governo-municipal-busca-melhorias-para-empresas-do-municipio",
    "height": 853,
    "width": 1280,
    "byteSize": 214152,
    "thumbnailLink": "https://encrypted-tbn0.gstatic.com/images?q=tbn:ANd9GcSok5eozMOcZtDliMHOCfpy5UdNk_E_Y2JbKSIEOy_BzCFOYc8BopRwOyQ",
    "thumbnailHeight": 100,
    "thumbnailWidth": 150
   }
  },
  {
   "kind": "customsearch#result",
   "title": "Wanderson Loteiro 55123 PSD (Vereador) Alexânia - Guia Eleições 2016",
   "htmlTitle": "Wanderson Loteiro 55123 PSD (Vereador) Alexânia - Guia Eleições 2016",
   "link": "https://gazetadopovo-candidatos-2016.s3.amazonaws.com/fotos/go/alexania/wanderson-loteiro-55123.jpg",
   "displayLink": "especiais.gazetadopovo.com.br",
   "snippet": "Wanderson Loteiro 55123 PSD (Vereador) Alexânia - Guia Eleições 2016",
   "htmlSnippet": "Wanderson Loteiro 55123 PSD (Vereador) Alexânia - Guia Eleições 2016",
   "mime": "image/jpeg",
   "image": {
    "contextLink": "https://especiais.gazetadopovo.com.br/eleicoes/2016/alexania-go/vereador/wanderson-loteiro-55123/",
    "height": 225,
    "width": 161,
    "byteSize": 4677,
    "thumbnailLink": "https://encrypted-tbn0.gstatic.com/images?q=tbn:ANd9GcQS01XI_Xn_TpgxlxSnKdPLjG-1Tlcj5tHuXi8LwAd2WTMSjm9xwJpUUw",
    "thumbnailHeight": 108,
    "thumbnailWidth": 77
   }
  },
  {
   "kind": "customsearch#result",
   "title": "Câmara Municipal de Alexânia-GO",
   "htmlTitle": "Câmara Municipal de Alexânia-GO",
   "link": "https://www.camaraalexania.go.gov.br/imagens_temp/parlamentar_MTUxNTUwMDY3Mjc2Mjcy.png",
   "displayLink": "www.camaraalexania.go.gov.br",
   "snippet": "Câmara Municipal de Alexânia-GO",
   "htmlSnippet": "Câmara Municipal de Alexânia-GO",
   "mime": "image/png",
   "image": {
    "contextLink": "https://www.camaraalexania.go.gov.br/paginas/legislativo/vereadores/listar",
    "height": 386,
    "width": 330,
    "byteSize": 283627,
    "thumbnailLink": "https://encrypted-tbn0.gstatic.com/images?q=tbn:ANd9GcQ69NceXcfcAKT6Umbk0rOK1fvzNBb6jUqIFj5ZCkp1fMmSLFicZwBWqA",
    "thumbnailHeight": 123,
    "thumbnailWidth": 105
   }
  },
  {
   "kind": "customsearch#result",
   "title": "Wanderson Loteiro 55123 PSD (Vereador) Alexânia - Guia Eleições 2016",
   "htmlTitle": "Wanderson Loteiro 55123 PSD (Vereador) Alexânia - Guia Eleições 2016",
   "link": "https://gazetadopovo-candidatos-2016.s3.amazonaws.com/fotos/go/alexania/carol-55789.jpg",
   "displayLink": "especiais.gazetadopovo.com.br",
   "snippet": "Wanderson Loteiro 55123 PSD (Vereador) Alexânia - Guia Eleições 2016",
   "htmlSnippet": "Wanderson Loteiro 55123 PSD (Vereador) Alexânia - Guia Eleições 2016",
   "mime": "image/jpeg",
   "image": {
    "contextLink": "https://especiais.gazetadopovo.com.br/eleicoes/2016/alexania-go/vereador/wanderson-loteiro-55123/",
    "height": 225,
    "width": 161,
    "byteSize": 4599,
    "thumbnailLink": "https://encrypted-tbn0.gstatic.com/images?q=tbn:ANd9GcRiZOkqUY4cu-0MxMpVg-5YH1FXO_1iUxLKmrzgYke_gJy7-LguxMa7XA",
    "thumbnailHeight": 108,
    "thumbnailWidth": 77
   }
  },
  {
   "kind": "customsearch#result",
   "title": "Câmara Municipal de Alexânia-GO",
   "htmlTitle": "Câmara Municipal de Alexânia-GO",
   "link": "https://www.camaraalexania.go.gov.br/imagens_temp/parlamentar_MTQxNTIwMzU3MzY3NTU3.jpg",
   "displayLink": "www.camaraalexania.go.gov.br",
   "snippet": "Câmara Municipal de Alexânia-GO",
   "htmlSnippet": "Câmara Municipal de Alexânia-GO",
   "mime": "image/jpeg",
   "image": {
    "contextLink": "https://www.camaraalexania.go.gov.br/paginas/legislativo/vereadores/listar",
    "height": 386,
    "width": 330,
    "byteSize": 30273,
    "thumbnailLink": "https://encrypted-tbn0.gstatic.com/images?q=tbn:ANd9GcRCnyucjMf8R39P4jugxRkYiJHUO9jCVWPFKYH4mq_zUQMTa_866sULnGM",
    "thumbnailHeight": 123,
    "thumbnailWidth": 105
   }
  },
  {
   "kind": "customsearch#result",
   "title": "Wanderson Loteiro 55123 PSD (Vereador) Alexânia - Guia Eleições 2016",
   "htmlTitle": "Wanderson Loteiro 55123 PSD (Vereador) Alexânia - Guia Eleições 2016",
   "link": "https://gazetadopovo-candidatos-2016.s3.amazonaws.com/fotos/go/alexania/elias-barbosa-55555.jpg",
   "displayLink": "especiais.gazetadopovo.com.br",
   "snippet": "Wanderson Loteiro 55123 PSD (Vereador) Alexânia - Guia Eleições 2016",
   "htmlSnippet": "Wanderson Loteiro 55123 PSD (Vereador) Alexânia - Guia Eleições 2016",
   "mime": "image/jpeg",
   "image": {
    "contextLink": "https://especiais.gazetadopovo.com.br/eleicoes/2016/alexania-go/vereador/wanderson-loteiro-55123/",
    "height": 225,
    "width": 161,
    "byteSize": 4877,
    "thumbnailLink": "https://encrypted-tbn0.gstatic.com/images?q=tbn:ANd9GcSv6kPplRJDDolBm2pC6-Idk6J8c6auK9sZcv54a71ZNOtco3TIsolfmQ",
    "thumbnailHeight": 108,
    "thumbnailWidth": 77
   }
  },
  {
   "kind": "customsearch#result",
   "title": "Câmara Municipal de Alexânia-GO",
   "htmlTitle": "Câmara Municipal de Alexânia-GO",
   "link": "https://www.camaraalexania.go.gov.br/imagens_temp/parlamentar_MTgxNTIwMzU3MzkyNzcx.jpg",
   "displayLink": "www.camaraalexania.go.gov.br",
   "snippet": "Câmara Municipal de Alexânia-GO",
   "htmlSnippet": "Câmara Municipal de Alexânia-GO",
   "mime": "image/jpeg",
   "image": {
    "contextLink": "https://www.camaraalexania.go.gov.br/paginas/legislativo/vereadores/listar",
    "height": 386,
    "width": 330,
    "byteSize": 20984,
    "thumbnailLink": "https://encrypted-tbn0.gstatic.com/images?q=tbn:ANd9GcSZZJMm5Gqta6ODell3ZWn9W0ROaLuCEFP8bdFTxZzkSRbZ4ZYKrVNQiQ",
    "thumbnailHeight": 123,
    "thumbnailWidth": 105
   }
  },
  {
   "kind": "customsearch#result",
   "title": "Wanderson Loteiro 55123 PSD (Vereador) Alexânia - Guia Eleições 2016",
   "htmlTitle": "Wanderson Loteiro 55123 PSD (Vereador) Alexânia - Guia Eleições 2016",
   "link": "https://gazetadopovo-candidatos-2016.s3.amazonaws.com/fotos/go/alexania/eliete-55190.jpg",
   "displayLink": "especiais.gazetadopovo.com.br",
   "snippet": "Wanderson Loteiro 55123 PSD (Vereador) Alexânia - Guia Eleições 2016",
   "htmlSnippet": "Wanderson Loteiro 55123 PSD (Vereador) Alexânia - Guia Eleições 2016",
   "mime": "image/jpeg",
   "image": {
    "contextLink": "https://especiais.gazetadopovo.com.br/eleicoes/2016/alexania-go/vereador/wanderson-loteiro-55123/",
    "height": 225,
    "width": 161,
    "byteSize": 4106,
    "thumbnailLink": "https://encrypted-tbn0.gstatic.com/images?q=tbn:ANd9GcSoRtSd1tKkGcKE3UYn9uC8FxIvHZahSk5KlpSXh1glh15v8ejCwluzFQ",
    "thumbnailHeight": 108,
    "thumbnailWidth": 77
   }
  }
 ]
}
