{
 "kind": "customsearch#search",
 "url": {
  "type": "application/json",
  "template": "https://www.googleapis.com/customsearch/v1?q={searchTerms}&num={count?}&start={startIndex?}&lr={language?}&safe={safe?}&cx={cx?}&sort={sort?}&filter={filter?}&gl={gl?}&cr={cr?}&googlehost={googleHost?}&c2coff={disableCnTwTranslation?}&hq={hq?}&hl={hl?}&siteSearch={siteSearch?}&siteSearchFilter={siteSearchFilter?}&exactTerms={exactTerms?}&excludeTerms={excludeTerms?}&linkSite={linkSite?}&orTerms={orTerms?}&relatedSite={relatedSite?}&dateRestrict={dateRestrict?}&lowRange={lowRange?}&highRange={highRange?}&searchType={searchType}&fileType={fileType?}&rights={rights?}&imgSize={imgSize?}&imgType={imgType?}&imgColorType={imgColorType?}&imgDominantColor={imgDominantColor?}&alt=json"
 },
 "queries": {
  "request": [
   {
    "title": "Google Custom Search - \"WARLEY FERREIRA GOUVEIA\"",
    "totalResults": "495",
    "searchTerms": "\"WARLEY FERREIRA GOUVEIA\"",
    "count": 10,
    "startIndex": 1,
    "inputEncoding": "utf8",
    "outputEncoding": "utf8",
    "safe": "off",
    "cx": "014097292584411445814:sh5uhwve2ei",
    "searchType": "image"
   }
  ],
  "nextPage": [
   {
    "title": "Google Custom Search - \"WARLEY FERREIRA GOUVEIA\"",
    "totalResults": "495",
    "searchTerms": "\"WARLEY FERREIRA GOUVEIA\"",
    "count": 10,
    "startIndex": 11,
    "inputEncoding": "utf8",
    "outputEncoding": "utf8",
    "safe": "off",
    "cx": "014097292584411445814:sh5uhwve2ei",
    "searchType": "image"
   }
  ]
 },
 "context": {
  "title": "Eleitos"
 },
 "searchInformation": {
  "searchTime": 0.10653,
  "formattedSearchTime": "0.11",
  "totalResults": "495",
  "formattedTotalResults": "495"
 },
 "items": [
  {
   "kind": "customsearch#result",
   "title": "Câmara Municipal de Alexânia-GO",
   "htmlTitle": "Câmara Municipal de Alexânia-GO",
   "link": "https://www.camaraalexania.go.gov.br/portalImages?id=11",
   "displayLink": "www.camaraalexania.go.gov.br",
   "snippet": "Câmara Municipal de Alexânia-GO",
   "htmlSnippet": "Câmara Municipal de Alexânia-GO",
   "mime": "image/",
   "image": {
    "contextLink": "https://www.camaraalexania.go.gov.br/paginas/legislativo/vereadores/exibir?id=1",
    "height": 386,
    "width": 330,
    "byteSize": 37364,
    "thumbnailLink": "https://encrypted-tbn0.gstatic.com/images?q=tbn:ANd9GcR3wOxbT-vrzK8FkwSOhGxame-YKoiEarRSUVF8_qeG4xqtSFG7_ZMqYQ",
    "thumbnailHeight": 123,
    "thumbnailWidth": 105
   }
  },
  {
   "kind": "customsearch#result",
   "title": "Warley Gouveia 25025 DEM (Vereador) Alexânia - Guia Eleições 2016",
   "htmlTitle": "Warley Gouveia 25025 DEM (Vereador) Alexânia - Guia Eleições 2016",
   "link": "https://gazetadopovo-candidatos-2016.s3.amazonaws.com/fotos/santinhos/go/alexania/santinho-vereador-warley-gouveia-25025-alexania-go.jpg",
   "displayLink": "especiais.gazetadopovo.com.br",
   "snippet": "Warley Gouveia 25025 DEM (Vereador) Alexânia - Guia Eleições 2016",
   "htmlSnippet": "Warley Gouveia 25025 DEM (Vereador) Alexânia - Guia Eleições 2016",
   "mime": "image/jpeg",
   "image": {
    "contextLink": "https://especiais.gazetadopovo.com.br/eleicoes/2016/alexania-go/vereador/warley-gouveia-25025/",
    "height": 339,
    "width": 646,
    "byteSize": 18782,
    "thumbnailLink": "https://encrypted-tbn0.gstatic.com/images?q=tbn:ANd9GcSqLJ_Ft1D_BPaPbtTbPFyAWilSFgiIp3cR9awKgMh70_EIqqsPm2H9Nmo",
    "thumbnailHeight": 72,
    "thumbnailWidth": 137
   }
  },
  {
   "kind": "customsearch#result",
   "title": "Câmara Municipal de Alexânia-GO",
   "htmlTitle": "Câmara Municipal de Alexânia-GO",
   "link": "https://www.camaraalexania.go.gov.br/imagens_temp/logo_MjIxNTIwMjY3OTIwODkz.png?pfdrid_c=true",
   "displayLink": "www.camaraalexania.go.gov.br",
   "snippet": "Câmara Municipal de Alexânia-GO",
   "htmlSnippet": "Câmara Municipal de Alexânia-GO",
   "mime": "image/png",
   "image": {
    "contextLink": "https://www.camaraalexania.go.gov.br/paginas/legislativo/vereadores/exibir?id=1",
    "height": 160,
    "width": 432,
    "byteSize": 14314,
    "thumbnailLink": "https://encrypted-tbn0.gstatic.com/images?q=tbn:ANd9GcTPE57aOuV8lWtjG-osS4053ryT0Hq3PYTByK2AIDYtOSwdiS1OvIuCzw",
    "thumbnailHeight": 47,
    "thumbnailWidth": 126
   }
  },
  {
   "kind": "customsearch#result",
   "title": "Warley Gouveia 25025 DEM (Vereador) Alexânia - Guia Eleições 2016",
   "htmlTitle": "Warley Gouveia 25025 DEM (Vereador) Alexânia - Guia Eleições 2016",
   "link": "https://gazetadopovo-candidatos-2016.s3.amazonaws.com/fotos/go/alexania/warley-gouveia-25025.jpg",
   "displayLink": "especiais.gazetadopovo.com.br",
   "snippet": "Warley Gouveia 25025 DEM (Vereador) Alexânia - Guia Eleições 2016",
   "htmlSnippet": "Warley Gouveia 25025 DEM (Vereador) Alexânia - Guia Eleições 2016",
   "mime": "image/jpeg",
   "image": {
    "contextLink": "https://especiais.gazetadopovo.com.br/eleicoes/2016/alexania-go/vereador/warley-gouveia-25025/",
    "height": 225,
    "width": 161,
    "byteSize": 4395,
    "thumbnailLink": "https://encrypted-tbn0.gstatic.com/images?q=tbn:ANd9GcTeKKs-iLO8tnLPQdWnroRLKiUqyIExPy5RWQJ_G6Bh-KXtDu-e9VkPkQ",
    "thumbnailHeight": 108,
    "thumbnailWidth": 77
   }
  },
  {
   "kind": "customsearch#result",
   "title": "Notícias - Prefeitura Municipal de Alexania",
   "htmlTitle": "Notícias - Prefeitura Municipal de Alexania",
   "link": "https://www.alexania.go.gov.br/images/noticias/WhatsApp_Image_2019-08-01_at_121203.jpeg",
   "displayLink": "www.alexania.go.gov.br",
   "snippet": "Notícias - Prefeitura Municipal de Alexania",
   "htmlSnippet": "Notícias - Prefeitura Municipal de Alexania",
   "mime": "image/jpeg",
   "image": {
    "contextLink": "https://www.alexania.go.gov.br/noticias",
    "height": 960,
    "width": 1280,
    "byteSize": 132127,
    "thumbnailLink": "https://encrypted-tbn0.gstatic.com/images?q=tbn:ANd9GcRjT_YpetiPtlx7p8ZLDAuIltdMAoAMvnZX_GOLKvIbakOFqCco-m4EEDU",
    "thumbnailHeight": 113,
    "thumbnailWidth": 150
   }
  },
  {
   "kind": "customsearch#result",
   "title": "Untitled",
   "htmlTitle": "Untitled",
   "link": "x-raw-image:///56f1e4547adb89eb387c5c3e65270324b96c0d7b957cad08e82a3810c05ac8b4",
   "displayLink": "www.camaraalexania.go.gov.br",
   "snippet": "Untitled",
   "htmlSnippet": "Untitled",
   "mime": "image/",
   "image": {
    "contextLink": "https://www.camaraalexania.go.gov.br/DownloadServlet?id=7wiisr91c3d2qsjqw88wo1lihloe55e3",
    "height": 3437,
    "width": 2480,
    "byteSize": 5894428,
    "thumbnailLink": "https://encrypted-tbn0.gstatic.com/images?q=tbn:ANd9GcQoH8smcHWDCemIGNZmxqkr0MYTKnhb8vtJvlxACsP8YRC7q21M9Dqp9L_n",
    "thumbnailHeight": 150,
    "thumbnailWidth": 108
   }
  },
  {
   "kind": "customsearch#result",
   "title": "Notícias - Prefeitura Municipal de Alexania",
   "htmlTitle": "Notícias - Prefeitura Municipal de Alexania",
   "link": "https://www.alexania.go.gov.br/images/copas_futebol/final_copa_society/67230433_3042323192475070_550248450931818496.jpg",
   "displayLink": "www.alexania.go.gov.br",
   "snippet": "Notícias - Prefeitura Municipal de Alexania",
   "htmlSnippet": "Notícias - Prefeitura Municipal de Alexania",
   "mime": "image/jpeg",
   "image": {
    "contextLink": "https://www.alexania.go.gov.br/noticias",
    "height": 1080,
    "width": 1440,
    "byteSize": 338016,
    "thumbnailLink": "https://encrypted-tbn0.gstatic.com/images?q=tbn:ANd9GcTlVAy_OWK1_M6xjfrrL5VPPh3HOVRxrURM9YubCNJs_88AcIUKLbbXVh4",
    "thumbnailHeight": 113,
    "thumbnailWidth": 150
   }
  },
  {
   "kind": "customsearch#result",
   "title": "Untitled",
   "htmlTitle": "Untitled",
   "link": "x-raw-image:///490972c4bd9e6d25f5c68cdfbaa90d4568a5f9b689283f02c1d262e7ff2f23c7",
   "displayLink": "www.camaraalexania.go.gov.br",
   "snippet": "Untitled",
   "htmlSnippet": "Untitled",
   "mime": "image/",
   "image": {
    "contextLink": "https://www.camaraalexania.go.gov.br/DownloadServlet?id=7wiisr91c3d2qsjqw88wo1lihloe55e3",
    "height": 3437,
    "width": 2480,
    "byteSize": 7625991,
    "thumbnailLink": "https://encrypted-tbn0.gstatic.com/images?q=tbn:ANd9GcTTP0ZViM8F6IfZIAh6av5xyUCMlOUpzDiGV1DzQlf7IA7LeXqZtxnQXuk",
    "thumbnailHeight": 150,
    "thumbnailWidth": 108
   }
  },
  {
   "kind": "customsearch#result",
   "title": "Notícias - Prefeitura Municipal de Alexania",
   "htmlTitle": "Notícias - Prefeitura Municipal de Alexania",
   "link": "https://www.alexania.go.gov.br/images/noticias/reforma_hma_andamento/WhatsApp_Image_2019-07-23_at_0928321.jpeg",
   "displayLink": "www.alexania.go.gov.br",
   "snippet": "Notícias - Prefeitura Municipal de Alexania",
   "htmlSnippet": "Notícias - Prefeitura Municipal de Alexania",
   "mime": "image/jpeg",
   "image": {
    "contextLink": "https://www.alexania.go.gov.br/noticias",
    "height": 960,
    "width": 1280,
    "byteSize": 271148,
    "thumbnailLink": "https://encrypted-tbn0.gstatic.com/images?q=tbn:ANd9GcQvZsZ6k0Iub2iWC6bU5t3_B2Kknz046O84kDAYqUYt1WQaoWX6IuJ7HdU",
    "thumbnailHeight": 113,
    "thumbnailWidth": 150
   }
  },
  {
   "kind": "customsearch#result",
   "title": "Untitled",
   "htmlTitle": "Untitled",
   "link": "x-raw-image:///b64ac7bfbc60cfd45a7449e8664241f15b193376389a99db5fd4d35a779420bb",
   "displayLink": "www.camaraalexania.go.gov.br",
   "snippet": "Untitled",
   "htmlSnippet": "Untitled",
   "mime": "image/",
   "image": {
    "contextLink": "https://www.camaraalexania.go.gov.br/DownloadServlet?id=7wiisr91c3d2qsjqw88wo1lihloe55e3",
    "height": 3437,
    "width": 2480,
    "byteSize": 7139338,
    "thumbnailLink": "https://encrypted-tbn0.gstatic.com/images?q=tbn:ANd9GcTuRF_vBtT2TjYUu8R6ABPsRJ-IDC5w_JpYTWTY54XKtrMjmEafUccL91rF",
    "thumbnailHeight": 150,
    "thumbnailWidth": 108
   }
  }
 ]
}
