{
 "kind": "customsearch#search",
 "url": {
  "type": "application/json",
  "template": "https://www.googleapis.com/customsearch/v1?q={searchTerms}&num={count?}&start={startIndex?}&lr={language?}&safe={safe?}&cx={cx?}&sort={sort?}&filter={filter?}&gl={gl?}&cr={cr?}&googlehost={googleHost?}&c2coff={disableCnTwTranslation?}&hq={hq?}&hl={hl?}&siteSearch={siteSearch?}&siteSearchFilter={siteSearchFilter?}&exactTerms={exactTerms?}&excludeTerms={excludeTerms?}&linkSite={linkSite?}&orTerms={orTerms?}&relatedSite={relatedSite?}&dateRestrict={dateRestrict?}&lowRange={lowRange?}&highRange={highRange?}&searchType={searchType}&fileType={fileType?}&rights={rights?}&imgSize={imgSize?}&imgType={imgType?}&imgColorType={imgColorType?}&imgDominantColor={imgDominantColor?}&alt=json"
 },
 "queries": {
  "request": [
   {
    "title": "Google Custom Search - \"WELTON SARDINHA DE MORAIS\"",
    "totalResults": "158",
    "searchTerms": "\"WELTON SARDINHA DE MORAIS\"",
    "count": 10,
    "startIndex": 1,
    "inputEncoding": "utf8",
    "outputEncoding": "utf8",
    "safe": "off",
    "cx": "014097292584411445814:sh5uhwve2ei",
    "searchType": "image"
   }
  ],
  "nextPage": [
   {
    "title": "Google Custom Search - \"WELTON SARDINHA DE MORAIS\"",
    "totalResults": "158",
    "searchTerms": "\"WELTON SARDINHA DE MORAIS\"",
    "count": 10,
    "startIndex": 11,
    "inputEncoding": "utf8",
    "outputEncoding": "utf8",
    "safe": "off",
    "cx": "014097292584411445814:sh5uhwve2ei",
    "searchType": "image"
   }
  ]
 },
 "context": {
  "title": "Eleitos"
 },
 "searchInformation": {
  "searchTime": 0.128581,
  "formattedSearchTime": "0.13",
  "totalResults": "158",
  "formattedTotalResults": "158"
 },
 "items": [
  {
   "kind": "customsearch#result",
   "title": "Welton Sardinha de Morais - Câmara Municipal de Acreúna",
   "htmlTitle": "\u003cb\u003eWelton Sardinha de Morais\u003c/b\u003e - Câmara Municipal de Acreúna",
   "link": "http://camaraacreuna.go.gov.br/res/midias/img/60fbe1cb4cf4bb9986472a9bbbeac573.jpg",
   "displayLink": "www.camaraacreuna.go.gov.br",
   "snippet": "Welton Sardinha de Morais - Câmara Municipal de Acreúna",
   "htmlSnippet": "\u003cb\u003eWelton Sardinha de Morais\u003c/b\u003e - Câmara Municipal de Acreúna",
   "mime": "image/jpeg",
   "image": {
    "contextLink": "http://www.camaraacreuna.go.gov.br/pagina/147-welton-sardinha-de-morais",
    "height": 1000,
    "width": 666,
    "byteSize": 57387,
    "thumbnailLink": "https://encrypted-tbn0.gstatic.com/images?q=tbn:ANd9GcQ-3kXqIPL63Ducp2_hZmmbfJUzSwe5n7jy5SCTdE92sc6Q4vtYT0kd5q8",
    "thumbnailHeight": 149,
    "thumbnailWidth": 99
   }
  },
  {
   "kind": "customsearch#result",
   "title": "Nen da Arantina 55000 PSD (Vereador) Acreúna - Guia Eleições 2016",
   "htmlTitle": "Nen da Arantina 55000 PSD (Vereador) Acreúna - Guia Eleições 2016",
   "link": "https://gazetadopovo-candidatos-2016.s3.amazonaws.com/fotos/go/acreuna/nen-da-arantina-55000.jpg",
   "displayLink": "especiais.gazetadopovo.com.br",
   "snippet": "Nen da Arantina 55000 PSD (Vereador) Acreúna - Guia Eleições 2016",
   "htmlSnippet": "Nen da Arantina 55000 PSD (Vereador) Acreúna - Guia Eleições 2016",
   "mime": "image/jpeg",
   "image": {
    "contextLink": "https://especiais.gazetadopovo.com.br/eleicoes/2016/acreuna-go/vereador/nen-da-arantina-55000/",
    "height": 225,
    "width": 161,
    "byteSize": 6610,
    "thumbnailLink": "https://encrypted-tbn0.gstatic.com/images?q=tbn:ANd9GcRC8WoN10u-Ik59P0oEDHEsB1i5tDfvQJ3NqQiJw57DEgntcsbzNeIX-zY",
    "thumbnailHeight": 108,
    "thumbnailWidth": 77
   }
  },
  {
   "kind": "customsearch#result",
   "title": "Welton Sardinha de Morais - Câmara Municipal de Acreúna",
   "htmlTitle": "\u003cb\u003eWelton Sardinha de Morais\u003c/b\u003e - Câmara Municipal de Acreúna",
   "link": "http://www.camaraacreuna.go.gov.br/res/midias/img/3a0c0ecd13f17d9509f4ee1e08fd9d0a.jpg?x=NaN&y=0&w=NaN&h=0&mw=83&mh=62",
   "displayLink": "www.camaraacreuna.go.gov.br",
   "snippet": "Welton Sardinha de Morais - Câmara Municipal de Acreúna",
   "htmlSnippet": "\u003cb\u003eWelton Sardinha de Morais\u003c/b\u003e - Câmara Municipal de Acreúna",
   "mime": "image/jpeg",
   "image": {
    "contextLink": "http://www.camaraacreuna.go.gov.br/pagina/147-welton-sardinha-de-morais",
    "height": 750,
    "width": 1000,
    "byteSize": 37332,
    "thumbnailLink": "https://encrypted-tbn0.gstatic.com/images?q=tbn:ANd9GcScnmeC1KZKNz6fTxErRax3ScShanmoMHx_5sTgSNFP2hyoUDDZgqorUZo",
    "thumbnailHeight": 112,
    "thumbnailWidth": 149
   }
  },
  {
   "kind": "customsearch#result",
   "title": "Nen da Arantina 55000 PSD (Vereador) Acreúna - Guia Eleições 2016",
   "htmlTitle": "Nen da Arantina 55000 PSD (Vereador) Acreúna - Guia Eleições 2016",
   "link": "https://gazetadopovo-candidatos-2016.s3.amazonaws.com/fotos/go/acreuna/maria-luiza-da-saude-55147.jpg",
   "displayLink": "especiais.gazetadopovo.com.br",
   "snippet": "Nen da Arantina 55000 PSD (Vereador) Acreúna - Guia Eleições 2016",
   "htmlSnippet": "Nen da Arantina 55000 PSD (Vereador) Acreúna - Guia Eleições 2016",
   "mime": "image/jpeg",
   "image": {
    "contextLink": "https://especiais.gazetadopovo.com.br/eleicoes/2016/acreuna-go/vereador/nen-da-arantina-55000/",
    "height": 225,
    "width": 161,
    "byteSize": 4864,
    "thumbnailLink": "https://encrypted-tbn0.gstatic.com/images?q=tbn:ANd9GcQFa1jW8OUCOKKLmIFRg978Yogz4aEun6sO5WlPmQaQqif_voEZwHbc2g",
    "thumbnailHeight": 108,
    "thumbnailWidth": 77
   }
  },
  {
   "kind": "customsearch#result",
   "title": "Welton Sardinha de Morais - Câmara Municipal de Acreúna",
   "htmlTitle": "\u003cb\u003eWelton Sardinha de Morais\u003c/b\u003e - Câmara Municipal de Acreúna",
   "link": "http://www.camaraacreuna.go.gov.br/res/midias/img/844ffb6eb83524f53cc20dd600a94011.png?x=0&y=0&w=1000&h=1000",
   "displayLink": "www.camaraacreuna.go.gov.br",
   "snippet": "Welton Sardinha de Morais - Câmara Municipal de Acreúna",
   "htmlSnippet": "\u003cb\u003eWelton Sardinha de Morais\u003c/b\u003e - Câmara Municipal de Acreúna",
   "mime": "image/png",
   "image": {
    "contextLink": "http://www.camaraacreuna.go.gov.br/pagina/147-welton-sardinha-de-morais",
    "height": 1000,
    "width": 1000,
    "byteSize": 281917,
    "thumbnailLink": "https://encrypted-tbn0.gstatic.com/images?q=tbn:ANd9GcQbTXgmsasLZvkR2fT7YtWCXgGSlxFeg0C3VF3HXwYleKLS9I3FSFkots9iCg",
    "thumbnailHeight": 149,
    "thumbnailWidth": 149
   }
  },
  {
   "kind": "customsearch#result",
   "title": "Welton Sardinha de Morais - Câmara Municipal de Acreúna",
   "htmlTitle": "\u003cb\u003eWelton Sardinha de Morais\u003c/b\u003e - Câmara Municipal de Acreúna",
   "link": "http://www.camaraacreuna.go.gov.br/res/midias/img/844ffb6eb83524f53cc20dd600a94011.png?x=0&y=0&w=1000&h=1000&mw=170&mh=170",
   "displayLink": "www.camaraacreuna.go.gov.br",
   "snippet": "Welton Sardinha de Morais - Câmara Municipal de Acreúna",
   "htmlSnippet": "\u003cb\u003eWelton Sardinha de Morais\u003c/b\u003e - Câmara Municipal de Acreúna",
   "mime": "image/png",
   "image": {
    "contextLink": "http://www.camaraacreuna.go.gov.br/pagina/147-welton-sardinha-de-morais",
    "height": 170,
    "width": 170,
    "byteSize": 61331,
    "thumbnailLink": "https://encrypted-tbn0.gstatic.com/images?q=tbn:ANd9GcTWu1AN97gp17CqSHlj_3RwhlZ_zSFOJ9nwXDQ8o3msLn5wzsq6eJCa-w",
    "thumbnailHeight": 99,
    "thumbnailWidth": 99
   }
  },
  {
   "kind": "customsearch#result",
   "title": "ATO DE CONVOCAÇÃO DE APROVADO EM CONCURSO PUBLICO - Câmara ...",
   "htmlTitle": "ATO DE CONVOCAÇÃO DE APROVADO EM CONCURSO PUBLICO - Câmara ...",
   "link": "http://camaraacreuna.go.gov.br/res/midias/img/38cf6da183a66c1976eb30d541393cb0.jpg?x=0&y=0&w=1000&h=666",
   "displayLink": "camaraacreuna.go.gov.br",
   "snippet": "ATO DE CONVOCAÇÃO DE APROVADO EM CONCURSO PUBLICO - Câmara ...",
   "htmlSnippet": "ATO DE CONVOCAÇÃO DE APROVADO EM CONCURSO PUBLICO - Câmara ...",
   "mime": "image/jpeg",
   "image": {
    "contextLink": "http://camaraacreuna.go.gov.br/noticia/34-ato-de-convocao-de-aprovado-em-concurso-publico",
    "height": 666,
    "width": 1000,
    "byteSize": 28402,
    "thumbnailLink": "https://encrypted-tbn0.gstatic.com/images?q=tbn:ANd9GcSg5sz9zeEi_EH5hITzmRAlzf8E1_U2P-JR5628mtv18fRoF88O2OIBVwY",
    "thumbnailHeight": 99,
    "thumbnailWidth": 149
   }
  },
  {
   "kind": "customsearch#result",
   "title": "Lígia Ferreira de Oliveira - Câmara Municipal de Acreúna",
   "htmlTitle": "Lígia Ferreira de Oliveira - Câmara Municipal de Acreúna",
   "link": "http://camaraacreuna.go.gov.br/res/midias/img/a5ed70361b8e2f7cb4c0280846519967.jpg",
   "displayLink": "www.camaraacreuna.go.gov.br",
   "snippet": "Lígia Ferreira de Oliveira - Câmara Municipal de Acreúna",
   "htmlSnippet": "Lígia Ferreira de Oliveira - Câmara Municipal de Acreúna",
   "mime": "image/jpeg",
   "image": {
    "contextLink": "http://www.camaraacreuna.go.gov.br/pagina/148-ligia-ferreira-de-oliveira",
    "height": 1000,
    "width": 666,
    "byteSize": 81457,
    "thumbnailLink": "https://encrypted-tbn0.gstatic.com/images?q=tbn:ANd9GcQyHox4f-suxb-jEMEsh5BJ8aCjzuhaUMpaOrw-05Ur4veWZEcPF4Uqdho",
    "thumbnailHeight": 149,
    "thumbnailWidth": 99
   }
  },
  {
   "kind": "customsearch#result",
   "title": "Edimar Alves de Sousa - Câmara Municipal de Acreúna",
   "htmlTitle": "Edimar Alves de Sousa - Câmara Municipal de Acreúna",
   "link": "http://camaraacreuna.go.gov.br/res/midias/img/a72e86693203980ac88d277c22ab7a1e.jpg",
   "displayLink": "www.camaraacreuna.go.gov.br",
   "snippet": "Edimar Alves de Sousa - Câmara Municipal de Acreúna",
   "htmlSnippet": "Edimar Alves de Sousa - Câmara Municipal de Acreúna",
   "mime": "image/jpeg",
   "image": {
    "contextLink": "http://www.camaraacreuna.go.gov.br/pagina/154-edimar-alves-de-sousa",
    "height": 1000,
    "width": 666,
    "byteSize": 77093,
    "thumbnailLink": "https://encrypted-tbn0.gstatic.com/images?q=tbn:ANd9GcSlVtk1Sg0qgplqAuv71VItrTKDKRvAWLyv2Iy1xIsfQO_ZpbJNMkD8oYu4",
    "thumbnailHeight": 149,
    "thumbnailWidth": 99
   }
  },
  {
   "kind": "customsearch#result",
   "title": "RECESSO ADMINISTRATIVO - Câmara Municipal de Acreúna",
   "htmlTitle": "RECESSO ADMINISTRATIVO - Câmara Municipal de Acreúna",
   "link": "http://www.camaraacreuna.go.gov.br/res/midias/img/fb454adbc37b8a14513904fcd457cd0f.jpg?x=NaN&y=0&w=NaN&h=0",
   "displayLink": "www.camaraacreuna.go.gov.br",
   "snippet": "RECESSO ADMINISTRATIVO - Câmara Municipal de Acreúna",
   "htmlSnippet": "RECESSO ADMINISTRATIVO - Câmara Municipal de Acreúna",
   "mime": "image/jpeg",
   "image": {
    "contextLink": "http://www.camaraacreuna.go.gov.br/noticia/33-recesso-administrativo",
    "height": 800,
    "width": 1000,
    "byteSize": 57435,
    "thumbnailLink": "https://encrypted-tbn0.gstatic.com/images?q=tbn:ANd9GcSbVUKyw313ayuFYAYPRlq6sf6hZUxKrXmxQkfhBj8DL6P2ALzuQ5B4XA0",
    "thumbnailHeight": 119,
    "thumbnailWidth": 149
   }
  }
 ]
}
