{
 "kind": "customsearch#search",
 "url": {
  "type": "application/json",
  "template": "https://www.googleapis.com/customsearch/v1?q={searchTerms}&num={count?}&start={startIndex?}&lr={language?}&safe={safe?}&cx={cx?}&sort={sort?}&filter={filter?}&gl={gl?}&cr={cr?}&googlehost={googleHost?}&c2coff={disableCnTwTranslation?}&hq={hq?}&hl={hl?}&siteSearch={siteSearch?}&siteSearchFilter={siteSearchFilter?}&exactTerms={exactTerms?}&excludeTerms={excludeTerms?}&linkSite={linkSite?}&orTerms={orTerms?}&relatedSite={relatedSite?}&dateRestrict={dateRestrict?}&lowRange={lowRange?}&highRange={highRange?}&searchType={searchType}&fileType={fileType?}&rights={rights?}&imgSize={imgSize?}&imgType={imgType?}&imgColorType={imgColorType?}&imgDominantColor={imgDominantColor?}&alt=json"
 },
 "queries": {
  "request": [
   {
    "title": "Google Custom Search - \"WENDEL CAVALCANTE DE LIMA\"",
    "totalResults": "217",
    "searchTerms": "\"WENDEL CAVALCANTE DE LIMA\"",
    "count": 10,
    "startIndex": 1,
    "inputEncoding": "utf8",
    "outputEncoding": "utf8",
    "safe": "off",
    "cx": "014097292584411445814:sh5uhwve2ei",
    "searchType": "image"
   }
  ],
  "nextPage": [
   {
    "title": "Google Custom Search - \"WENDEL CAVALCANTE DE LIMA\"",
    "totalResults": "217",
    "searchTerms": "\"WENDEL CAVALCANTE DE LIMA\"",
    "count": 10,
    "startIndex": 11,
    "inputEncoding": "utf8",
    "outputEncoding": "utf8",
    "safe": "off",
    "cx": "014097292584411445814:sh5uhwve2ei",
    "searchType": "image"
   }
  ]
 },
 "context": {
  "title": "Eleitos"
 },
 "searchInformation": {
  "searchTime": 0.11225,
  "formattedSearchTime": "0.11",
  "totalResults": "217",
  "formattedTotalResults": "217"
 },
 "items": [
  {
   "kind": "customsearch#result",
   "title": "Vereador — Câmara Municipal",
   "htmlTitle": "Vereador — Câmara Municipal",
   "link": "http://www.aguafriadegoias.go.leg.br/20170620_145541.jpg/@@images/334451cd-5e5c-400a-9d3d-42e397888bd5.jpeg",
   "displayLink": "www.aguafriadegoias.go.leg.br",
   "snippet": "Vereador — Câmara Municipal",
   "htmlSnippet": "Vereador — Câmara Municipal",
   "mime": "image/jpeg",
   "image": {
    "contextLink": "http://www.aguafriadegoias.go.leg.br/institucional/vereadores/vereador",
    "height": 200,
    "width": 159,
    "byteSize": 8564,
    "thumbnailLink": "https://encrypted-tbn0.gstatic.com/images?q=tbn:ANd9GcRuKez5lOJBhXs3VbD-thclTcitgtbJMww4-pwO7JoqaC0r_M-w4lgsOQ",
    "thumbnailHeight": 104,
    "thumbnailWidth": 83
   }
  },
  {
   "kind": "customsearch#result",
   "title": "title | Gazeta do Povo",
   "htmlTitle": "title | Gazeta do Povo",
   "link": "https://gazetadopovo-candidatos-2016.s3.amazonaws.com/fotos/santinhos/go/agua-fria-de-goias/santinho-vereador-wendel-23333-agua-fria-de-goias-go.jpg",
   "displayLink": "especiais.gazetadopovo.com.br",
   "snippet": "title | Gazeta do Povo",
   "htmlSnippet": "title | Gazeta do Povo",
   "mime": "image/jpeg",
   "image": {
    "contextLink": "https://especiais.gazetadopovo.com.br/eleicoes/2016/agua-fria-de-goias-go/vereador/wendel-23333/",
    "height": 339,
    "width": 646,
    "byteSize": 19670,
    "thumbnailLink": "https://encrypted-tbn0.gstatic.com/images?q=tbn:ANd9GcRAa0tCejXS5NzJHbc3ZLuGC9ea3nxs85igSTR-J_douXy6JuyLu-w1cVM",
    "thumbnailHeight": 72,
    "thumbnailWidth": 137
   }
  },
  {
   "kind": "customsearch#result",
   "title": "Página Inicial — Câmara Municipal",
   "htmlTitle": "Página Inicial — Câmara Municipal",
   "link": "http://www.aguafriadegoias.go.leg.br/institucional/noticias/primeira-noticia/@@images/3cd3a713-531d-4740-bc3a-d6d0ee4c1f82.jpeg",
   "displayLink": "www.aguafriadegoias.go.leg.br",
   "snippet": "Página Inicial — Câmara Municipal",
   "htmlSnippet": "Página Inicial — Câmara Municipal",
   "mime": "image/jpeg",
   "image": {
    "contextLink": "http://www.aguafriadegoias.go.leg.br/",
    "height": 576,
    "width": 768,
    "byteSize": 114902,
    "thumbnailLink": "https://encrypted-tbn0.gstatic.com/images?q=tbn:ANd9GcSR7vp3bfs8daQ9FGFSeolNJ9pp8Xa05bHENeJyR7adb4XDVXWVn1X1WVA",
    "thumbnailHeight": 107,
    "thumbnailWidth": 142
   }
  },
  {
   "kind": "customsearch#result",
   "title": "title | Gazeta do Povo",
   "htmlTitle": "title | Gazeta do Povo",
   "link": "https://gazetadopovo-candidatos-2016.s3.amazonaws.com/fotos/go/agua-fria-de-goias/wendel-23333.jpg",
   "displayLink": "especiais.gazetadopovo.com.br",
   "snippet": "title | Gazeta do Povo",
   "htmlSnippet": "title | Gazeta do Povo",
   "mime": "image/jpeg",
   "image": {
    "contextLink": "https://especiais.gazetadopovo.com.br/eleicoes/2016/agua-fria-de-goias-go/vereador/wendel-23333/",
    "height": 225,
    "width": 161,
    "byteSize": 6456,
    "thumbnailLink": "https://encrypted-tbn0.gstatic.com/images?q=tbn:ANd9GcTDEn8rVS4ADFTLwjSPDTwjtOUsxm9LzZ4h6sd4Eu26KB32B545rg3J7w",
    "thumbnailHeight": 108,
    "thumbnailWidth": 77
   }
  },
  {
   "kind": "customsearch#result",
   "title": "Vereador — Câmara Municipal",
   "htmlTitle": "Vereador — Câmara Municipal",
   "link": "https://www.insanespearfishing.com/image/data/blog/facebook.png",
   "displayLink": "www.aguafriadegoias.go.leg.br",
   "snippet": "Vereador — Câmara Municipal",
   "htmlSnippet": "Vereador — Câmara Municipal",
   "mime": "image/png",
   "image": {
    "contextLink": "http://www.aguafriadegoias.go.leg.br/institucional/vereadores/vereador",
    "height": 401,
    "width": 400,
    "byteSize": 58432,
    "thumbnailLink": "https://encrypted-tbn0.gstatic.com/images?q=tbn:ANd9GcTjKDOAJkO8BvvnQ0vfBzemWsTmZLjhQ29VzuVBBlCWjbj83zgUTLUFTqs",
    "thumbnailHeight": 124,
    "thumbnailWidth": 124
   }
  },
  {
   "kind": "customsearch#result",
   "title": "Página Inicial — Câmara Municipal",
   "htmlTitle": "Página Inicial — Câmara Municipal",
   "link": "http://www.aguafriadegoias.go.leg.br/20170620_145541.jpg/@@images/53e18fec-0a5e-45eb-81c6-f7ba63b6a69e.jpeg",
   "displayLink": "www.aguafriadegoias.go.leg.br",
   "snippet": "Página Inicial — Câmara Municipal",
   "htmlSnippet": "Página Inicial — Câmara Municipal",
   "mime": "image/jpeg",
   "image": {
    "contextLink": "http://www.aguafriadegoias.go.leg.br/",
    "height": 128,
    "width": 101,
    "byteSize": 4637,
    "thumbnailLink": "https://encrypted-tbn0.gstatic.com/images?q=tbn:ANd9GcR-QY5VST_Ebbbijmu-IGChmyw8dUq9SOj3yeUnvUCfY7WxWbklklSsmPY",
    "thumbnailHeight": 91,
    "thumbnailWidth": 72
   }
  },
  {
   "kind": "customsearch#result",
   "title": "Água Fria de Goiás - Berichten | Facebook",
   "htmlTitle": "Água Fria de Goiás - Berichten | Facebook",
   "link": "https://lookaside.fbsbx.com/lookaside/crawler/media/?media_id=2993149567392481",
   "displayLink": "nl-nl.facebook.com",
   "snippet": "Água Fria de Goiás - Berichten | Facebook",
   "htmlSnippet": "Água Fria de Goiás - Berichten | Facebook",
   "mime": "image/",
   "image": {
    "contextLink": "https://nl-nl.facebook.com/GrupoAguaFria/posts",
    "height": 540,
    "width": 960,
    "byteSize": 114847,
    "thumbnailLink": "https://encrypted-tbn0.gstatic.com/images?q=tbn:ANd9GcQ6Ihx1X3NTP35nmEW4iRx0RPNQ2BzJenzacCIejSOTT2rlgpZukBmH_TPB",
    "thumbnailHeight": 83,
    "thumbnailWidth": 148
   }
  },
  {
   "kind": "customsearch#result",
   "title": "Vereadores — Câmara Municipal",
   "htmlTitle": "Vereadores — Câmara Municipal",
   "link": "http://www.aguafriadegoias.go.leg.br/copy_of_Screenshot_20180103163626.png/@@images/4d364d54-e859-478f-995d-de087813f81d.png",
   "displayLink": "www.aguafriadegoias.go.leg.br",
   "snippet": "Vereadores — Câmara Municipal",
   "htmlSnippet": "Vereadores — Câmara Municipal",
   "mime": "image/png",
   "image": {
    "contextLink": "http://www.aguafriadegoias.go.leg.br/institucional/vereadores",
    "height": 200,
    "width": 155,
    "byteSize": 55428,
    "thumbnailLink": "https://encrypted-tbn0.gstatic.com/images?q=tbn:ANd9GcS7FhKDgOMuyD7-8cgYKyojjJBGuqSnfrk_AZPnhzqt6oi1DIixiTYtTOs",
    "thumbnailHeight": 104,
    "thumbnailWidth": 81
   }
  },
  {
   "kind": "customsearch#result",
   "title": "Água Fria de Goiás - Berichten | Facebook",
   "htmlTitle": "Água Fria de Goiás - Berichten | Facebook",
   "link": "https://lookaside.fbsbx.com/lookaside/crawler/media/?media_id=3030645896976181",
   "displayLink": "nl-nl.facebook.com",
   "snippet": "Água Fria de Goiás - Berichten | Facebook",
   "htmlSnippet": "Água Fria de Goiás - Berichten | Facebook",
   "mime": "image/",
   "image": {
    "contextLink": "https://nl-nl.facebook.com/GrupoAguaFria/posts",
    "height": 771,
    "width": 720,
    "byteSize": 41240,
    "thumbnailLink": "https://encrypted-tbn0.gstatic.com/images?q=tbn:ANd9GcT0MLuVR-h7IWen77QP4TtUavTHnixma0Iq2DXD_jWtEDatgZkQpBqOzaciZw",
    "thumbnailHeight": 142,
    "thumbnailWidth": 133
   }
  },
  {
   "kind": "customsearch#result",
   "title": "Vereadores — Câmara Municipal",
   "htmlTitle": "Vereadores — Câmara Municipal",
   "link": "http://www.aguafriadegoias.go.leg.br/20170622_191543.jpg/@@images/23553b2e-ade2-4467-a14e-316c9405bf5a.jpeg",
   "displayLink": "www.aguafriadegoias.go.leg.br",
   "snippet": "Vereadores — Câmara Municipal",
   "htmlSnippet": "Vereadores — Câmara Municipal",
   "mime": "image/jpeg",
   "image": {
    "contextLink": "http://www.aguafriadegoias.go.leg.br/institucional/vereadores",
    "height": 200,
    "width": 150,
    "byteSize": 7726,
    "thumbnailLink": "https://encrypted-tbn0.gstatic.com/images?q=tbn:ANd9GcSDlQMFzEjTOPz-S7IoOqSMNHkBf_ErKdflZezxsmGTNluPXoBUXcbnEQ",
    "thumbnailHeight": 104,
    "thumbnailWidth": 78
   }
  }
 ]
}
