{
 "kind": "customsearch#search",
 "url": {
  "type": "application/json",
  "template": "https://www.googleapis.com/customsearch/v1?q={searchTerms}&num={count?}&start={startIndex?}&lr={language?}&safe={safe?}&cx={cx?}&sort={sort?}&filter={filter?}&gl={gl?}&cr={cr?}&googlehost={googleHost?}&c2coff={disableCnTwTranslation?}&hq={hq?}&hl={hl?}&siteSearch={siteSearch?}&siteSearchFilter={siteSearchFilter?}&exactTerms={exactTerms?}&excludeTerms={excludeTerms?}&linkSite={linkSite?}&orTerms={orTerms?}&relatedSite={relatedSite?}&dateRestrict={dateRestrict?}&lowRange={lowRange?}&highRange={highRange?}&searchType={searchType}&fileType={fileType?}&rights={rights?}&imgSize={imgSize?}&imgType={imgType?}&imgColorType={imgColorType?}&imgDominantColor={imgDominantColor?}&alt=json"
 },
 "queries": {
  "request": [
   {
    "title": "Google Custom Search - \"WESLEY GOMES DA SILVA\"",
    "totalResults": "5330",
    "searchTerms": "\"WESLEY GOMES DA SILVA\"",
    "count": 10,
    "startIndex": 1,
    "inputEncoding": "utf8",
    "outputEncoding": "utf8",
    "safe": "off",
    "cx": "014097292584411445814:sh5uhwve2ei",
    "searchType": "image"
   }
  ],
  "nextPage": [
   {
    "title": "Google Custom Search - \"WESLEY GOMES DA SILVA\"",
    "totalResults": "5330",
    "searchTerms": "\"WESLEY GOMES DA SILVA\"",
    "count": 10,
    "startIndex": 11,
    "inputEncoding": "utf8",
    "outputEncoding": "utf8",
    "safe": "off",
    "cx": "014097292584411445814:sh5uhwve2ei",
    "searchType": "image"
   }
  ]
 },
 "context": {
  "title": "Eleitos"
 },
 "searchInformation": {
  "searchTime": 0.338254,
  "formattedSearchTime": "0.34",
  "totalResults": "5330",
  "formattedTotalResults": "5,330"
 },
 "items": [
  {
   "kind": "customsearch#result",
   "title": "Solenidade - Assembleia Legislativa do Estado de Goiás",
   "htmlTitle": "Solenidade - Assembleia Legislativa do Estado de Goiás",
   "link": "https://portal.al.go.leg.br/imagens/miniatura/d/31209/a/630915/w/1024/h/648/",
   "displayLink": "portal.al.go.leg.br",
   "snippet": "Solenidade - Assembleia Legislativa do Estado de Goiás",
   "htmlSnippet": "Solenidade - Assembleia Legislativa do Estado de Goiás",
   "mime": "image/",
   "image": {
    "contextLink": "https://portal.al.go.leg.br/noticias/ver/id/152976/tipo/gabinete/solenidade",
    "height": 648,
    "width": 1024,
    "byteSize": 79021,
    "thumbnailLink": "https://encrypted-tbn0.gstatic.com/images?q=tbn:ANd9GcTxNJFrEJ94MgxbogmwKAklsZO2qnVAMmKDiGMCSvYHOPCpzXAuHbCW5yUd",
    "thumbnailHeight": 95,
    "thumbnailWidth": 150
   }
  },
  {
   "kind": "customsearch#result",
   "title": "Pr Leonardo Sale Fun Club - Community | Facebook",
   "htmlTitle": "Pr Leonardo Sale Fun Club - Community | Facebook",
   "link": "https://lookaside.fbsbx.com/lookaside/crawler/media/?media_id=260025794692075",
   "displayLink": "www.facebook.com",
   "snippet": "Pr Leonardo Sale Fun Club - Community | Facebook",
   "htmlSnippet": "Pr Leonardo Sale Fun Club - Community | Facebook",
   "mime": "image/",
   "image": {
    "contextLink": "https://www.facebook.com/prleonardosalefunclub/likes",
    "height": 959,
    "width": 960,
    "byteSize": 66243,
    "thumbnailLink": "https://encrypted-tbn0.gstatic.com/images?q=tbn:ANd9GcTmzeXcKgW0NiUKFODcC7QcI8cjBIwqDhwSl-jFlTK1zdA2RBS8dI4S-9xN",
    "thumbnailHeight": 148,
    "thumbnailWidth": 148
   }
  },
  {
   "kind": "customsearch#result",
   "title": "Homenagens - Assembleia Legislativa do Estado de Goiás",
   "htmlTitle": "Homenagens - Assembleia Legislativa do Estado de Goiás",
   "link": "https://portal.al.go.leg.br/imagens/miniatura/d/31201/a/630821/w/1024/h/648/",
   "displayLink": "portal.al.go.leg.br",
   "snippet": "Homenagens - Assembleia Legislativa do Estado de Goiás",
   "htmlSnippet": "Homenagens - Assembleia Legislativa do Estado de Goiás",
   "mime": "image/",
   "image": {
    "contextLink": "https://portal.al.go.leg.br/noticias/ver/id/152923/homenagens",
    "height": 648,
    "width": 1024,
    "byteSize": 54769,
    "thumbnailLink": "https://encrypted-tbn0.gstatic.com/images?q=tbn:ANd9GcRoqozO0Ru0CcAJtW9Gj87wm5KiQmpFKLEb6PCutUk5J-rYN2Wvrasog9Qu",
    "thumbnailHeight": 95,
    "thumbnailWidth": 150
   }
  },
  {
   "kind": "customsearch#result",
   "title": "Institucional » Letra e Hino de Votorantim » Função e Definição da ...",
   "htmlTitle": "Institucional » Letra e Hino de Votorantim » Função e Definição da ...",
   "link": "http://www.camaravotorantim.sp.gov.br/imagens/gaguinho.esp.03.17.JPG",
   "displayLink": "www.camaravotorantim.sp.gov.br",
   "snippet": "gaguinho.esp.03.17.JPG",
   "htmlSnippet": "gaguinho.esp.03.17.JPG",
   "mime": "image/jpeg",
   "image": {
    "contextLink": "http://www.camaravotorantim.sp.gov.br/visualizador-noticias.asp?id=1610",
    "height": 484,
    "width": 800,
    "byteSize": 327867,
    "thumbnailLink": "https://encrypted-tbn0.gstatic.com/images?q=tbn:ANd9GcT4hTQfWHksXWqVni9x5J7RSFYgCBAFYoWoLVHprDAa526HH20k_84L5Qfd",
    "thumbnailHeight": 87,
    "thumbnailWidth": 143
   }
  },
  {
   "kind": "customsearch#result",
   "title": "POLÍCIA CIVIL COMANDADA PELA A DELEGADA... - Na mira da notícia ...",
   "htmlTitle": "POLÍCIA CIVIL COMANDADA PELA A DELEGADA... - Na mira da notícia ...",
   "link": "https://lookaside.fbsbx.com/lookaside/crawler/media/?media_id=1398706380247085",
   "displayLink": "pt-br.facebook.com",
   "snippet": "POLÍCIA CIVIL COMANDADA PELA A DELEGADA... - Na mira da notícia ...",
   "htmlSnippet": "POLÍCIA CIVIL COMANDADA PELA A DELEGADA... - Na mira da notícia ...",
   "mime": "image/",
   "image": {
    "contextLink": "https://pt-br.facebook.com/1041500975967629/posts/pol%C3%ADcia-civil-comandada-pela-a-delegada-servulla-prende-suspeito-de-ter-assassin/1398706410247082/",
    "height": 720,
    "width": 960,
    "byteSize": 63796,
    "thumbnailLink": "https://encrypted-tbn0.gstatic.com/images?q=tbn:ANd9GcQQ8TL2t19PSsctOoyXm85PZCTmtkrkh5Z5-DSynfeiPvSYYCyNiDPl-yg",
    "thumbnailHeight": 111,
    "thumbnailWidth": 148
   }
  },
  {
   "kind": "customsearch#result",
   "title": "Paraná mira guinada na classificação",
   "htmlTitle": "Paraná mira guinada na classificação",
   "link": "https://media.gazetadopovo.com.br/2010/02/a06db2f3f016ac21f1c56b9dd86703b0-gpMedium.jpg",
   "displayLink": "www.gazetadopovo.com.br",
   "snippet": "Paraná mira guinada na classificação",
   "htmlSnippet": "Paraná mira guinada na classificação",
   "mime": "image/jpeg",
   "image": {
    "contextLink": "https://www.gazetadopovo.com.br/esportes/parana-mira-guinada-na-classificacao-aal27ax8cfgkhfmwdbghaco5q/",
    "height": 440,
    "width": 660,
    "byteSize": 46100,
    "thumbnailLink": "https://encrypted-tbn0.gstatic.com/images?q=tbn:ANd9GcTXJZwGVFfKdiOegSzlHhSosJWQoHkRZ3M2Llv_JlEZNgygvt8dh1cnVsn8",
    "thumbnailHeight": 92,
    "thumbnailWidth": 138
   }
  },
  {
   "kind": "customsearch#result",
   "title": "Untitled",
   "htmlTitle": "Untitled",
   "link": "x-raw-image:///8183da06d6dec0b3adc4e6b8ae4e9eb82ae62b9c5595f0368bc8d188eb2a61cb",
   "displayLink": "www.moradanova.mg.gov.br",
   "snippet": "Untitled",
   "htmlSnippet": "Untitled",
   "mime": "image/",
   "image": {
    "contextLink": "http://www.moradanova.mg.gov.br/abrir_arquivo.aspx/Decretos_27_2019?cdLocal=5&arquivo={DB5E24A1-E886-DC8B-2ADC-B103D06C48DE}.pdf",
    "height": 2018,
    "width": 1458,
    "byteSize": 970308,
    "thumbnailLink": "https://encrypted-tbn0.gstatic.com/images?q=tbn:ANd9GcQx7Nuh_RrDMdN8woGh5caa0io3EzeKmlZroal5CwFwjbr8DhumPx-tY5w",
    "thumbnailHeight": 150,
    "thumbnailWidth": 108
   }
  },
  {
   "kind": "customsearch#result",
   "title": "Easy - NOMES DOS CONVOCADOS APROVADOS NO CONCURSO PÚBLICO DA ...",
   "htmlTitle": "Easy - NOMES DOS CONVOCADOS APROVADOS NO CONCURSO PÚBLICO DA ...",
   "link": "https://lookaside.fbsbx.com/lookaside/crawler/media/?media_id=827200874104798",
   "displayLink": "m.facebook.com",
   "snippet": "Easy - NOMES DOS CONVOCADOS APROVADOS NO CONCURSO PÚBLICO DA ...",
   "htmlSnippet": "Easy - NOMES DOS CONVOCADOS APROVADOS NO CONCURSO PÚBLICO DA ...",
   "mime": "image/",
   "image": {
    "contextLink": "https://m.facebook.com/elvispassosreportagem/posts/827200874104798:0",
    "height": 903,
    "width": 960,
    "byteSize": 166295,
    "thumbnailLink": "https://encrypted-tbn0.gstatic.com/images?q=tbn:ANd9GcRkNvGYedHnbrMe6MDTos1gGxrCdjmitPOgr-8o742zB0NzLiTNUeWEvCeExQ",
    "thumbnailHeight": 139,
    "thumbnailWidth": 148
   }
  },
  {
   "kind": "customsearch#result",
   "title": "Projeto ''Rua do Lazer'' comemora o Dia das Crianças - Câmara ...",
   "htmlTitle": "Projeto &#39;&#39;Rua do Lazer&#39;&#39; comemora o Dia das Crianças - Câmara ...",
   "link": "http://camaraacreuna.go.gov.br/res/midias/img/f2bcf243337eb94854e38e5c5caf370a.jpg",
   "displayLink": "www.camaraacreuna.go.gov.br",
   "snippet": "Projeto ''Rua do Lazer'' comemora o Dia das Crianças - Câmara ...",
   "htmlSnippet": "Projeto &#39;&#39;Rua do Lazer&#39;&#39; comemora o Dia das Crianças - Câmara ...",
   "mime": "image/jpeg",
   "image": {
    "contextLink": "http://www.camaraacreuna.go.gov.br/noticia/13-projeto-rua-do-lazer-comemora-o-dia-das-criancas",
    "height": 665,
    "width": 1000,
    "byteSize": 114219,
    "thumbnailLink": "https://encrypted-tbn0.gstatic.com/images?q=tbn:ANd9GcR_PFbZ7eGEjejYiRS0jXgqbd7B4Kzsm8Zt2xjXdLKJaBMyeK9j7PUvvrE",
    "thumbnailHeight": 99,
    "thumbnailWidth": 149
   }
  },
  {
   "kind": "customsearch#result",
   "title": "Untitled",
   "htmlTitle": "Untitled",
   "link": "x-raw-image:///4d243d224f6b32ad89b7869b3c73203ddff26c3c297952304ee5836134c53b54",
   "displayLink": "www.jogosescolares.pr.gov.br",
   "snippet": "Untitled",
   "htmlSnippet": "Untitled",
   "mime": "image/",
   "image": {
    "contextLink": "http://www.jogosescolares.pr.gov.br/modules/fase_final/download.php?doc=20038",
    "height": 1514,
    "width": 961,
    "byteSize": 1424236,
    "thumbnailLink": "https://encrypted-tbn0.gstatic.com/images?q=tbn:ANd9GcSCpzv7JZuX9eRyrjANCsf295uOA_8CIjMxYgZ8Be4xkH0f7rNxkxF89gg",
    "thumbnailHeight": 150,
    "thumbnailWidth": 95
   }
  }
 ]
}
