{
 "kind": "customsearch#search",
 "url": {
  "type": "application/json",
  "template": "https://www.googleapis.com/customsearch/v1?q={searchTerms}&num={count?}&start={startIndex?}&lr={language?}&safe={safe?}&cx={cx?}&sort={sort?}&filter={filter?}&gl={gl?}&cr={cr?}&googlehost={googleHost?}&c2coff={disableCnTwTranslation?}&hq={hq?}&hl={hl?}&siteSearch={siteSearch?}&siteSearchFilter={siteSearchFilter?}&exactTerms={exactTerms?}&excludeTerms={excludeTerms?}&linkSite={linkSite?}&orTerms={orTerms?}&relatedSite={relatedSite?}&dateRestrict={dateRestrict?}&lowRange={lowRange?}&highRange={highRange?}&searchType={searchType}&fileType={fileType?}&rights={rights?}&imgSize={imgSize?}&imgType={imgType?}&imgColorType={imgColorType?}&imgDominantColor={imgDominantColor?}&alt=json"
 },
 "queries": {
  "request": [
   {
    "title": "Google Custom Search - \"WILDES SILVA DE OLIVEIRA JUNIOR\"",
    "totalResults": "8",
    "searchTerms": "\"WILDES SILVA DE OLIVEIRA JUNIOR\"",
    "count": 8,
    "startIndex": 1,
    "inputEncoding": "utf8",
    "outputEncoding": "utf8",
    "safe": "off",
    "cx": "014097292584411445814:sh5uhwve2ei",
    "searchType": "image"
   }
  ]
 },
 "context": {
  "title": "Eleitos"
 },
 "searchInformation": {
  "searchTime": 0.124735,
  "formattedSearchTime": "0.12",
  "totalResults": "8",
  "formattedTotalResults": "8"
 },
 "items": [
  {
   "kind": "customsearch#result",
   "title": "Oliveira Junior 23133 PPS (Vereador) Águas Lindas de Goiás - Guia ...",
   "htmlTitle": "Oliveira Junior 23133 PPS (Vereador) Águas Lindas de Goiás - Guia ...",
   "link": "https://gazetadopovo-candidatos-2016.s3.amazonaws.com/fotos/santinhos/go/aguas-lindas-de-goias/santinho-vereador-oliveira-junior-23133-aguas-lindas-de-goias-go.jpg",
   "displayLink": "especiais.gazetadopovo.com.br",
   "snippet": "Oliveira Junior 23133 PPS (Vereador) Águas Lindas de Goiás - Guia ...",
   "htmlSnippet": "Oliveira Junior 23133 PPS (Vereador) Águas Lindas de Goiás - Guia ...",
   "mime": "image/jpeg",
   "image": {
    "contextLink": "https://especiais.gazetadopovo.com.br/eleicoes/2016/aguas-lindas-de-goias-go/vereador/oliveira-junior-23133/",
    "height": 339,
    "width": 646,
    "byteSize": 18590,
    "thumbnailLink": "https://encrypted-tbn0.gstatic.com/images?q=tbn:ANd9GcRcPMxuMyioxjuDvdFXUnQieHO2P4APOhDhDasiRJzOIrpIj_YvHI0gWpk",
    "thumbnailHeight": 72,
    "thumbnailWidth": 137
   }
  },
  {
   "kind": "customsearch#result",
   "title": "Amor Por Águas Lindas - Publicações | Facebook",
   "htmlTitle": "Amor Por Águas Lindas - Publicações | Facebook",
   "link": "https://lookaside.fbsbx.com/lookaside/crawler/media/?media_id=877549225698373",
   "displayLink": "pt-br.facebook.com",
   "snippet": "Amor Por Águas Lindas - Publicações | Facebook",
   "htmlSnippet": "Amor Por Águas Lindas - Publicações | Facebook",
   "mime": "image/",
   "image": {
    "contextLink": "https://pt-br.facebook.com/Amor-Por-%C3%81guas-Lindas-877549225698373/posts/",
    "height": 959,
    "width": 960,
    "byteSize": 253347,
    "thumbnailLink": "https://encrypted-tbn0.gstatic.com/images?q=tbn:ANd9GcSFiHMIHijlcbFHXwfdSfjzqsb6ISEtIepH63NEy5PRHxVcQ3Xb1OH2w8B2bw",
    "thumbnailHeight": 148,
    "thumbnailWidth": 148
   }
  },
  {
   "kind": "customsearch#result",
   "title": "Oliveira Junior 23133 PPS (Vereador) Águas Lindas de Goiás - Guia ...",
   "htmlTitle": "Oliveira Junior 23133 PPS (Vereador) Águas Lindas de Goiás - Guia ...",
   "link": "https://gazetadopovo-candidatos-2016.s3.amazonaws.com/fotos/go/aguas-lindas-de-goias/oliveira-junior-23133.jpg",
   "displayLink": "especiais.gazetadopovo.com.br",
   "snippet": "Oliveira Junior 23133 PPS (Vereador) Águas Lindas de Goiás - Guia ...",
   "htmlSnippet": "Oliveira Junior 23133 PPS (Vereador) Águas Lindas de Goiás - Guia ...",
   "mime": "image/jpeg",
   "image": {
    "contextLink": "https://especiais.gazetadopovo.com.br/eleicoes/2016/aguas-lindas-de-goias-go/vereador/oliveira-junior-23133/",
    "height": 225,
    "width": 161,
    "byteSize": 3955,
    "thumbnailLink": "https://encrypted-tbn0.gstatic.com/images?q=tbn:ANd9GcQg-NtSgJxA2VQVa0UhrvSoh4i97akh7Edq6fJrEmEes2wHUxY5KZPpTPQ",
    "thumbnailHeight": 108,
    "thumbnailWidth": 77
   }
  },
  {
   "kind": "customsearch#result",
   "title": "Amor Por Águas Lindas - Publicações | Facebook",
   "htmlTitle": "Amor Por Águas Lindas - Publicações | Facebook",
   "link": "https://lookaside.fbsbx.com/lookaside/crawler/media/?media_id=1923454987774453",
   "displayLink": "pt-br.facebook.com",
   "snippet": "Amor Por Águas Lindas - Publicações | Facebook",
   "htmlSnippet": "Amor Por Águas Lindas - Publicações | Facebook",
   "mime": "image/",
   "image": {
    "contextLink": "https://pt-br.facebook.com/Amor-Por-%C3%81guas-Lindas-877549225698373/posts/",
    "height": 480,
    "width": 480,
    "byteSize": 43832,
    "thumbnailLink": "https://encrypted-tbn0.gstatic.com/images?q=tbn:ANd9GcQeGqqNYWNrjEMGqd33Qr8bESPiC1n98_yUoHYORn6aN1oYeGAou1gC1ZmCbw",
    "thumbnailHeight": 129,
    "thumbnailWidth": 129
   }
  },
  {
   "kind": "customsearch#result",
   "title": "Oliveira Junior 23133 PPS (Vereador) Águas Lindas de Goiás - Guia ...",
   "htmlTitle": "Oliveira Junior 23133 PPS (Vereador) Águas Lindas de Goiás - Guia ...",
   "link": "https://gazetadopovo-candidatos-2016.s3.amazonaws.com/fotos/go/aguas-lindas-de-goias/olavo-da-farmacia-23222.jpg",
   "displayLink": "especiais.gazetadopovo.com.br",
   "snippet": "Oliveira Junior 23133 PPS (Vereador) Águas Lindas de Goiás - Guia ...",
   "htmlSnippet": "Oliveira Junior 23133 PPS (Vereador) Águas Lindas de Goiás - Guia ...",
   "mime": "image/jpeg",
   "image": {
    "contextLink": "https://especiais.gazetadopovo.com.br/eleicoes/2016/aguas-lindas-de-goias-go/vereador/oliveira-junior-23133/",
    "height": 225,
    "width": 161,
    "byteSize": 3734,
    "thumbnailLink": "https://encrypted-tbn0.gstatic.com/images?q=tbn:ANd9GcRFulffGOx26y2old9HIJXLGjf4Kz12ZKiyHAMrMLjGtG8FXgoZ7vne8w",
    "thumbnailHeight": 108,
    "thumbnailWidth": 77
   }
  },
  {
   "kind": "customsearch#result",
   "title": "SUMÁRIO ATOS DO CHEFE DO PODER EXECUTIVO",
   "htmlTitle": "SUMÁRIO ATOS DO CHEFE DO PODER EXECUTIVO",
   "link": "x-raw-image:///01aa469e0b802d1e5b5c8257b03a45227e9742fcd896e03bed3f342066397e22",
   "displayLink": "doe.to.gov.br",
   "snippet": "SUMÁRIO ATOS DO CHEFE DO PODER EXECUTIVO",
   "htmlSnippet": "SUMÁRIO ATOS DO CHEFE DO PODER EXECUTIVO",
   "mime": "image/",
   "image": {
    "contextLink": "https://doe.to.gov.br/diario/3840/download",
    "height": 402,
    "width": 691,
    "byteSize": 410381,
    "thumbnailLink": "https://encrypted-tbn0.gstatic.com/images?q=tbn:ANd9GcSg3Xdlz7FwtMnO9CT1I3JMHZslBAWcftQcNklVAj72IqBvJrZi7qr3ptU",
    "thumbnailHeight": 81,
    "thumbnailWidth": 139
   }
  },
  {
   "kind": "customsearch#result",
   "title": "Oliveira Junior 23133 PPS (Vereador) Águas Lindas de Goiás - Guia ...",
   "htmlTitle": "Oliveira Junior 23133 PPS (Vereador) Águas Lindas de Goiás - Guia ...",
   "link": "https://gazetadopovo-candidatos-2016.s3.amazonaws.com/fotos/go/aguas-lindas-de-goias/marluce-23123.jpg",
   "displayLink": "especiais.gazetadopovo.com.br",
   "snippet": "Oliveira Junior 23133 PPS (Vereador) Águas Lindas de Goiás - Guia ...",
   "htmlSnippet": "Oliveira Junior 23133 PPS (Vereador) Águas Lindas de Goiás - Guia ...",
   "mime": "image/jpeg",
   "image": {
    "contextLink": "https://especiais.gazetadopovo.com.br/eleicoes/2016/aguas-lindas-de-goias-go/vereador/oliveira-junior-23133/",
    "height": 225,
    "width": 161,
    "byteSize": 4174,
    "thumbnailLink": "https://encrypted-tbn0.gstatic.com/images?q=tbn:ANd9GcSaBPzIWsHwF4rH08BRSwQW9-r3axLYJ7ZZMe_6WjvT9mdFirXjgDYMvQ",
    "thumbnailHeight": 108,
    "thumbnailWidth": 77
   }
  },
  {
   "kind": "customsearch#result",
   "title": "Oliveira Junior 23133 PPS (Vereador) Águas Lindas de Goiás - Guia ...",
   "htmlTitle": "Oliveira Junior 23133 PPS (Vereador) Águas Lindas de Goiás - Guia ...",
   "link": "https://gazetadopovo-candidatos-2016.s3.amazonaws.com/fotos/go/aguas-lindas-de-goias/jose-lopes-23000.jpg",
   "displayLink": "especiais.gazetadopovo.com.br",
   "snippet": "Oliveira Junior 23133 PPS (Vereador) Águas Lindas de Goiás - Guia ...",
   "htmlSnippet": "Oliveira Junior 23133 PPS (Vereador) Águas Lindas de Goiás - Guia ...",
   "mime": "image/jpeg",
   "image": {
    "contextLink": "https://especiais.gazetadopovo.com.br/eleicoes/2016/aguas-lindas-de-goias-go/vereador/oliveira-junior-23133/",
    "height": 225,
    "width": 161,
    "byteSize": 4393,
    "thumbnailLink": "https://encrypted-tbn0.gstatic.com/images?q=tbn:ANd9GcQpINUJuLRzhC4cOAhUglTvvjt2TXV_jjhq224bmP2LIfwmTuVtYzAMYtc",
    "thumbnailHeight": 108,
    "thumbnailWidth": 77
   }
  }
 ]
}
