{
 "kind": "customsearch#search",
 "url": {
  "type": "application/json",
  "template": "https://www.googleapis.com/customsearch/v1?q={searchTerms}&num={count?}&start={startIndex?}&lr={language?}&safe={safe?}&cx={cx?}&sort={sort?}&filter={filter?}&gl={gl?}&cr={cr?}&googlehost={googleHost?}&c2coff={disableCnTwTranslation?}&hq={hq?}&hl={hl?}&siteSearch={siteSearch?}&siteSearchFilter={siteSearchFilter?}&exactTerms={exactTerms?}&excludeTerms={excludeTerms?}&linkSite={linkSite?}&orTerms={orTerms?}&relatedSite={relatedSite?}&dateRestrict={dateRestrict?}&lowRange={lowRange?}&highRange={highRange?}&searchType={searchType}&fileType={fileType?}&rights={rights?}&imgSize={imgSize?}&imgType={imgType?}&imgColorType={imgColorType?}&imgDominantColor={imgDominantColor?}&alt=json"
 },
 "queries": {
  "request": [
   {
    "title": "Google Custom Search - \"WORLEY DINIZ TAVARES\"",
    "totalResults": "1",
    "searchTerms": "\"WORLEY DINIZ TAVARES\"",
    "count": 1,
    "startIndex": 1,
    "inputEncoding": "utf8",
    "outputEncoding": "utf8",
    "safe": "off",
    "cx": "014097292584411445814:sh5uhwve2ei",
    "searchType": "image"
   }
  ]
 },
 "context": {
  "title": "Eleitos"
 },
 "searchInformation": {
  "searchTime": 0.201455,
  "formattedSearchTime": "0.20",
  "totalResults": "1",
  "formattedTotalResults": "1"
 },
 "items": [
  {
   "kind": "customsearch#result",
   "title": "Worley Bó 22369 PR (Vereador) Abadia de Goiás - Guia Eleições 2016",
   "htmlTitle": "Worley Bó 22369 PR (Vereador) Abadia de Goiás - Guia Eleições 2016",
   "link": "https://gazetadopovo-candidatos-2016.s3.amazonaws.com/fotos/go/abadia-de-goias/worley-bo-22369.jpg",
   "displayLink": "especiais.gazetadopovo.com.br",
   "snippet": "Worley Bó 22369 PR (Vereador) Abadia de Goiás - Guia Eleições 2016",
   "htmlSnippet": "Worley Bó 22369 PR (Vereador) Abadia de Goiás - Guia Eleições 2016",
   "mime": "image/jpeg",
   "image": {
    "contextLink": "https://especiais.gazetadopovo.com.br/eleicoes/2016/abadia-de-goias-go/vereador/worley-bo-22369/",
    "height": 225,
    "width": 161,
    "byteSize": 4075,
    "thumbnailLink": "https://encrypted-tbn0.gstatic.com/images?q=tbn:ANd9GcTTewVaUd06DJt5iUghSBJTlz3GEKQXf25TOLfaiG21siLVum_dSvvzaA",
    "thumbnailHeight": 108,
    "thumbnailWidth": 77
   }
  }
 ]
}
