{
 "kind": "customsearch#search",
 "url": {
  "type": "application/json",
  "template": "https://www.googleapis.com/customsearch/v1?q={searchTerms}&num={count?}&start={startIndex?}&lr={language?}&safe={safe?}&cx={cx?}&sort={sort?}&filter={filter?}&gl={gl?}&cr={cr?}&googlehost={googleHost?}&c2coff={disableCnTwTranslation?}&hq={hq?}&hl={hl?}&siteSearch={siteSearch?}&siteSearchFilter={siteSearchFilter?}&exactTerms={exactTerms?}&excludeTerms={excludeTerms?}&linkSite={linkSite?}&orTerms={orTerms?}&relatedSite={relatedSite?}&dateRestrict={dateRestrict?}&lowRange={lowRange?}&highRange={highRange?}&searchType={searchType}&fileType={fileType?}&rights={rights?}&imgSize={imgSize?}&imgType={imgType?}&imgColorType={imgColorType?}&imgDominantColor={imgDominantColor?}&alt=json"
 },
 "queries": {
  "request": [
   {
    "title": "Google Custom Search - \"ZELIA MARTA DA SILVA\"",
    "totalResults": "59",
    "searchTerms": "\"ZELIA MARTA DA SILVA\"",
    "count": 10,
    "startIndex": 1,
    "inputEncoding": "utf8",
    "outputEncoding": "utf8",
    "safe": "off",
    "cx": "014097292584411445814:sh5uhwve2ei",
    "searchType": "image"
   }
  ],
  "nextPage": [
   {
    "title": "Google Custom Search - \"ZELIA MARTA DA SILVA\"",
    "totalResults": "59",
    "searchTerms": "\"ZELIA MARTA DA SILVA\"",
    "count": 10,
    "startIndex": 11,
    "inputEncoding": "utf8",
    "outputEncoding": "utf8",
    "safe": "off",
    "cx": "014097292584411445814:sh5uhwve2ei",
    "searchType": "image"
   }
  ]
 },
 "context": {
  "title": "Eleitos"
 },
 "searchInformation": {
  "searchTime": 0.263879,
  "formattedSearchTime": "0.26",
  "totalResults": "59",
  "formattedTotalResults": "59"
 },
 "items": [
  {
   "kind": "customsearch#result",
   "title": "Zélia 10123 PRB (Vereadora) Adelândia - Guia Eleições 2016",
   "htmlTitle": "Zélia 10123 PRB (Vereadora) Adelândia - Guia Eleições 2016",
   "link": "https://gazetadopovo-candidatos-2016.s3.amazonaws.com/fotos/go/adelandia/zelia-10123.jpg",
   "displayLink": "especiais.gazetadopovo.com.br",
   "snippet": "Zélia 10123 PRB (Vereadora) Adelândia - Guia Eleições 2016",
   "htmlSnippet": "Zélia 10123 PRB (Vereadora) Adelândia - Guia Eleições 2016",
   "mime": "image/jpeg",
   "image": {
    "contextLink": "https://especiais.gazetadopovo.com.br/eleicoes/2016/adelandia-go/vereador/zelia-10123/",
    "height": 225,
    "width": 161,
    "byteSize": 5384,
    "thumbnailLink": "https://encrypted-tbn0.gstatic.com/images?q=tbn:ANd9GcS8ZEERj0URSZqYX12K8ZjieKIruX0Ur94ytFBXaKT_cvK0liuTsdGw68g",
    "thumbnailHeight": 108,
    "thumbnailWidth": 77
   }
  },
  {
   "kind": "customsearch#result",
   "title": "Zélia 10123 PRB (Vereadora) Adelândia - Guia Eleições 2016",
   "htmlTitle": "Zélia 10123 PRB (Vereadora) Adelândia - Guia Eleições 2016",
   "link": "https://gazetadopovo-candidatos-2016.s3.amazonaws.com/fotos/santinhos/go/adelandia/santinho-vereador-zelia-10123-adelandia-go.jpg",
   "displayLink": "especiais.gazetadopovo.com.br",
   "snippet": "Zélia 10123 PRB (Vereadora) Adelândia - Guia Eleições 2016",
   "htmlSnippet": "Zélia 10123 PRB (Vereadora) Adelândia - Guia Eleições 2016",
   "mime": "image/jpeg",
   "image": {
    "contextLink": "https://especiais.gazetadopovo.com.br/eleicoes/2016/adelandia-go/vereador/zelia-10123/",
    "height": 339,
    "width": 646,
    "byteSize": 17850,
    "thumbnailLink": "https://encrypted-tbn0.gstatic.com/images?q=tbn:ANd9GcQ3-KkVILxWpZuscG_WZgpkVPABfDYUJ-KF8cNb5eYi1irPtkkCvXDfSZAF",
    "thumbnailHeight": 72,
    "thumbnailWidth": 137
   }
  },
  {
   "kind": "customsearch#result",
   "title": "Zélia 10123 PRB (Vereadora) Adelândia - Guia Eleições 2016",
   "htmlTitle": "Zélia 10123 PRB (Vereadora) Adelândia - Guia Eleições 2016",
   "link": "https://gazetadopovo-candidatos-2016.s3.amazonaws.com/fotos/go/adelandia/aninha-da-escolinha-10432.jpg",
   "displayLink": "especiais.gazetadopovo.com.br",
   "snippet": "Zélia 10123 PRB (Vereadora) Adelândia - Guia Eleições 2016",
   "htmlSnippet": "Zélia 10123 PRB (Vereadora) Adelândia - Guia Eleições 2016",
   "mime": "image/jpeg",
   "image": {
    "contextLink": "https://especiais.gazetadopovo.com.br/eleicoes/2016/adelandia-go/vereador/zelia-10123/",
    "height": 225,
    "width": 161,
    "byteSize": 4326,
    "thumbnailLink": "https://encrypted-tbn0.gstatic.com/images?q=tbn:ANd9GcR-xL_g3sfqRWakTSK-XzkY17aTu1otpMm1rB7wc-Ng7-FFUefUhTcQeQ",
    "thumbnailHeight": 108,
    "thumbnailWidth": 77
   }
  },
  {
   "kind": "customsearch#result",
   "title": "Zélia 10123 PRB (Vereadora) Adelândia - Guia Eleições 2016",
   "htmlTitle": "Zélia 10123 PRB (Vereadora) Adelândia - Guia Eleições 2016",
   "link": "https://gazetadopovo-candidatos-2016.s3.amazonaws.com/fotos/go/adelandia/netinho-10110.jpg",
   "displayLink": "especiais.gazetadopovo.com.br",
   "snippet": "Zélia 10123 PRB (Vereadora) Adelândia - Guia Eleições 2016",
   "htmlSnippet": "Zélia 10123 PRB (Vereadora) Adelândia - Guia Eleições 2016",
   "mime": "image/jpeg",
   "image": {
    "contextLink": "https://especiais.gazetadopovo.com.br/eleicoes/2016/adelandia-go/vereador/zelia-10123/",
    "height": 225,
    "width": 161,
    "byteSize": 5015,
    "thumbnailLink": "https://encrypted-tbn0.gstatic.com/images?q=tbn:ANd9GcTW5mGIJcapWzNOZgHB5tPJxPov9eVn4f6CLk6YCtwMR7yIKONS4oKsAPM",
    "thumbnailHeight": 108,
    "thumbnailWidth": 77
   }
  },
  {
   "kind": "customsearch#result",
   "title": "Zélia 10123 PRB (Vereadora) Adelândia - Guia Eleições 2016",
   "htmlTitle": "Zélia 10123 PRB (Vereadora) Adelândia - Guia Eleições 2016",
   "link": "https://gazetadopovo-candidatos-2016.s3.amazonaws.com/fotos/go/adelandia/kassio-aquino-10789.jpg",
   "displayLink": "especiais.gazetadopovo.com.br",
   "snippet": "Zélia 10123 PRB (Vereadora) Adelândia - Guia Eleições 2016",
   "htmlSnippet": "Zélia 10123 PRB (Vereadora) Adelândia - Guia Eleições 2016",
   "mime": "image/jpeg",
   "image": {
    "contextLink": "https://especiais.gazetadopovo.com.br/eleicoes/2016/adelandia-go/vereador/zelia-10123/",
    "height": 225,
    "width": 161,
    "byteSize": 5087,
    "thumbnailLink": "https://encrypted-tbn0.gstatic.com/images?q=tbn:ANd9GcRf9NzR9eTVRVdhdaESFwbBaTD6AVGQwD4ZrqAjchRIUGpcvmCRV3RcOCk",
    "thumbnailHeight": 108,
    "thumbnailWidth": 77
   }
  },
  {
   "kind": "customsearch#result",
   "title": "Zélia 10123 PRB (Vereadora) Adelândia - Guia Eleições 2016",
   "htmlTitle": "Zélia 10123 PRB (Vereadora) Adelândia - Guia Eleições 2016",
   "link": "https://gazetadopovo-candidatos-2016.s3.amazonaws.com/fotos/go/adelandia/divino-lereia-10222.jpg",
   "displayLink": "especiais.gazetadopovo.com.br",
   "snippet": "Zélia 10123 PRB (Vereadora) Adelândia - Guia Eleições 2016",
   "htmlSnippet": "Zélia 10123 PRB (Vereadora) Adelândia - Guia Eleições 2016",
   "mime": "image/jpeg",
   "image": {
    "contextLink": "https://especiais.gazetadopovo.com.br/eleicoes/2016/adelandia-go/vereador/zelia-10123/",
    "height": 225,
    "width": 161,
    "byteSize": 4216,
    "thumbnailLink": "https://encrypted-tbn0.gstatic.com/images?q=tbn:ANd9GcTRJHAZEboVmDvVH-YHs2guF2FB1ky6eFIrtWc8OOftmCvWN6EJ6aj3kA",
    "thumbnailHeight": 108,
    "thumbnailWidth": 77
   }
  },
  {
   "kind": "customsearch#result",
   "title": "Zélia 10123 PRB (Vereadora) Adelândia - Guia Eleições 2016",
   "htmlTitle": "Zélia 10123 PRB (Vereadora) Adelândia - Guia Eleições 2016",
   "link": "https://gazetadopovo-candidatos-2016.s3.amazonaws.com/fotos/go/adelandia/joaquim-dos-reis-11.jpg",
   "displayLink": "especiais.gazetadopovo.com.br",
   "snippet": "Zélia 10123 PRB (Vereadora) Adelândia - Guia Eleições 2016",
   "htmlSnippet": "Zélia 10123 PRB (Vereadora) Adelândia - Guia Eleições 2016",
   "mime": "image/jpeg",
   "image": {
    "contextLink": "https://especiais.gazetadopovo.com.br/eleicoes/2016/adelandia-go/vereador/zelia-10123/",
    "height": 225,
    "width": 161,
    "byteSize": 3901,
    "thumbnailLink": "https://encrypted-tbn0.gstatic.com/images?q=tbn:ANd9GcRY9qMXWMk1_WrqKs3WcViG37Tj5wn6luONnyjtoL38nKaANaVtDmaCZA",
    "thumbnailHeight": 108,
    "thumbnailWidth": 77
   }
  },
  {
   "kind": "customsearch#result",
   "title": "Zélia 10123 PRB (Vereadora) Adelândia - Guia Eleições 2016",
   "htmlTitle": "Zélia 10123 PRB (Vereadora) Adelândia - Guia Eleições 2016",
   "link": "https://gazetadopovo-candidatos-2016.s3.amazonaws.com/fotos/go/adelandia/thiago-10111.jpg",
   "displayLink": "especiais.gazetadopovo.com.br",
   "snippet": "Zélia 10123 PRB (Vereadora) Adelândia - Guia Eleições 2016",
   "htmlSnippet": "Zélia 10123 PRB (Vereadora) Adelândia - Guia Eleições 2016",
   "mime": "image/jpeg",
   "image": {
    "contextLink": "https://especiais.gazetadopovo.com.br/eleicoes/2016/adelandia-go/vereador/zelia-10123/",
    "height": 225,
    "width": 161,
    "byteSize": 4500,
    "thumbnailLink": "https://encrypted-tbn0.gstatic.com/images?q=tbn:ANd9GcS5liRlGouJfnG0uAdfaQZDvJGZ0pmnqPyJSMgkNvmyOV2e90TaRProrhQ",
    "thumbnailHeight": 108,
    "thumbnailWidth": 77
   }
  },
  {
   "kind": "customsearch#result",
   "title": "Zélia 10123 PRB (Vereadora) Adelândia - Guia Eleições 2016",
   "htmlTitle": "Zélia 10123 PRB (Vereadora) Adelândia - Guia Eleições 2016",
   "link": "https://gazetadopovo-candidatos-2016.s3.amazonaws.com/fotos/go/adelandia/jose-boliva-10000.jpg",
   "displayLink": "especiais.gazetadopovo.com.br",
   "snippet": "Zélia 10123 PRB (Vereadora) Adelândia - Guia Eleições 2016",
   "htmlSnippet": "Zélia 10123 PRB (Vereadora) Adelândia - Guia Eleições 2016",
   "mime": "image/jpeg",
   "image": {
    "contextLink": "https://especiais.gazetadopovo.com.br/eleicoes/2016/adelandia-go/vereador/zelia-10123/",
    "height": 225,
    "width": 161,
    "byteSize": 3729,
    "thumbnailLink": "https://encrypted-tbn0.gstatic.com/images?q=tbn:ANd9GcRJbgdnCJd9oRDyy9CMBnj98CnE0lSX26aVXP5jgWEmHP_OU3nCXtd-RQ",
    "thumbnailHeight": 108,
    "thumbnailWidth": 77
   }
  },
  {
   "kind": "customsearch#result",
   "title": "Zélia 10123 PRB (Vereadora) Adelândia - Guia Eleições 2016",
   "htmlTitle": "Zélia 10123 PRB (Vereadora) Adelândia - Guia Eleições 2016",
   "link": "https://gazetadopovo-candidatos-2016.s3.amazonaws.com/fotos/go/adelandia/david-do-mercado-45.jpg",
   "displayLink": "especiais.gazetadopovo.com.br",
   "snippet": "Zélia 10123 PRB (Vereadora) Adelândia - Guia Eleições 2016",
   "htmlSnippet": "Zélia 10123 PRB (Vereadora) Adelândia - Guia Eleições 2016",
   "mime": "image/jpeg",
   "image": {
    "contextLink": "https://especiais.gazetadopovo.com.br/eleicoes/2016/adelandia-go/vereador/zelia-10123/",
    "height": 225,
    "width": 161,
    "byteSize": 5636,
    "thumbnailLink": "https://encrypted-tbn0.gstatic.com/images?q=tbn:ANd9GcQO-O7qPShUvK_Hs-t7NS3z9LD2Z6eiY7GHNUOuF34Uhpoebb3yF6aFgcs",
    "thumbnailHeight": 108,
    "thumbnailWidth": 77
   }
  }
 ]
}
