{
 "kind": "customsearch#search",
 "url": {
  "type": "application/json",
  "template": "https://www.googleapis.com/customsearch/v1?q={searchTerms}&num={count?}&start={startIndex?}&lr={language?}&safe={safe?}&cx={cx?}&sort={sort?}&filter={filter?}&gl={gl?}&cr={cr?}&googlehost={googleHost?}&c2coff={disableCnTwTranslation?}&hq={hq?}&hl={hl?}&siteSearch={siteSearch?}&siteSearchFilter={siteSearchFilter?}&exactTerms={exactTerms?}&excludeTerms={excludeTerms?}&linkSite={linkSite?}&orTerms={orTerms?}&relatedSite={relatedSite?}&dateRestrict={dateRestrict?}&lowRange={lowRange?}&highRange={highRange?}&searchType={searchType}&fileType={fileType?}&rights={rights?}&imgSize={imgSize?}&imgType={imgType?}&imgColorType={imgColorType?}&imgDominantColor={imgDominantColor?}&alt=json"
 },
 "queries": {
  "request": [
   {
    "title": "Google Custom Search - \"ÉDER FERREIRA MARTINS\"",
    "totalResults": "2020",
    "searchTerms": "\"ÉDER FERREIRA MARTINS\"",
    "count": 10,
    "startIndex": 1,
    "inputEncoding": "utf8",
    "outputEncoding": "utf8",
    "safe": "off",
    "cx": "014097292584411445814:sh5uhwve2ei",
    "searchType": "image"
   }
  ],
  "nextPage": [
   {
    "title": "Google Custom Search - \"ÉDER FERREIRA MARTINS\"",
    "totalResults": "2020",
    "searchTerms": "\"ÉDER FERREIRA MARTINS\"",
    "count": 10,
    "startIndex": 11,
    "inputEncoding": "utf8",
    "outputEncoding": "utf8",
    "safe": "off",
    "cx": "014097292584411445814:sh5uhwve2ei",
    "searchType": "image"
   }
  ]
 },
 "context": {
  "title": "Eleitos"
 },
 "searchInformation": {
  "searchTime": 0.131164,
  "formattedSearchTime": "0.13",
  "totalResults": "2020",
  "formattedTotalResults": "2,020"
 },
 "items": [
  {
   "kind": "customsearch#result",
   "title": "Nome: Éder Ferreira Martins - Vereador Éder Martins (PTB) — Câmara ...",
   "htmlTitle": "Nome: \u003cb\u003eÉder Ferreira Martins\u003c/b\u003e - Vereador Éder Martins (PTB) — Câmara ...",
   "link": "http://www.abadiania.go.leg.br/processo-legislativo/parlamentares/Vereadores%202013%202016/IMG_1445.JPG/image_preview",
   "displayLink": "www.abadiania.go.leg.br",
   "snippet": "Nome: Éder Ferreira Martins - Vereador Éder Martins (PTB) — Câmara ...",
   "htmlSnippet": "Nome: \u003cb\u003eÉder Ferreira Martins\u003c/b\u003e - Vereador Éder Martins (PTB) — Câmara ...",
   "mime": "image/",
   "image": {
    "contextLink": "http://www.abadiania.go.leg.br/processo-legislativo/parlamentares/Vereadores%202013%202016/IMG_1445.JPG/view",
    "height": 400,
    "width": 266,
    "byteSize": 18776,
    "thumbnailLink": "https://encrypted-tbn0.gstatic.com/images?q=tbn:ANd9GcT3ffzCumrH37WOQwKrSN0O2TD2_riPcI3UVBAXAz5FDHIybXPXXDsF9g",
    "thumbnailHeight": 124,
    "thumbnailWidth": 82
   }
  },
  {
   "kind": "customsearch#result",
   "title": "Éder Martins 14000 PTB (Vereador) Abadiânia - Guia Eleições 2016",
   "htmlTitle": "Éder Martins 14000 PTB (Vereador) Abadiânia - Guia Eleições 2016",
   "link": "https://gazetadopovo-candidatos-2016.s3.amazonaws.com/fotos/go/abadiania/eder-martins-14000.jpg",
   "displayLink": "especiais.gazetadopovo.com.br",
   "snippet": "Éder Martins 14000 PTB (Vereador) Abadiânia - Guia Eleições 2016",
   "htmlSnippet": "Éder Martins 14000 PTB (Vereador) Abadiânia - Guia Eleições 2016",
   "mime": "image/jpeg",
   "image": {
    "contextLink": "https://especiais.gazetadopovo.com.br/eleicoes/2016/abadiania-go/vereador/eder-martins-14000/",
    "height": 225,
    "width": 161,
    "byteSize": 3938,
    "thumbnailLink": "https://encrypted-tbn0.gstatic.com/images?q=tbn:ANd9GcQOD73XkdI0aYyr_mN6tWUJoq0Vj4oRdwI1L9HZ5CiGwXBjjXqFYZB5T_Y",
    "thumbnailHeight": 108,
    "thumbnailWidth": 77
   }
  },
  {
   "kind": "customsearch#result",
   "title": "Cinco Delegados, seis Agentes e um Escrivão de Polícia de Polícia ...",
   "htmlTitle": "Cinco Delegados, seis Agentes e um Escrivão de Polícia de Polícia ...",
   "link": "https://www.policiacivil.go.gov.br/wp-content/uploads/2012/10/Marcos-Martins2.jpg",
   "displayLink": "www.policiacivil.go.gov.br",
   "snippet": "Cinco Delegados, seis Agentes e um Escrivão de Polícia de Polícia ...",
   "htmlSnippet": "Cinco Delegados, seis Agentes e um Escrivão de Polícia de Polícia ...",
   "mime": "image/jpeg",
   "image": {
    "contextLink": "https://www.policiacivil.go.gov.br/noticias/quatro-delegados-seis-agentes-e-um-escrivao-de-policia-de-policia-saem-vitoriosos-das-urnas-nas-ultimas-eleicoes.html",
    "height": 400,
    "width": 400,
    "byteSize": 157143,
    "thumbnailLink": "https://encrypted-tbn0.gstatic.com/images?q=tbn:ANd9GcSC5TJhkYOb7wbtB4hPOF8Zp_8gb1gHVzel3eSB5S3B0MYBFNFH_AFPRA",
    "thumbnailHeight": 124,
    "thumbnailWidth": 124
   }
  },
  {
   "kind": "customsearch#result",
   "title": "Câmara Municipal de Abadiânia - Accueil | Facebook",
   "htmlTitle": "Câmara Municipal de Abadiânia - Accueil | Facebook",
   "link": "https://lookaside.fbsbx.com/lookaside/crawler/media/?media_id=242537392862136",
   "displayLink": "fr-fr.facebook.com",
   "snippet": "Câmara Municipal de Abadiânia - Accueil | Facebook",
   "htmlSnippet": "Câmara Municipal de Abadiânia - Accueil | Facebook",
   "mime": "image/",
   "image": {
    "contextLink": "https://fr-fr.facebook.com/camaraabadiania/",
    "height": 600,
    "width": 600,
    "byteSize": 295187,
    "thumbnailLink": "https://encrypted-tbn0.gstatic.com/images?q=tbn:ANd9GcQWgFrlhz6aho-Bnp--XpYS4GT8dQvm9v821xb3UUZVwo24atzJoNqynspi1w",
    "thumbnailHeight": 135,
    "thumbnailWidth": 135
   }
  },
  {
   "kind": "customsearch#result",
   "title": "Éder Martins 14000 PTB (Vereador) Abadiânia - Guia Eleições 2016",
   "htmlTitle": "Éder Martins 14000 PTB (Vereador) Abadiânia - Guia Eleições 2016",
   "link": "https://gazetadopovo-candidatos-2016.s3.amazonaws.com/fotos/santinhos/go/abadiania/santinho-vereador-eder-martins-14000-abadiania-go.jpg",
   "displayLink": "especiais.gazetadopovo.com.br",
   "snippet": "Éder Martins 14000 PTB (Vereador) Abadiânia - Guia Eleições 2016",
   "htmlSnippet": "Éder Martins 14000 PTB (Vereador) Abadiânia - Guia Eleições 2016",
   "mime": "image/jpeg",
   "image": {
    "contextLink": "https://especiais.gazetadopovo.com.br/eleicoes/2016/abadiania-go/vereador/eder-martins-14000/",
    "height": 339,
    "width": 646,
    "byteSize": 18372,
    "thumbnailLink": "https://encrypted-tbn0.gstatic.com/images?q=tbn:ANd9GcQ4ia7Fr8Vl-AUj0kpAshSRHGdYXgKRZcAnzmDCSairw6NIEG9TS6R9Loec",
    "thumbnailHeight": 72,
    "thumbnailWidth": 137
   }
  },
  {
   "kind": "customsearch#result",
   "title": "Câmara Municipal faz homenagem a delegados — Câmara Municipal de ...",
   "htmlTitle": "Câmara Municipal faz homenagem a delegados — Câmara Municipal de ...",
   "link": "https://www.anapolis.go.leg.br/institucional/noticias/camara-municipal-faz-homenagens-a-delegados/@@images/628efca5-e140-4c19-9341-434552085f62.jpeg",
   "displayLink": "www.anapolis.go.leg.br",
   "snippet": "Câmara Municipal faz homenagem a delegados — Câmara Municipal de ...",
   "htmlSnippet": "Câmara Municipal faz homenagem a delegados — Câmara Municipal de ...",
   "mime": "image/jpeg",
   "image": {
    "contextLink": "https://www.anapolis.go.leg.br/institucional/noticias/camara-municipal-faz-homenagens-a-delegados",
    "height": 797,
    "width": 1200,
    "byteSize": 251858,
    "thumbnailLink": "https://encrypted-tbn0.gstatic.com/images?q=tbn:ANd9GcQUgCa2XnytL6M-UeQDnpQBkFpHCBkD2alw0_P7ZVcc7oPjYHAzn0Kvs9tf",
    "thumbnailHeight": 100,
    "thumbnailWidth": 150
   }
  },
  {
   "kind": "customsearch#result",
   "title": "Acusado de atear fogo em casal é preso pelo CAOP de Anápolis ...",
   "htmlTitle": "Acusado de atear fogo em casal é preso pelo CAOP de Anápolis ...",
   "link": "https://www.policiacivil.go.gov.br/wp-content/uploads/2015/09/bruno-almeida.jpg",
   "displayLink": "www.policiacivil.go.gov.br",
   "snippet": "Acusado de atear fogo em casal é preso pelo CAOP de Anápolis ...",
   "htmlSnippet": "Acusado de atear fogo em casal é preso pelo CAOP de Anápolis ...",
   "mime": "image/jpeg",
   "image": {
    "contextLink": "https://www.policiacivil.go.gov.br/ultimo-segundo/acusado-de-atear-fogo-em-casal-e-preso-pelo-caop-de-anapolis.html",
    "height": 465,
    "width": 620,
    "byteSize": 69322,
    "thumbnailLink": "https://encrypted-tbn0.gstatic.com/images?q=tbn:ANd9GcSVBp9oufA4b5Q_--1qtXBeCbk2tk7seyQP18Qi_4N-122lUxbcQyI6PrA",
    "thumbnailHeight": 102,
    "thumbnailWidth": 136
   }
  },
  {
   "kind": "customsearch#result",
   "title": "Éder Martins 14000 PTB (Vereador) Abadiânia - Guia Eleições 2016",
   "htmlTitle": "Éder Martins 14000 PTB (Vereador) Abadiânia - Guia Eleições 2016",
   "link": "https://gazetadopovo-candidatos-2016.s3.amazonaws.com/fotos/go/abadiania/nenem-trajano-14789.jpg",
   "displayLink": "especiais.gazetadopovo.com.br",
   "snippet": "Éder Martins 14000 PTB (Vereador) Abadiânia - Guia Eleições 2016",
   "htmlSnippet": "Éder Martins 14000 PTB (Vereador) Abadiânia - Guia Eleições 2016",
   "mime": "image/jpeg",
   "image": {
    "contextLink": "https://especiais.gazetadopovo.com.br/eleicoes/2016/abadiania-go/vereador/eder-martins-14000/",
    "height": 225,
    "width": 161,
    "byteSize": 4023,
    "thumbnailLink": "https://encrypted-tbn0.gstatic.com/images?q=tbn:ANd9GcQDTvkYbqMERLcduuPUbvtZE4n_2TvXDyraAZP82rS0nIHhojC-egVW2JY",
    "thumbnailHeight": 108,
    "thumbnailWidth": 77
   }
  },
  {
   "kind": "customsearch#result",
   "title": "Cinco Delegados, seis Agentes e um Escrivão de Polícia de Polícia ...",
   "htmlTitle": "Cinco Delegados, seis Agentes e um Escrivão de Polícia de Polícia ...",
   "link": "https://www.policiacivil.go.gov.br/wp-content/uploads/2012/10/cybelle2.jpg",
   "displayLink": "www.policiacivil.go.gov.br",
   "snippet": "Cinco Delegados, seis Agentes e um Escrivão de Polícia de Polícia ...",
   "htmlSnippet": "Cinco Delegados, seis Agentes e um Escrivão de Polícia de Polícia ...",
   "mime": "image/jpeg",
   "image": {
    "contextLink": "https://www.policiacivil.go.gov.br/noticias/quatro-delegados-seis-agentes-e-um-escrivao-de-policia-de-policia-saem-vitoriosos-das-urnas-nas-ultimas-eleicoes.html",
    "height": 350,
    "width": 400,
    "byteSize": 812291,
    "thumbnailLink": "https://encrypted-tbn0.gstatic.com/images?q=tbn:ANd9GcQda_nWt-A5Zg_-p6QNLU1e73P-HLJ6C5bx5Z6q8t5B22rf3sRAb70DiGM",
    "thumbnailHeight": 109,
    "thumbnailWidth": 124
   }
  },
  {
   "kind": "customsearch#result",
   "title": "TESTE SELETIVO SIMPLIFICADO – EDITAL 01/2013 - RESULTADO PROVA ESCRITA",
   "htmlTitle": "TESTE SELETIVO SIMPLIFICADO – EDITAL 01/2013 - RESULTADO PROVA ESCRITA",
   "link": "http://www.saltodoceu.mt.gov.br/uploads/publicacoes/fotos/341_1628431370633323.jpg",
   "displayLink": "www.saltodoceu.mt.gov.br",
   "snippet": "TESTE SELETIVO SIMPLIFICADO – EDITAL 01/2013 - RESULTADO PROVA ESCRITA",
   "htmlSnippet": "TESTE SELETIVO SIMPLIFICADO – EDITAL 01/2013 - RESULTADO PROVA ESCRITA",
   "mime": "image/jpeg",
   "image": {
    "contextLink": "http://www.saltodoceu.mt.gov.br/sic-servico-de-informacao-ao-cidadao/processos-seletivos/resultado-de-testes-seletivos/66/view/341",
    "height": 450,
    "width": 600,
    "byteSize": 53949,
    "thumbnailLink": "https://encrypted-tbn0.gstatic.com/images?q=tbn:ANd9GcQkDXVetbZ5yFgsn1UwIONnEbW7xOJdZs5OTTCst6Z7URhiEctsnAKm4pE",
    "thumbnailHeight": 101,
    "thumbnailWidth": 135
   }
  }
 ]
}
